10061,/tigress/DONIA/data/CRC_Yachida_2019/ADEN/10061/10061-spades-assembly/10061-scaffolds.fasta
10089,/tigress/DONIA/data/CRC_Yachida_2019/ADEN/10089/10089-spades-assembly/10089-scaffolds.fasta
10109,/tigress/DONIA/data/CRC_Yachida_2019/ADEN/10109/10109-spades-assembly/10109-scaffolds.fasta
10111,/tigress/DONIA/data/CRC_Yachida_2019/ADEN/10111/10111-spades-assembly/10111-scaffolds.fasta
10138,/tigress/DONIA/data/CRC_Yachida_2019/ADEN/10138/10138-spades-assembly/10138-scaffolds.fasta
10161,/tigress/DONIA/data/CRC_Yachida_2019/ADEN/10161/10161-spades-assembly/10161-scaffolds.fasta
10182,/tigress/DONIA/data/CRC_Yachida_2019/ADEN/10182/10182-spades-assembly/10182-scaffolds.fasta
10193,/tigress/DONIA/data/CRC_Yachida_2019/ADEN/10193/10193-spades-assembly/10193-scaffolds.fasta
10209,/tigress/DONIA/data/CRC_Yachida_2019/ADEN/10209/10209-spades-assembly/10209-scaffolds.fasta
10210,/tigress/DONIA/data/CRC_Yachida_2019/ADEN/10210/10210-spades-assembly/10210-scaffolds.fasta
10242,/tigress/DONIA/data/CRC_Yachida_2019/ADEN/10242/10242-spades-assembly/10242-scaffolds.fasta
10251,/tigress/DONIA/data/CRC_Yachida_2019/ADEN/10251/10251-spades-assembly/10251-scaffolds.fasta
10261,/tigress/DONIA/data/CRC_Yachida_2019/ADEN/10261/10261-spades-assembly/10261-scaffolds.fasta
10288,/tigress/DONIA/data/CRC_Yachida_2019/ADEN/10288/10288-spades-assembly/10288-scaffolds.fasta
10294,/tigress/DONIA/data/CRC_Yachida_2019/ADEN/10294/10294-spades-assembly/10294-scaffolds.fasta
10296,/tigress/DONIA/data/CRC_Yachida_2019/ADEN/10296/10296-spades-assembly/10296-scaffolds.fasta
10299,/tigress/DONIA/data/CRC_Yachida_2019/ADEN/10299/10299-spades-assembly/10299-scaffolds.fasta
10316,/tigress/DONIA/data/CRC_Yachida_2019/ADEN/10316/10316-spades-assembly/10316-scaffolds.fasta
10327,/tigress/DONIA/data/CRC_Yachida_2019/ADEN/10327/10327-spades-assembly/10327-scaffolds.fasta
10336,/tigress/DONIA/data/CRC_Yachida_2019/ADEN/10336/10336-spades-assembly/10336-scaffolds.fasta
10376,/tigress/DONIA/data/CRC_Yachida_2019/ADEN/10376/10376-spades-assembly/10376-scaffolds.fasta
10466,/tigress/DONIA/data/CRC_Yachida_2019/ADEN/10466/10466-spades-assembly/10466-scaffolds.fasta
10470,/tigress/DONIA/data/CRC_Yachida_2019/ADEN/10470/10470-spades-assembly/10470-scaffolds.fasta
10471,/tigress/DONIA/data/CRC_Yachida_2019/ADEN/10471/10471-spades-assembly/10471-scaffolds.fasta
10484,/tigress/DONIA/data/CRC_Yachida_2019/ADEN/10484/10484-spades-assembly/10484-scaffolds.fasta
10485,/tigress/DONIA/data/CRC_Yachida_2019/ADEN/10485/10485-spades-assembly/10485-scaffolds.fasta
10502,/tigress/DONIA/data/CRC_Yachida_2019/ADEN/10502/10502-spades-assembly/10502-scaffolds.fasta
10511,/tigress/DONIA/data/CRC_Yachida_2019/ADEN/10511/10511-spades-assembly/10511-scaffolds.fasta
10517,/tigress/DONIA/data/CRC_Yachida_2019/ADEN/10517/10517-spades-assembly/10517-scaffolds.fasta
10548,/tigress/DONIA/data/CRC_Yachida_2019/ADEN/10548/10548-spades-assembly/10548-scaffolds.fasta
10549,/tigress/DONIA/data/CRC_Yachida_2019/ADEN/10549/10549-spades-assembly/10549-scaffolds.fasta
10555,/tigress/DONIA/data/CRC_Yachida_2019/ADEN/10555/10555-spades-assembly/10555-scaffolds.fasta
10569,/tigress/DONIA/data/CRC_Yachida_2019/ADEN/10569/10569-spades-assembly/10569-scaffolds.fasta
10571,/tigress/DONIA/data/CRC_Yachida_2019/ADEN/10571/10571-spades-assembly/10571-scaffolds.fasta
10572,/tigress/DONIA/data/CRC_Yachida_2019/ADEN/10572/10572-spades-assembly/10572-scaffolds.fasta
10580,/tigress/DONIA/data/CRC_Yachida_2019/ADEN/10580/10580-spades-assembly/10580-scaffolds.fasta
10581,/tigress/DONIA/data/CRC_Yachida_2019/ADEN/10581/10581-spades-assembly/10581-scaffolds.fasta
10608,/tigress/DONIA/data/CRC_Yachida_2019/ADEN/10608/10608-spades-assembly/10608-scaffolds.fasta
10610,/tigress/DONIA/data/CRC_Yachida_2019/ADEN/10610/10610-spades-assembly/10610-scaffolds.fasta
10614,/tigress/DONIA/data/CRC_Yachida_2019/ADEN/10614/10614-spades-assembly/10614-scaffolds.fasta
10619,/tigress/DONIA/data/CRC_Yachida_2019/ADEN/10619/10619-spades-assembly/10619-scaffolds.fasta
10630,/tigress/DONIA/data/CRC_Yachida_2019/ADEN/10630/10630-spades-assembly/10630-scaffolds.fasta
10634,/tigress/DONIA/data/CRC_Yachida_2019/ADEN/10634/10634-spades-assembly/10634-scaffolds.fasta
10642,/tigress/DONIA/data/CRC_Yachida_2019/ADEN/10642/10642-spades-assembly/10642-scaffolds.fasta
10681,/tigress/DONIA/data/CRC_Yachida_2019/ADEN/10681/10681-spades-assembly/10681-scaffolds.fasta
10695,/tigress/DONIA/data/CRC_Yachida_2019/ADEN/10695/10695-spades-assembly/10695-scaffolds.fasta
10728,/tigress/DONIA/data/CRC_Yachida_2019/ADEN/10728/10728-spades-assembly/10728-scaffolds.fasta
10759,/tigress/DONIA/data/CRC_Yachida_2019/ADEN/10759/10759-spades-assembly/10759-scaffolds.fasta
10766,/tigress/DONIA/data/CRC_Yachida_2019/ADEN/10766/10766-spades-assembly/10766-scaffolds.fasta
10780,/tigress/DONIA/data/CRC_Yachida_2019/ADEN/10780/10780-spades-assembly/10780-scaffolds.fasta
10793,/tigress/DONIA/data/CRC_Yachida_2019/ADEN/10793/10793-spades-assembly/10793-scaffolds.fasta
10809,/tigress/DONIA/data/CRC_Yachida_2019/ADEN/10809/10809-spades-assembly/10809-scaffolds.fasta
10811,/tigress/DONIA/data/CRC_Yachida_2019/ADEN/10811/10811-spades-assembly/10811-scaffolds.fasta
10825,/tigress/DONIA/data/CRC_Yachida_2019/ADEN/10825/10825-spades-assembly/10825-scaffolds.fasta
10831,/tigress/DONIA/data/CRC_Yachida_2019/ADEN/10831/10831-spades-assembly/10831-scaffolds.fasta
11253,/tigress/DONIA/data/CRC_Yachida_2019/ADEN/11253/11253-spades-assembly/11253-scaffolds.fasta
11315,/tigress/DONIA/data/CRC_Yachida_2019/ADEN/11315/11315-spades-assembly/11315-scaffolds.fasta
11407,/tigress/DONIA/data/CRC_Yachida_2019/ADEN/11407/11407-spades-assembly/11407-scaffolds.fasta
11457,/tigress/DONIA/data/CRC_Yachida_2019/ADEN/11457/11457-spades-assembly/11457-scaffolds.fasta
11458,/tigress/DONIA/data/CRC_Yachida_2019/ADEN/11458/11458-spades-assembly/11458-scaffolds.fasta
11461,/tigress/DONIA/data/CRC_Yachida_2019/ADEN/11461/11461-spades-assembly/11461-scaffolds.fasta
11462,/tigress/DONIA/data/CRC_Yachida_2019/ADEN/11462/11462-spades-assembly/11462-scaffolds.fasta
11502,/tigress/DONIA/data/CRC_Yachida_2019/ADEN/11502/11502-spades-assembly/11502-scaffolds.fasta
11508,/tigress/DONIA/data/CRC_Yachida_2019/ADEN/11508/11508-spades-assembly/11508-scaffolds.fasta
11511,/tigress/DONIA/data/CRC_Yachida_2019/ADEN/11511/11511-spades-assembly/11511-scaffolds.fasta
11518,/tigress/DONIA/data/CRC_Yachida_2019/ADEN/11518/11518-spades-assembly/11518-scaffolds.fasta
11667,/tigress/DONIA/data/CRC_Yachida_2019/ADEN/11667/11667-spades-assembly/11667-scaffolds.fasta
10021,/tigress/DONIA/data/CRC_Yachida_2019/CRC/10021/10021-spades-assembly/10021-scaffolds.fasta
10030,/tigress/DONIA/data/CRC_Yachida_2019/CRC/10030/10030-spades-assembly/10030-scaffolds.fasta
10033,/tigress/DONIA/data/CRC_Yachida_2019/CRC/10033/10033-spades-assembly/10033-scaffolds.fasta
10047,/tigress/DONIA/data/CRC_Yachida_2019/CRC/10047/10047-spades-assembly/10047-scaffolds.fasta
10055,/tigress/DONIA/data/CRC_Yachida_2019/CRC/10055/10055-spades-assembly/10055-scaffolds.fasta
10059,/tigress/DONIA/data/CRC_Yachida_2019/CRC/10059/10059-spades-assembly/10059-scaffolds.fasta
10067,/tigress/DONIA/data/CRC_Yachida_2019/CRC/10067/10067-spades-assembly/10067-scaffolds.fasta
10073,/tigress/DONIA/data/CRC_Yachida_2019/CRC/10073/10073-spades-assembly/10073-scaffolds.fasta
10074,/tigress/DONIA/data/CRC_Yachida_2019/CRC/10074/10074-spades-assembly/10074-scaffolds.fasta
10081,/tigress/DONIA/data/CRC_Yachida_2019/CRC/10081/10081-spades-assembly/10081-scaffolds.fasta
10091,/tigress/DONIA/data/CRC_Yachida_2019/CRC/10091/10091-spades-assembly/10091-scaffolds.fasta
10097,/tigress/DONIA/data/CRC_Yachida_2019/CRC/10097/10097-spades-assembly/10097-scaffolds.fasta
10099,/tigress/DONIA/data/CRC_Yachida_2019/CRC/10099/10099-spades-assembly/10099-scaffolds.fasta
10103,/tigress/DONIA/data/CRC_Yachida_2019/CRC/10103/10103-spades-assembly/10103-scaffolds.fasta
10118,/tigress/DONIA/data/CRC_Yachida_2019/CRC/10118/10118-spades-assembly/10118-scaffolds.fasta
10119,/tigress/DONIA/data/CRC_Yachida_2019/CRC/10119/10119-spades-assembly/10119-scaffolds.fasta
10124,/tigress/DONIA/data/CRC_Yachida_2019/CRC/10124/10124-spades-assembly/10124-scaffolds.fasta
10126,/tigress/DONIA/data/CRC_Yachida_2019/CRC/10126/10126-spades-assembly/10126-scaffolds.fasta
10134,/tigress/DONIA/data/CRC_Yachida_2019/CRC/10134/10134-spades-assembly/10134-scaffolds.fasta
10140,/tigress/DONIA/data/CRC_Yachida_2019/CRC/10140/10140-spades-assembly/10140-scaffolds.fasta
10147,/tigress/DONIA/data/CRC_Yachida_2019/CRC/10147/10147-spades-assembly/10147-scaffolds.fasta
10152,/tigress/DONIA/data/CRC_Yachida_2019/CRC/10152/10152-spades-assembly/10152-scaffolds.fasta
10154,/tigress/DONIA/data/CRC_Yachida_2019/CRC/10154/10154-spades-assembly/10154-scaffolds.fasta
10165,/tigress/DONIA/data/CRC_Yachida_2019/CRC/10165/10165-spades-assembly/10165-scaffolds.fasta
10168,/tigress/DONIA/data/CRC_Yachida_2019/CRC/10168/10168-spades-assembly/10168-scaffolds.fasta
10171,/tigress/DONIA/data/CRC_Yachida_2019/CRC/10171/10171-spades-assembly/10171-scaffolds.fasta
10177,/tigress/DONIA/data/CRC_Yachida_2019/CRC/10177/10177-spades-assembly/10177-scaffolds.fasta
10178,/tigress/DONIA/data/CRC_Yachida_2019/CRC/10178/10178-spades-assembly/10178-scaffolds.fasta
10185,/tigress/DONIA/data/CRC_Yachida_2019/CRC/10185/10185-spades-assembly/10185-scaffolds.fasta
10191,/tigress/DONIA/data/CRC_Yachida_2019/CRC/10191/10191-spades-assembly/10191-scaffolds.fasta
10195,/tigress/DONIA/data/CRC_Yachida_2019/CRC/10195/10195-spades-assembly/10195-scaffolds.fasta
10198,/tigress/DONIA/data/CRC_Yachida_2019/CRC/10198/10198-spades-assembly/10198-scaffolds.fasta
10199,/tigress/DONIA/data/CRC_Yachida_2019/CRC/10199/10199-spades-assembly/10199-scaffolds.fasta
10201,/tigress/DONIA/data/CRC_Yachida_2019/CRC/10201/10201-spades-assembly/10201-scaffolds.fasta
10203,/tigress/DONIA/data/CRC_Yachida_2019/CRC/10203/10203-spades-assembly/10203-scaffolds.fasta
10213,/tigress/DONIA/data/CRC_Yachida_2019/CRC/10213/10213-spades-assembly/10213-scaffolds.fasta
10232,/tigress/DONIA/data/CRC_Yachida_2019/CRC/10232/10232-spades-assembly/10232-scaffolds.fasta
10236,/tigress/DONIA/data/CRC_Yachida_2019/CRC/10236/10236-spades-assembly/10236-scaffolds.fasta
10237,/tigress/DONIA/data/CRC_Yachida_2019/CRC/10237/10237-spades-assembly/10237-scaffolds.fasta
10238,/tigress/DONIA/data/CRC_Yachida_2019/CRC/10238/10238-spades-assembly/10238-scaffolds.fasta
10248,/tigress/DONIA/data/CRC_Yachida_2019/CRC/10248/10248-spades-assembly/10248-scaffolds.fasta
10249,/tigress/DONIA/data/CRC_Yachida_2019/CRC/10249/10249-spades-assembly/10249-scaffolds.fasta
10260,/tigress/DONIA/data/CRC_Yachida_2019/CRC/10260/10260-spades-assembly/10260-scaffolds.fasta
10265,/tigress/DONIA/data/CRC_Yachida_2019/CRC/10265/10265-spades-assembly/10265-scaffolds.fasta
10266,/tigress/DONIA/data/CRC_Yachida_2019/CRC/10266/10266-spades-assembly/10266-scaffolds.fasta
10267,/tigress/DONIA/data/CRC_Yachida_2019/CRC/10267/10267-spades-assembly/10267-scaffolds.fasta
10277,/tigress/DONIA/data/CRC_Yachida_2019/CRC/10277/10277-spades-assembly/10277-scaffolds.fasta
10284,/tigress/DONIA/data/CRC_Yachida_2019/CRC/10284/10284-spades-assembly/10284-scaffolds.fasta
10303,/tigress/DONIA/data/CRC_Yachida_2019/CRC/10303/10303-spades-assembly/10303-scaffolds.fasta
10306,/tigress/DONIA/data/CRC_Yachida_2019/CRC/10306/10306-spades-assembly/10306-scaffolds.fasta
10307,/tigress/DONIA/data/CRC_Yachida_2019/CRC/10307/10307-spades-assembly/10307-scaffolds.fasta
10308,/tigress/DONIA/data/CRC_Yachida_2019/CRC/10308/10308-spades-assembly/10308-scaffolds.fasta
10309,/tigress/DONIA/data/CRC_Yachida_2019/CRC/10309/10309-spades-assembly/10309-scaffolds.fasta
10322,/tigress/DONIA/data/CRC_Yachida_2019/CRC/10322/10322-spades-assembly/10322-scaffolds.fasta
10323,/tigress/DONIA/data/CRC_Yachida_2019/CRC/10323/10323-spades-assembly/10323-scaffolds.fasta
10324,/tigress/DONIA/data/CRC_Yachida_2019/CRC/10324/10324-spades-assembly/10324-scaffolds.fasta
10330,/tigress/DONIA/data/CRC_Yachida_2019/CRC/10330/10330-spades-assembly/10330-scaffolds.fasta
10332,/tigress/DONIA/data/CRC_Yachida_2019/CRC/10332/10332-spades-assembly/10332-scaffolds.fasta
10333,/tigress/DONIA/data/CRC_Yachida_2019/CRC/10333/10333-spades-assembly/10333-scaffolds.fasta
10334,/tigress/DONIA/data/CRC_Yachida_2019/CRC/10334/10334-spades-assembly/10334-scaffolds.fasta
10338,/tigress/DONIA/data/CRC_Yachida_2019/CRC/10338/10338-spades-assembly/10338-scaffolds.fasta
10345,/tigress/DONIA/data/CRC_Yachida_2019/CRC/10345/10345-spades-assembly/10345-scaffolds.fasta
10358,/tigress/DONIA/data/CRC_Yachida_2019/CRC/10358/10358-spades-assembly/10358-scaffolds.fasta
10366,/tigress/DONIA/data/CRC_Yachida_2019/CRC/10366/10366-spades-assembly/10366-scaffolds.fasta
10367,/tigress/DONIA/data/CRC_Yachida_2019/CRC/10367/10367-spades-assembly/10367-scaffolds.fasta
10371,/tigress/DONIA/data/CRC_Yachida_2019/CRC/10371/10371-spades-assembly/10371-scaffolds.fasta
10377,/tigress/DONIA/data/CRC_Yachida_2019/CRC/10377/10377-spades-assembly/10377-scaffolds.fasta
10380,/tigress/DONIA/data/CRC_Yachida_2019/CRC/10380/10380-spades-assembly/10380-scaffolds.fasta
10385,/tigress/DONIA/data/CRC_Yachida_2019/CRC/10385/10385-spades-assembly/10385-scaffolds.fasta
10389,/tigress/DONIA/data/CRC_Yachida_2019/CRC/10389/10389-spades-assembly/10389-scaffolds.fasta
10459,/tigress/DONIA/data/CRC_Yachida_2019/CRC/10459/10459-spades-assembly/10459-scaffolds.fasta
10461,/tigress/DONIA/data/CRC_Yachida_2019/CRC/10461/10461-spades-assembly/10461-scaffolds.fasta
10462,/tigress/DONIA/data/CRC_Yachida_2019/CRC/10462/10462-spades-assembly/10462-scaffolds.fasta
10464,/tigress/DONIA/data/CRC_Yachida_2019/CRC/10464/10464-spades-assembly/10464-scaffolds.fasta
10468,/tigress/DONIA/data/CRC_Yachida_2019/CRC/10468/10468-spades-assembly/10468-scaffolds.fasta
10469,/tigress/DONIA/data/CRC_Yachida_2019/CRC/10469/10469-spades-assembly/10469-scaffolds.fasta
10476,/tigress/DONIA/data/CRC_Yachida_2019/CRC/10476/10476-spades-assembly/10476-scaffolds.fasta
10480,/tigress/DONIA/data/CRC_Yachida_2019/CRC/10480/10480-spades-assembly/10480-scaffolds.fasta
10483,/tigress/DONIA/data/CRC_Yachida_2019/CRC/10483/10483-spades-assembly/10483-scaffolds.fasta
10492,/tigress/DONIA/data/CRC_Yachida_2019/CRC/10492/10492-spades-assembly/10492-scaffolds.fasta
10503,/tigress/DONIA/data/CRC_Yachida_2019/CRC/10503/10503-spades-assembly/10503-scaffolds.fasta
10505,/tigress/DONIA/data/CRC_Yachida_2019/CRC/10505/10505-spades-assembly/10505-scaffolds.fasta
10513,/tigress/DONIA/data/CRC_Yachida_2019/CRC/10513/10513-spades-assembly/10513-scaffolds.fasta
10514,/tigress/DONIA/data/CRC_Yachida_2019/CRC/10514/10514-spades-assembly/10514-scaffolds.fasta
10523,/tigress/DONIA/data/CRC_Yachida_2019/CRC/10523/10523-spades-assembly/10523-scaffolds.fasta
10525,/tigress/DONIA/data/CRC_Yachida_2019/CRC/10525/10525-spades-assembly/10525-scaffolds.fasta
10527,/tigress/DONIA/data/CRC_Yachida_2019/CRC/10527/10527-spades-assembly/10527-scaffolds.fasta
10532,/tigress/DONIA/data/CRC_Yachida_2019/CRC/10532/10532-spades-assembly/10532-scaffolds.fasta
10542,/tigress/DONIA/data/CRC_Yachida_2019/CRC/10542/10542-spades-assembly/10542-scaffolds.fasta
10544,/tigress/DONIA/data/CRC_Yachida_2019/CRC/10544/10544-spades-assembly/10544-scaffolds.fasta
10545,/tigress/DONIA/data/CRC_Yachida_2019/CRC/10545/10545-spades-assembly/10545-scaffolds.fasta
10550,/tigress/DONIA/data/CRC_Yachida_2019/CRC/10550/10550-spades-assembly/10550-scaffolds.fasta
10556,/tigress/DONIA/data/CRC_Yachida_2019/CRC/10556/10556-spades-assembly/10556-scaffolds.fasta
10565,/tigress/DONIA/data/CRC_Yachida_2019/CRC/10565/10565-spades-assembly/10565-scaffolds.fasta
10566,/tigress/DONIA/data/CRC_Yachida_2019/CRC/10566/10566-spades-assembly/10566-scaffolds.fasta
10568,/tigress/DONIA/data/CRC_Yachida_2019/CRC/10568/10568-spades-assembly/10568-scaffolds.fasta
10576,/tigress/DONIA/data/CRC_Yachida_2019/CRC/10576/10576-spades-assembly/10576-scaffolds.fasta
10578,/tigress/DONIA/data/CRC_Yachida_2019/CRC/10578/10578-spades-assembly/10578-scaffolds.fasta
10579,/tigress/DONIA/data/CRC_Yachida_2019/CRC/10579/10579-spades-assembly/10579-scaffolds.fasta
10582,/tigress/DONIA/data/CRC_Yachida_2019/CRC/10582/10582-spades-assembly/10582-scaffolds.fasta
10584,/tigress/DONIA/data/CRC_Yachida_2019/CRC/10584/10584-spades-assembly/10584-scaffolds.fasta
10595,/tigress/DONIA/data/CRC_Yachida_2019/CRC/10595/10595-spades-assembly/10595-scaffolds.fasta
10596,/tigress/DONIA/data/CRC_Yachida_2019/CRC/10596/10596-spades-assembly/10596-scaffolds.fasta
10598,/tigress/DONIA/data/CRC_Yachida_2019/CRC/10598/10598-spades-assembly/10598-scaffolds.fasta
10601,/tigress/DONIA/data/CRC_Yachida_2019/CRC/10601/10601-spades-assembly/10601-scaffolds.fasta
10603,/tigress/DONIA/data/CRC_Yachida_2019/CRC/10603/10603-spades-assembly/10603-scaffolds.fasta
10604,/tigress/DONIA/data/CRC_Yachida_2019/CRC/10604/10604-spades-assembly/10604-scaffolds.fasta
10609,/tigress/DONIA/data/CRC_Yachida_2019/CRC/10609/10609-spades-assembly/10609-scaffolds.fasta
10615,/tigress/DONIA/data/CRC_Yachida_2019/CRC/10615/10615-spades-assembly/10615-scaffolds.fasta
10616,/tigress/DONIA/data/CRC_Yachida_2019/CRC/10616/10616-spades-assembly/10616-scaffolds.fasta
10628,/tigress/DONIA/data/CRC_Yachida_2019/CRC/10628/10628-spades-assembly/10628-scaffolds.fasta
10635,/tigress/DONIA/data/CRC_Yachida_2019/CRC/10635/10635-spades-assembly/10635-scaffolds.fasta
10644,/tigress/DONIA/data/CRC_Yachida_2019/CRC/10644/10644-spades-assembly/10644-scaffolds.fasta
10645,/tigress/DONIA/data/CRC_Yachida_2019/CRC/10645/10645-spades-assembly/10645-scaffolds.fasta
10646,/tigress/DONIA/data/CRC_Yachida_2019/CRC/10646/10646-spades-assembly/10646-scaffolds.fasta
10648,/tigress/DONIA/data/CRC_Yachida_2019/CRC/10648/10648-spades-assembly/10648-scaffolds.fasta
10656,/tigress/DONIA/data/CRC_Yachida_2019/CRC/10656/10656-spades-assembly/10656-scaffolds.fasta
10660,/tigress/DONIA/data/CRC_Yachida_2019/CRC/10660/10660-spades-assembly/10660-scaffolds.fasta
10665,/tigress/DONIA/data/CRC_Yachida_2019/CRC/10665/10665-spades-assembly/10665-scaffolds.fasta
10667,/tigress/DONIA/data/CRC_Yachida_2019/CRC/10667/10667-spades-assembly/10667-scaffolds.fasta
10668,/tigress/DONIA/data/CRC_Yachida_2019/CRC/10668/10668-spades-assembly/10668-scaffolds.fasta
10670,/tigress/DONIA/data/CRC_Yachida_2019/CRC/10670/10670-spades-assembly/10670-scaffolds.fasta
10671,/tigress/DONIA/data/CRC_Yachida_2019/CRC/10671/10671-spades-assembly/10671-scaffolds.fasta
10674,/tigress/DONIA/data/CRC_Yachida_2019/CRC/10674/10674-spades-assembly/10674-scaffolds.fasta
10675,/tigress/DONIA/data/CRC_Yachida_2019/CRC/10675/10675-spades-assembly/10675-scaffolds.fasta
10694,/tigress/DONIA/data/CRC_Yachida_2019/CRC/10694/10694-spades-assembly/10694-scaffolds.fasta
10697,/tigress/DONIA/data/CRC_Yachida_2019/CRC/10697/10697-spades-assembly/10697-scaffolds.fasta
10700,/tigress/DONIA/data/CRC_Yachida_2019/CRC/10700/10700-spades-assembly/10700-scaffolds.fasta
10709,/tigress/DONIA/data/CRC_Yachida_2019/CRC/10709/10709-spades-assembly/10709-scaffolds.fasta
10713,/tigress/DONIA/data/CRC_Yachida_2019/CRC/10713/10713-spades-assembly/10713-scaffolds.fasta
10714,/tigress/DONIA/data/CRC_Yachida_2019/CRC/10714/10714-spades-assembly/10714-scaffolds.fasta
10715,/tigress/DONIA/data/CRC_Yachida_2019/CRC/10715/10715-spades-assembly/10715-scaffolds.fasta
10717,/tigress/DONIA/data/CRC_Yachida_2019/CRC/10717/10717-spades-assembly/10717-scaffolds.fasta
10718,/tigress/DONIA/data/CRC_Yachida_2019/CRC/10718/10718-spades-assembly/10718-scaffolds.fasta
10720,/tigress/DONIA/data/CRC_Yachida_2019/CRC/10720/10720-spades-assembly/10720-scaffolds.fasta
10722,/tigress/DONIA/data/CRC_Yachida_2019/CRC/10722/10722-spades-assembly/10722-scaffolds.fasta
10723,/tigress/DONIA/data/CRC_Yachida_2019/CRC/10723/10723-spades-assembly/10723-scaffolds.fasta
10725,/tigress/DONIA/data/CRC_Yachida_2019/CRC/10725/10725-spades-assembly/10725-scaffolds.fasta
10731,/tigress/DONIA/data/CRC_Yachida_2019/CRC/10731/10731-spades-assembly/10731-scaffolds.fasta
10745,/tigress/DONIA/data/CRC_Yachida_2019/CRC/10745/10745-spades-assembly/10745-scaffolds.fasta
10747,/tigress/DONIA/data/CRC_Yachida_2019/CRC/10747/10747-spades-assembly/10747-scaffolds.fasta
10749,/tigress/DONIA/data/CRC_Yachida_2019/CRC/10749/10749-spades-assembly/10749-scaffolds.fasta
10754,/tigress/DONIA/data/CRC_Yachida_2019/CRC/10754/10754-spades-assembly/10754-scaffolds.fasta
10756,/tigress/DONIA/data/CRC_Yachida_2019/CRC/10756/10756-spades-assembly/10756-scaffolds.fasta
10760,/tigress/DONIA/data/CRC_Yachida_2019/CRC/10760/10760-spades-assembly/10760-scaffolds.fasta
10761,/tigress/DONIA/data/CRC_Yachida_2019/CRC/10761/10761-spades-assembly/10761-scaffolds.fasta
10762,/tigress/DONIA/data/CRC_Yachida_2019/CRC/10762/10762-spades-assembly/10762-scaffolds.fasta
10765,/tigress/DONIA/data/CRC_Yachida_2019/CRC/10765/10765-spades-assembly/10765-scaffolds.fasta
10767,/tigress/DONIA/data/CRC_Yachida_2019/CRC/10767/10767-spades-assembly/10767-scaffolds.fasta
10772,/tigress/DONIA/data/CRC_Yachida_2019/CRC/10772/10772-spades-assembly/10772-scaffolds.fasta
10774,/tigress/DONIA/data/CRC_Yachida_2019/CRC/10774/10774-spades-assembly/10774-scaffolds.fasta
10775,/tigress/DONIA/data/CRC_Yachida_2019/CRC/10775/10775-spades-assembly/10775-scaffolds.fasta
10785,/tigress/DONIA/data/CRC_Yachida_2019/CRC/10785/10785-spades-assembly/10785-scaffolds.fasta
10812,/tigress/DONIA/data/CRC_Yachida_2019/CRC/10812/10812-spades-assembly/10812-scaffolds.fasta
10813,/tigress/DONIA/data/CRC_Yachida_2019/CRC/10813/10813-spades-assembly/10813-scaffolds.fasta
10814,/tigress/DONIA/data/CRC_Yachida_2019/CRC/10814/10814-spades-assembly/10814-scaffolds.fasta
10816,/tigress/DONIA/data/CRC_Yachida_2019/CRC/10816/10816-spades-assembly/10816-scaffolds.fasta
10818,/tigress/DONIA/data/CRC_Yachida_2019/CRC/10818/10818-spades-assembly/10818-scaffolds.fasta
10819,/tigress/DONIA/data/CRC_Yachida_2019/CRC/10819/10819-spades-assembly/10819-scaffolds.fasta
10827,/tigress/DONIA/data/CRC_Yachida_2019/CRC/10827/10827-spades-assembly/10827-scaffolds.fasta
10829,/tigress/DONIA/data/CRC_Yachida_2019/CRC/10829/10829-spades-assembly/10829-scaffolds.fasta
10839,/tigress/DONIA/data/CRC_Yachida_2019/CRC/10839/10839-spades-assembly/10839-scaffolds.fasta
10847,/tigress/DONIA/data/CRC_Yachida_2019/CRC/10847/10847-spades-assembly/10847-scaffolds.fasta
10853,/tigress/DONIA/data/CRC_Yachida_2019/CRC/10853/10853-spades-assembly/10853-scaffolds.fasta
10860,/tigress/DONIA/data/CRC_Yachida_2019/CRC/10860/10860-spades-assembly/10860-scaffolds.fasta
10866,/tigress/DONIA/data/CRC_Yachida_2019/CRC/10866/10866-spades-assembly/10866-scaffolds.fasta
10880,/tigress/DONIA/data/CRC_Yachida_2019/CRC/10880/10880-spades-assembly/10880-scaffolds.fasta
10887,/tigress/DONIA/data/CRC_Yachida_2019/CRC/10887/10887-spades-assembly/10887-scaffolds.fasta
10888,/tigress/DONIA/data/CRC_Yachida_2019/CRC/10888/10888-spades-assembly/10888-scaffolds.fasta
10911,/tigress/DONIA/data/CRC_Yachida_2019/CRC/10911/10911-spades-assembly/10911-scaffolds.fasta
10931,/tigress/DONIA/data/CRC_Yachida_2019/CRC/10931/10931-spades-assembly/10931-scaffolds.fasta
10934,/tigress/DONIA/data/CRC_Yachida_2019/CRC/10934/10934-spades-assembly/10934-scaffolds.fasta
10935,/tigress/DONIA/data/CRC_Yachida_2019/CRC/10935/10935-spades-assembly/10935-scaffolds.fasta
10938,/tigress/DONIA/data/CRC_Yachida_2019/CRC/10938/10938-spades-assembly/10938-scaffolds.fasta
10967,/tigress/DONIA/data/CRC_Yachida_2019/CRC/10967/10967-spades-assembly/10967-scaffolds.fasta
10975,/tigress/DONIA/data/CRC_Yachida_2019/CRC/10975/10975-spades-assembly/10975-scaffolds.fasta
10980,/tigress/DONIA/data/CRC_Yachida_2019/CRC/10980/10980-spades-assembly/10980-scaffolds.fasta
10989,/tigress/DONIA/data/CRC_Yachida_2019/CRC/10989/10989-spades-assembly/10989-scaffolds.fasta
10992,/tigress/DONIA/data/CRC_Yachida_2019/CRC/10992/10992-spades-assembly/10992-scaffolds.fasta
11006,/tigress/DONIA/data/CRC_Yachida_2019/CRC/11006/11006-spades-assembly/11006-scaffolds.fasta
11008,/tigress/DONIA/data/CRC_Yachida_2019/CRC/11008/11008-spades-assembly/11008-scaffolds.fasta
11010,/tigress/DONIA/data/CRC_Yachida_2019/CRC/11010/11010-spades-assembly/11010-scaffolds.fasta
11011,/tigress/DONIA/data/CRC_Yachida_2019/CRC/11011/11011-spades-assembly/11011-scaffolds.fasta
11029,/tigress/DONIA/data/CRC_Yachida_2019/CRC/11029/11029-spades-assembly/11029-scaffolds.fasta
11030,/tigress/DONIA/data/CRC_Yachida_2019/CRC/11030/11030-spades-assembly/11030-scaffolds.fasta
11036,/tigress/DONIA/data/CRC_Yachida_2019/CRC/11036/11036-spades-assembly/11036-scaffolds.fasta
11045,/tigress/DONIA/data/CRC_Yachida_2019/CRC/11045/11045-spades-assembly/11045-scaffolds.fasta
11048,/tigress/DONIA/data/CRC_Yachida_2019/CRC/11048/11048-spades-assembly/11048-scaffolds.fasta
11054,/tigress/DONIA/data/CRC_Yachida_2019/CRC/11054/11054-spades-assembly/11054-scaffolds.fasta
11081,/tigress/DONIA/data/CRC_Yachida_2019/CRC/11081/11081-spades-assembly/11081-scaffolds.fasta
11085,/tigress/DONIA/data/CRC_Yachida_2019/CRC/11085/11085-spades-assembly/11085-scaffolds.fasta
11097,/tigress/DONIA/data/CRC_Yachida_2019/CRC/11097/11097-spades-assembly/11097-scaffolds.fasta
11103,/tigress/DONIA/data/CRC_Yachida_2019/CRC/11103/11103-spades-assembly/11103-scaffolds.fasta
11110,/tigress/DONIA/data/CRC_Yachida_2019/CRC/11110/11110-spades-assembly/11110-scaffolds.fasta
11121,/tigress/DONIA/data/CRC_Yachida_2019/CRC/11121/11121-spades-assembly/11121-scaffolds.fasta
11128,/tigress/DONIA/data/CRC_Yachida_2019/CRC/11128/11128-spades-assembly/11128-scaffolds.fasta
11132,/tigress/DONIA/data/CRC_Yachida_2019/CRC/11132/11132-spades-assembly/11132-scaffolds.fasta
11141,/tigress/DONIA/data/CRC_Yachida_2019/CRC/11141/11141-spades-assembly/11141-scaffolds.fasta
11151,/tigress/DONIA/data/CRC_Yachida_2019/CRC/11151/11151-spades-assembly/11151-scaffolds.fasta
11162,/tigress/DONIA/data/CRC_Yachida_2019/CRC/11162/11162-spades-assembly/11162-scaffolds.fasta
11224,/tigress/DONIA/data/CRC_Yachida_2019/CRC/11224/11224-spades-assembly/11224-scaffolds.fasta
11237,/tigress/DONIA/data/CRC_Yachida_2019/CRC/11237/11237-spades-assembly/11237-scaffolds.fasta
11238,/tigress/DONIA/data/CRC_Yachida_2019/CRC/11238/11238-spades-assembly/11238-scaffolds.fasta
11241,/tigress/DONIA/data/CRC_Yachida_2019/CRC/11241/11241-spades-assembly/11241-scaffolds.fasta
11281,/tigress/DONIA/data/CRC_Yachida_2019/CRC/11281/11281-spades-assembly/11281-scaffolds.fasta
11417,/tigress/DONIA/data/CRC_Yachida_2019/CRC/11417/11417-spades-assembly/11417-scaffolds.fasta
11423,/tigress/DONIA/data/CRC_Yachida_2019/CRC/11423/11423-spades-assembly/11423-scaffolds.fasta
11428,/tigress/DONIA/data/CRC_Yachida_2019/CRC/11428/11428-spades-assembly/11428-scaffolds.fasta
11433,/tigress/DONIA/data/CRC_Yachida_2019/CRC/11433/11433-spades-assembly/11433-scaffolds.fasta
11438,/tigress/DONIA/data/CRC_Yachida_2019/CRC/11438/11438-spades-assembly/11438-scaffolds.fasta
11445,/tigress/DONIA/data/CRC_Yachida_2019/CRC/11445/11445-spades-assembly/11445-scaffolds.fasta
11453,/tigress/DONIA/data/CRC_Yachida_2019/CRC/11453/11453-spades-assembly/11453-scaffolds.fasta
11472,/tigress/DONIA/data/CRC_Yachida_2019/CRC/11472/11472-spades-assembly/11472-scaffolds.fasta
11478,/tigress/DONIA/data/CRC_Yachida_2019/CRC/11478/11478-spades-assembly/11478-scaffolds.fasta
11490,/tigress/DONIA/data/CRC_Yachida_2019/CRC/11490/11490-spades-assembly/11490-scaffolds.fasta
11498,/tigress/DONIA/data/CRC_Yachida_2019/CRC/11498/11498-spades-assembly/11498-scaffolds.fasta
11510,/tigress/DONIA/data/CRC_Yachida_2019/CRC/11510/11510-spades-assembly/11510-scaffolds.fasta
11512,/tigress/DONIA/data/CRC_Yachida_2019/CRC/11512/11512-spades-assembly/11512-scaffolds.fasta
11817,/tigress/DONIA/data/CRC_Yachida_2019/CRC/11817/11817-spades-assembly/11817-scaffolds.fasta
11819,/tigress/DONIA/data/CRC_Yachida_2019/CRC/11819/11819-spades-assembly/11819-scaffolds.fasta
11820,/tigress/DONIA/data/CRC_Yachida_2019/CRC/11820/11820-spades-assembly/11820-scaffolds.fasta
11823,/tigress/DONIA/data/CRC_Yachida_2019/CRC/11823/11823-spades-assembly/11823-scaffolds.fasta
11826,/tigress/DONIA/data/CRC_Yachida_2019/CRC/11826/11826-spades-assembly/11826-scaffolds.fasta
11829,/tigress/DONIA/data/CRC_Yachida_2019/CRC/11829/11829-spades-assembly/11829-scaffolds.fasta
11831,/tigress/DONIA/data/CRC_Yachida_2019/CRC/11831/11831-spades-assembly/11831-scaffolds.fasta
11835,/tigress/DONIA/data/CRC_Yachida_2019/CRC/11835/11835-spades-assembly/11835-scaffolds.fasta
11836,/tigress/DONIA/data/CRC_Yachida_2019/CRC/11836/11836-spades-assembly/11836-scaffolds.fasta
11838,/tigress/DONIA/data/CRC_Yachida_2019/CRC/11838/11838-spades-assembly/11838-scaffolds.fasta
11851,/tigress/DONIA/data/CRC_Yachida_2019/CRC/11851/11851-spades-assembly/11851-scaffolds.fasta
11859,/tigress/DONIA/data/CRC_Yachida_2019/CRC/11859/11859-spades-assembly/11859-scaffolds.fasta
11879,/tigress/DONIA/data/CRC_Yachida_2019/CRC/11879/11879-spades-assembly/11879-scaffolds.fasta
11881,/tigress/DONIA/data/CRC_Yachida_2019/CRC/11881/11881-spades-assembly/11881-scaffolds.fasta
11888,/tigress/DONIA/data/CRC_Yachida_2019/CRC/11888/11888-spades-assembly/11888-scaffolds.fasta
11891,/tigress/DONIA/data/CRC_Yachida_2019/CRC/11891/11891-spades-assembly/11891-scaffolds.fasta
11893,/tigress/DONIA/data/CRC_Yachida_2019/CRC/11893/11893-spades-assembly/11893-scaffolds.fasta
11899,/tigress/DONIA/data/CRC_Yachida_2019/CRC/11899/11899-spades-assembly/11899-scaffolds.fasta
11900,/tigress/DONIA/data/CRC_Yachida_2019/CRC/11900/11900-spades-assembly/11900-scaffolds.fasta
11918,/tigress/DONIA/data/CRC_Yachida_2019/CRC/11918/11918-spades-assembly/11918-scaffolds.fasta
11920,/tigress/DONIA/data/CRC_Yachida_2019/CRC/11920/11920-spades-assembly/11920-scaffolds.fasta
11921,/tigress/DONIA/data/CRC_Yachida_2019/CRC/11921/11921-spades-assembly/11921-scaffolds.fasta
11922,/tigress/DONIA/data/CRC_Yachida_2019/CRC/11922/11922-spades-assembly/11922-scaffolds.fasta
11929,/tigress/DONIA/data/CRC_Yachida_2019/CRC/11929/11929-spades-assembly/11929-scaffolds.fasta
11940,/tigress/DONIA/data/CRC_Yachida_2019/CRC/11940/11940-spades-assembly/11940-scaffolds.fasta
11951,/tigress/DONIA/data/CRC_Yachida_2019/CRC/11951/11951-spades-assembly/11951-scaffolds.fasta
11956,/tigress/DONIA/data/CRC_Yachida_2019/CRC/11956/11956-spades-assembly/11956-scaffolds.fasta
11957,/tigress/DONIA/data/CRC_Yachida_2019/CRC/11957/11957-spades-assembly/11957-scaffolds.fasta
11973,/tigress/DONIA/data/CRC_Yachida_2019/CRC/11973/11973-spades-assembly/11973-scaffolds.fasta
11974,/tigress/DONIA/data/CRC_Yachida_2019/CRC/11974/11974-spades-assembly/11974-scaffolds.fasta
11982,/tigress/DONIA/data/CRC_Yachida_2019/CRC/11982/11982-spades-assembly/11982-scaffolds.fasta
11993,/tigress/DONIA/data/CRC_Yachida_2019/CRC/11993/11993-spades-assembly/11993-scaffolds.fasta
1,/tigress/DONIA/data/CRC_Yachida_2019/CRC/1/1-spades-assembly/1-scaffolds.fasta
12002,/tigress/DONIA/data/CRC_Yachida_2019/CRC/12002/12002-spades-assembly/12002-scaffolds.fasta
12005,/tigress/DONIA/data/CRC_Yachida_2019/CRC/12005/12005-spades-assembly/12005-scaffolds.fasta
12014,/tigress/DONIA/data/CRC_Yachida_2019/CRC/12014/12014-spades-assembly/12014-scaffolds.fasta
12020,/tigress/DONIA/data/CRC_Yachida_2019/CRC/12020/12020-spades-assembly/12020-scaffolds.fasta
12022,/tigress/DONIA/data/CRC_Yachida_2019/CRC/12022/12022-spades-assembly/12022-scaffolds.fasta
12024,/tigress/DONIA/data/CRC_Yachida_2019/CRC/12024/12024-spades-assembly/12024-scaffolds.fasta
12025,/tigress/DONIA/data/CRC_Yachida_2019/CRC/12025/12025-spades-assembly/12025-scaffolds.fasta
10023,/tigress/DONIA/data/CRC_Yachida_2019/HC/10023/10023-spades-assembly/10023-scaffolds.fasta
10025,/tigress/DONIA/data/CRC_Yachida_2019/HC/10025/10025-spades-assembly/10025-scaffolds.fasta
10029,/tigress/DONIA/data/CRC_Yachida_2019/HC/10029/10029-spades-assembly/10029-scaffolds.fasta
10031,/tigress/DONIA/data/CRC_Yachida_2019/HC/10031/10031-spades-assembly/10031-scaffolds.fasta
10036,/tigress/DONIA/data/CRC_Yachida_2019/HC/10036/10036-spades-assembly/10036-scaffolds.fasta
10037,/tigress/DONIA/data/CRC_Yachida_2019/HC/10037/10037-spades-assembly/10037-scaffolds.fasta
10038,/tigress/DONIA/data/CRC_Yachida_2019/HC/10038/10038-spades-assembly/10038-scaffolds.fasta
10040,/tigress/DONIA/data/CRC_Yachida_2019/HC/10040/10040-spades-assembly/10040-scaffolds.fasta
10046,/tigress/DONIA/data/CRC_Yachida_2019/HC/10046/10046-spades-assembly/10046-scaffolds.fasta
10048,/tigress/DONIA/data/CRC_Yachida_2019/HC/10048/10048-spades-assembly/10048-scaffolds.fasta
10052,/tigress/DONIA/data/CRC_Yachida_2019/HC/10052/10052-spades-assembly/10052-scaffolds.fasta
10058,/tigress/DONIA/data/CRC_Yachida_2019/HC/10058/10058-spades-assembly/10058-scaffolds.fasta
10060,/tigress/DONIA/data/CRC_Yachida_2019/HC/10060/10060-spades-assembly/10060-scaffolds.fasta
10080,/tigress/DONIA/data/CRC_Yachida_2019/HC/10080/10080-spades-assembly/10080-scaffolds.fasta
10092,/tigress/DONIA/data/CRC_Yachida_2019/HC/10092/10092-spades-assembly/10092-scaffolds.fasta
10100,/tigress/DONIA/data/CRC_Yachida_2019/HC/10100/10100-spades-assembly/10100-scaffolds.fasta
10105,/tigress/DONIA/data/CRC_Yachida_2019/HC/10105/10105-spades-assembly/10105-scaffolds.fasta
10106,/tigress/DONIA/data/CRC_Yachida_2019/HC/10106/10106-spades-assembly/10106-scaffolds.fasta
10107,/tigress/DONIA/data/CRC_Yachida_2019/HC/10107/10107-spades-assembly/10107-scaffolds.fasta
10114,/tigress/DONIA/data/CRC_Yachida_2019/HC/10114/10114-spades-assembly/10114-scaffolds.fasta
10132,/tigress/DONIA/data/CRC_Yachida_2019/HC/10132/10132-spades-assembly/10132-scaffolds.fasta
10135,/tigress/DONIA/data/CRC_Yachida_2019/HC/10135/10135-spades-assembly/10135-scaffolds.fasta
10144,/tigress/DONIA/data/CRC_Yachida_2019/HC/10144/10144-spades-assembly/10144-scaffolds.fasta
10150,/tigress/DONIA/data/CRC_Yachida_2019/HC/10150/10150-spades-assembly/10150-scaffolds.fasta
10151,/tigress/DONIA/data/CRC_Yachida_2019/HC/10151/10151-spades-assembly/10151-scaffolds.fasta
10158,/tigress/DONIA/data/CRC_Yachida_2019/HC/10158/10158-spades-assembly/10158-scaffolds.fasta
10169,/tigress/DONIA/data/CRC_Yachida_2019/HC/10169/10169-spades-assembly/10169-scaffolds.fasta
10183,/tigress/DONIA/data/CRC_Yachida_2019/HC/10183/10183-spades-assembly/10183-scaffolds.fasta
10188,/tigress/DONIA/data/CRC_Yachida_2019/HC/10188/10188-spades-assembly/10188-scaffolds.fasta
10197,/tigress/DONIA/data/CRC_Yachida_2019/HC/10197/10197-spades-assembly/10197-scaffolds.fasta
10200,/tigress/DONIA/data/CRC_Yachida_2019/HC/10200/10200-spades-assembly/10200-scaffolds.fasta
10206,/tigress/DONIA/data/CRC_Yachida_2019/HC/10206/10206-spades-assembly/10206-scaffolds.fasta
10207,/tigress/DONIA/data/CRC_Yachida_2019/HC/10207/10207-spades-assembly/10207-scaffolds.fasta
10208,/tigress/DONIA/data/CRC_Yachida_2019/HC/10208/10208-spades-assembly/10208-scaffolds.fasta
10212,/tigress/DONIA/data/CRC_Yachida_2019/HC/10212/10212-spades-assembly/10212-scaffolds.fasta
10215,/tigress/DONIA/data/CRC_Yachida_2019/HC/10215/10215-spades-assembly/10215-scaffolds.fasta
10219,/tigress/DONIA/data/CRC_Yachida_2019/HC/10219/10219-spades-assembly/10219-scaffolds.fasta
10221,/tigress/DONIA/data/CRC_Yachida_2019/HC/10221/10221-spades-assembly/10221-scaffolds.fasta
10223,/tigress/DONIA/data/CRC_Yachida_2019/HC/10223/10223-spades-assembly/10223-scaffolds.fasta
10226,/tigress/DONIA/data/CRC_Yachida_2019/HC/10226/10226-spades-assembly/10226-scaffolds.fasta
10229,/tigress/DONIA/data/CRC_Yachida_2019/HC/10229/10229-spades-assembly/10229-scaffolds.fasta
10231,/tigress/DONIA/data/CRC_Yachida_2019/HC/10231/10231-spades-assembly/10231-scaffolds.fasta
10234,/tigress/DONIA/data/CRC_Yachida_2019/HC/10234/10234-spades-assembly/10234-scaffolds.fasta
10235,/tigress/DONIA/data/CRC_Yachida_2019/HC/10235/10235-spades-assembly/10235-scaffolds.fasta
10244,/tigress/DONIA/data/CRC_Yachida_2019/HC/10244/10244-spades-assembly/10244-scaffolds.fasta
10246,/tigress/DONIA/data/CRC_Yachida_2019/HC/10246/10246-spades-assembly/10246-scaffolds.fasta
10250,/tigress/DONIA/data/CRC_Yachida_2019/HC/10250/10250-spades-assembly/10250-scaffolds.fasta
10254,/tigress/DONIA/data/CRC_Yachida_2019/HC/10254/10254-spades-assembly/10254-scaffolds.fasta
10258,/tigress/DONIA/data/CRC_Yachida_2019/HC/10258/10258-spades-assembly/10258-scaffolds.fasta
10259,/tigress/DONIA/data/CRC_Yachida_2019/HC/10259/10259-spades-assembly/10259-scaffolds.fasta
10262,/tigress/DONIA/data/CRC_Yachida_2019/HC/10262/10262-spades-assembly/10262-scaffolds.fasta
10269,/tigress/DONIA/data/CRC_Yachida_2019/HC/10269/10269-spades-assembly/10269-scaffolds.fasta
10271,/tigress/DONIA/data/CRC_Yachida_2019/HC/10271/10271-spades-assembly/10271-scaffolds.fasta
10272,/tigress/DONIA/data/CRC_Yachida_2019/HC/10272/10272-spades-assembly/10272-scaffolds.fasta
10273,/tigress/DONIA/data/CRC_Yachida_2019/HC/10273/10273-spades-assembly/10273-scaffolds.fasta
10274,/tigress/DONIA/data/CRC_Yachida_2019/HC/10274/10274-spades-assembly/10274-scaffolds.fasta
10298,/tigress/DONIA/data/CRC_Yachida_2019/HC/10298/10298-spades-assembly/10298-scaffolds.fasta
10301,/tigress/DONIA/data/CRC_Yachida_2019/HC/10301/10301-spades-assembly/10301-scaffolds.fasta
10302,/tigress/DONIA/data/CRC_Yachida_2019/HC/10302/10302-spades-assembly/10302-scaffolds.fasta
10304,/tigress/DONIA/data/CRC_Yachida_2019/HC/10304/10304-spades-assembly/10304-scaffolds.fasta
10315,/tigress/DONIA/data/CRC_Yachida_2019/HC/10315/10315-spades-assembly/10315-scaffolds.fasta
10317,/tigress/DONIA/data/CRC_Yachida_2019/HC/10317/10317-spades-assembly/10317-scaffolds.fasta
10318,/tigress/DONIA/data/CRC_Yachida_2019/HC/10318/10318-spades-assembly/10318-scaffolds.fasta
10320,/tigress/DONIA/data/CRC_Yachida_2019/HC/10320/10320-spades-assembly/10320-scaffolds.fasta
10325,/tigress/DONIA/data/CRC_Yachida_2019/HC/10325/10325-spades-assembly/10325-scaffolds.fasta
10335,/tigress/DONIA/data/CRC_Yachida_2019/HC/10335/10335-spades-assembly/10335-scaffolds.fasta
10339,/tigress/DONIA/data/CRC_Yachida_2019/HC/10339/10339-spades-assembly/10339-scaffolds.fasta
10340,/tigress/DONIA/data/CRC_Yachida_2019/HC/10340/10340-spades-assembly/10340-scaffolds.fasta
10341,/tigress/DONIA/data/CRC_Yachida_2019/HC/10341/10341-spades-assembly/10341-scaffolds.fasta
10349,/tigress/DONIA/data/CRC_Yachida_2019/HC/10349/10349-spades-assembly/10349-scaffolds.fasta
10350,/tigress/DONIA/data/CRC_Yachida_2019/HC/10350/10350-spades-assembly/10350-scaffolds.fasta
10353,/tigress/DONIA/data/CRC_Yachida_2019/HC/10353/10353-spades-assembly/10353-scaffolds.fasta
10354,/tigress/DONIA/data/CRC_Yachida_2019/HC/10354/10354-spades-assembly/10354-scaffolds.fasta
10356,/tigress/DONIA/data/CRC_Yachida_2019/HC/10356/10356-spades-assembly/10356-scaffolds.fasta
10357,/tigress/DONIA/data/CRC_Yachida_2019/HC/10357/10357-spades-assembly/10357-scaffolds.fasta
10362,/tigress/DONIA/data/CRC_Yachida_2019/HC/10362/10362-spades-assembly/10362-scaffolds.fasta
10364,/tigress/DONIA/data/CRC_Yachida_2019/HC/10364/10364-spades-assembly/10364-scaffolds.fasta
10378,/tigress/DONIA/data/CRC_Yachida_2019/HC/10378/10378-spades-assembly/10378-scaffolds.fasta
10390,/tigress/DONIA/data/CRC_Yachida_2019/HC/10390/10390-spades-assembly/10390-scaffolds.fasta
10456,/tigress/DONIA/data/CRC_Yachida_2019/HC/10456/10456-spades-assembly/10456-scaffolds.fasta
10463,/tigress/DONIA/data/CRC_Yachida_2019/HC/10463/10463-spades-assembly/10463-scaffolds.fasta
10465,/tigress/DONIA/data/CRC_Yachida_2019/HC/10465/10465-spades-assembly/10465-scaffolds.fasta
10473,/tigress/DONIA/data/CRC_Yachida_2019/HC/10473/10473-spades-assembly/10473-scaffolds.fasta
10486,/tigress/DONIA/data/CRC_Yachida_2019/HC/10486/10486-spades-assembly/10486-scaffolds.fasta
10487,/tigress/DONIA/data/CRC_Yachida_2019/HC/10487/10487-spades-assembly/10487-scaffolds.fasta
10489,/tigress/DONIA/data/CRC_Yachida_2019/HC/10489/10489-spades-assembly/10489-scaffolds.fasta
10497,/tigress/DONIA/data/CRC_Yachida_2019/HC/10497/10497-spades-assembly/10497-scaffolds.fasta
10504,/tigress/DONIA/data/CRC_Yachida_2019/HC/10504/10504-spades-assembly/10504-scaffolds.fasta
10508,/tigress/DONIA/data/CRC_Yachida_2019/HC/10508/10508-spades-assembly/10508-scaffolds.fasta
10510,/tigress/DONIA/data/CRC_Yachida_2019/HC/10510/10510-spades-assembly/10510-scaffolds.fasta
10512,/tigress/DONIA/data/CRC_Yachida_2019/HC/10512/10512-spades-assembly/10512-scaffolds.fasta
10515,/tigress/DONIA/data/CRC_Yachida_2019/HC/10515/10515-spades-assembly/10515-scaffolds.fasta
10519,/tigress/DONIA/data/CRC_Yachida_2019/HC/10519/10519-spades-assembly/10519-scaffolds.fasta
10537,/tigress/DONIA/data/CRC_Yachida_2019/HC/10537/10537-spades-assembly/10537-scaffolds.fasta
10541,/tigress/DONIA/data/CRC_Yachida_2019/HC/10541/10541-spades-assembly/10541-scaffolds.fasta
10543,/tigress/DONIA/data/CRC_Yachida_2019/HC/10543/10543-spades-assembly/10543-scaffolds.fasta
10559,/tigress/DONIA/data/CRC_Yachida_2019/HC/10559/10559-spades-assembly/10559-scaffolds.fasta
10562,/tigress/DONIA/data/CRC_Yachida_2019/HC/10562/10562-spades-assembly/10562-scaffolds.fasta
10570,/tigress/DONIA/data/CRC_Yachida_2019/HC/10570/10570-spades-assembly/10570-scaffolds.fasta
10577,/tigress/DONIA/data/CRC_Yachida_2019/HC/10577/10577-spades-assembly/10577-scaffolds.fasta
10583,/tigress/DONIA/data/CRC_Yachida_2019/HC/10583/10583-spades-assembly/10583-scaffolds.fasta
10585,/tigress/DONIA/data/CRC_Yachida_2019/HC/10585/10585-spades-assembly/10585-scaffolds.fasta
10586,/tigress/DONIA/data/CRC_Yachida_2019/HC/10586/10586-spades-assembly/10586-scaffolds.fasta
10587,/tigress/DONIA/data/CRC_Yachida_2019/HC/10587/10587-spades-assembly/10587-scaffolds.fasta
10589,/tigress/DONIA/data/CRC_Yachida_2019/HC/10589/10589-spades-assembly/10589-scaffolds.fasta
10591,/tigress/DONIA/data/CRC_Yachida_2019/HC/10591/10591-spades-assembly/10591-scaffolds.fasta
10592,/tigress/DONIA/data/CRC_Yachida_2019/HC/10592/10592-spades-assembly/10592-scaffolds.fasta
10593,/tigress/DONIA/data/CRC_Yachida_2019/HC/10593/10593-spades-assembly/10593-scaffolds.fasta
10618,/tigress/DONIA/data/CRC_Yachida_2019/HC/10618/10618-spades-assembly/10618-scaffolds.fasta
10620,/tigress/DONIA/data/CRC_Yachida_2019/HC/10620/10620-spades-assembly/10620-scaffolds.fasta
10621,/tigress/DONIA/data/CRC_Yachida_2019/HC/10621/10621-spades-assembly/10621-scaffolds.fasta
10622,/tigress/DONIA/data/CRC_Yachida_2019/HC/10622/10622-spades-assembly/10622-scaffolds.fasta
10627,/tigress/DONIA/data/CRC_Yachida_2019/HC/10627/10627-spades-assembly/10627-scaffolds.fasta
10632,/tigress/DONIA/data/CRC_Yachida_2019/HC/10632/10632-spades-assembly/10632-scaffolds.fasta
10639,/tigress/DONIA/data/CRC_Yachida_2019/HC/10639/10639-spades-assembly/10639-scaffolds.fasta
10647,/tigress/DONIA/data/CRC_Yachida_2019/HC/10647/10647-spades-assembly/10647-scaffolds.fasta
10657,/tigress/DONIA/data/CRC_Yachida_2019/HC/10657/10657-spades-assembly/10657-scaffolds.fasta
10659,/tigress/DONIA/data/CRC_Yachida_2019/HC/10659/10659-spades-assembly/10659-scaffolds.fasta
10661,/tigress/DONIA/data/CRC_Yachida_2019/HC/10661/10661-spades-assembly/10661-scaffolds.fasta
10663,/tigress/DONIA/data/CRC_Yachida_2019/HC/10663/10663-spades-assembly/10663-scaffolds.fasta
10678,/tigress/DONIA/data/CRC_Yachida_2019/HC/10678/10678-spades-assembly/10678-scaffolds.fasta
10684,/tigress/DONIA/data/CRC_Yachida_2019/HC/10684/10684-spades-assembly/10684-scaffolds.fasta
10698,/tigress/DONIA/data/CRC_Yachida_2019/HC/10698/10698-spades-assembly/10698-scaffolds.fasta
10701,/tigress/DONIA/data/CRC_Yachida_2019/HC/10701/10701-spades-assembly/10701-scaffolds.fasta
10716,/tigress/DONIA/data/CRC_Yachida_2019/HC/10716/10716-spades-assembly/10716-scaffolds.fasta
10726,/tigress/DONIA/data/CRC_Yachida_2019/HC/10726/10726-spades-assembly/10726-scaffolds.fasta
10733,/tigress/DONIA/data/CRC_Yachida_2019/HC/10733/10733-spades-assembly/10733-scaffolds.fasta
10741,/tigress/DONIA/data/CRC_Yachida_2019/HC/10741/10741-spades-assembly/10741-scaffolds.fasta
10776,/tigress/DONIA/data/CRC_Yachida_2019/HC/10776/10776-spades-assembly/10776-scaffolds.fasta
10784,/tigress/DONIA/data/CRC_Yachida_2019/HC/10784/10784-spades-assembly/10784-scaffolds.fasta
10788,/tigress/DONIA/data/CRC_Yachida_2019/HC/10788/10788-spades-assembly/10788-scaffolds.fasta
10794,/tigress/DONIA/data/CRC_Yachida_2019/HC/10794/10794-spades-assembly/10794-scaffolds.fasta
10797,/tigress/DONIA/data/CRC_Yachida_2019/HC/10797/10797-spades-assembly/10797-scaffolds.fasta
10801,/tigress/DONIA/data/CRC_Yachida_2019/HC/10801/10801-spades-assembly/10801-scaffolds.fasta
10802,/tigress/DONIA/data/CRC_Yachida_2019/HC/10802/10802-spades-assembly/10802-scaffolds.fasta
10804,/tigress/DONIA/data/CRC_Yachida_2019/HC/10804/10804-spades-assembly/10804-scaffolds.fasta
10805,/tigress/DONIA/data/CRC_Yachida_2019/HC/10805/10805-spades-assembly/10805-scaffolds.fasta
10807,/tigress/DONIA/data/CRC_Yachida_2019/HC/10807/10807-spades-assembly/10807-scaffolds.fasta
10808,/tigress/DONIA/data/CRC_Yachida_2019/HC/10808/10808-spades-assembly/10808-scaffolds.fasta
10817,/tigress/DONIA/data/CRC_Yachida_2019/HC/10817/10817-spades-assembly/10817-scaffolds.fasta
10832,/tigress/DONIA/data/CRC_Yachida_2019/HC/10832/10832-spades-assembly/10832-scaffolds.fasta
10835,/tigress/DONIA/data/CRC_Yachida_2019/HC/10835/10835-spades-assembly/10835-scaffolds.fasta
10838,/tigress/DONIA/data/CRC_Yachida_2019/HC/10838/10838-spades-assembly/10838-scaffolds.fasta
10850,/tigress/DONIA/data/CRC_Yachida_2019/HC/10850/10850-spades-assembly/10850-scaffolds.fasta
10869,/tigress/DONIA/data/CRC_Yachida_2019/HC/10869/10869-spades-assembly/10869-scaffolds.fasta
10889,/tigress/DONIA/data/CRC_Yachida_2019/HC/10889/10889-spades-assembly/10889-scaffolds.fasta
10890,/tigress/DONIA/data/CRC_Yachida_2019/HC/10890/10890-spades-assembly/10890-scaffolds.fasta
10907,/tigress/DONIA/data/CRC_Yachida_2019/HC/10907/10907-spades-assembly/10907-scaffolds.fasta
10913,/tigress/DONIA/data/CRC_Yachida_2019/HC/10913/10913-spades-assembly/10913-scaffolds.fasta
10924,/tigress/DONIA/data/CRC_Yachida_2019/HC/10924/10924-spades-assembly/10924-scaffolds.fasta
10947,/tigress/DONIA/data/CRC_Yachida_2019/HC/10947/10947-spades-assembly/10947-scaffolds.fasta
10968,/tigress/DONIA/data/CRC_Yachida_2019/HC/10968/10968-spades-assembly/10968-scaffolds.fasta
10976,/tigress/DONIA/data/CRC_Yachida_2019/HC/10976/10976-spades-assembly/10976-scaffolds.fasta
10990,/tigress/DONIA/data/CRC_Yachida_2019/HC/10990/10990-spades-assembly/10990-scaffolds.fasta
11031,/tigress/DONIA/data/CRC_Yachida_2019/HC/11031/11031-spades-assembly/11031-scaffolds.fasta
11035,/tigress/DONIA/data/CRC_Yachida_2019/HC/11035/11035-spades-assembly/11035-scaffolds.fasta
11049,/tigress/DONIA/data/CRC_Yachida_2019/HC/11049/11049-spades-assembly/11049-scaffolds.fasta
11057,/tigress/DONIA/data/CRC_Yachida_2019/HC/11057/11057-spades-assembly/11057-scaffolds.fasta
11062,/tigress/DONIA/data/CRC_Yachida_2019/HC/11062/11062-spades-assembly/11062-scaffolds.fasta
11106,/tigress/DONIA/data/CRC_Yachida_2019/HC/11106/11106-spades-assembly/11106-scaffolds.fasta
11124,/tigress/DONIA/data/CRC_Yachida_2019/HC/11124/11124-spades-assembly/11124-scaffolds.fasta
11159,/tigress/DONIA/data/CRC_Yachida_2019/HC/11159/11159-spades-assembly/11159-scaffolds.fasta
11168,/tigress/DONIA/data/CRC_Yachida_2019/HC/11168/11168-spades-assembly/11168-scaffolds.fasta
11170,/tigress/DONIA/data/CRC_Yachida_2019/HC/11170/11170-spades-assembly/11170-scaffolds.fasta
11171,/tigress/DONIA/data/CRC_Yachida_2019/HC/11171/11171-spades-assembly/11171-scaffolds.fasta
11203,/tigress/DONIA/data/CRC_Yachida_2019/HC/11203/11203-spades-assembly/11203-scaffolds.fasta
11209,/tigress/DONIA/data/CRC_Yachida_2019/HC/11209/11209-spades-assembly/11209-scaffolds.fasta
11210,/tigress/DONIA/data/CRC_Yachida_2019/HC/11210/11210-spades-assembly/11210-scaffolds.fasta
11213,/tigress/DONIA/data/CRC_Yachida_2019/HC/11213/11213-spades-assembly/11213-scaffolds.fasta
11223,/tigress/DONIA/data/CRC_Yachida_2019/HC/11223/11223-spades-assembly/11223-scaffolds.fasta
11226,/tigress/DONIA/data/CRC_Yachida_2019/HC/11226/11226-spades-assembly/11226-scaffolds.fasta
11227,/tigress/DONIA/data/CRC_Yachida_2019/HC/11227/11227-spades-assembly/11227-scaffolds.fasta
11243,/tigress/DONIA/data/CRC_Yachida_2019/HC/11243/11243-spades-assembly/11243-scaffolds.fasta
11255,/tigress/DONIA/data/CRC_Yachida_2019/HC/11255/11255-spades-assembly/11255-scaffolds.fasta
11294,/tigress/DONIA/data/CRC_Yachida_2019/HC/11294/11294-spades-assembly/11294-scaffolds.fasta
11299,/tigress/DONIA/data/CRC_Yachida_2019/HC/11299/11299-spades-assembly/11299-scaffolds.fasta
11311,/tigress/DONIA/data/CRC_Yachida_2019/HC/11311/11311-spades-assembly/11311-scaffolds.fasta
11343,/tigress/DONIA/data/CRC_Yachida_2019/HC/11343/11343-spades-assembly/11343-scaffolds.fasta
11354,/tigress/DONIA/data/CRC_Yachida_2019/HC/11354/11354-spades-assembly/11354-scaffolds.fasta
11369,/tigress/DONIA/data/CRC_Yachida_2019/HC/11369/11369-spades-assembly/11369-scaffolds.fasta
11379,/tigress/DONIA/data/CRC_Yachida_2019/HC/11379/11379-spades-assembly/11379-scaffolds.fasta
11389,/tigress/DONIA/data/CRC_Yachida_2019/HC/11389/11389-spades-assembly/11389-scaffolds.fasta
11409,/tigress/DONIA/data/CRC_Yachida_2019/HC/11409/11409-spades-assembly/11409-scaffolds.fasta
11413,/tigress/DONIA/data/CRC_Yachida_2019/HC/11413/11413-spades-assembly/11413-scaffolds.fasta
11419,/tigress/DONIA/data/CRC_Yachida_2019/HC/11419/11419-spades-assembly/11419-scaffolds.fasta
11431,/tigress/DONIA/data/CRC_Yachida_2019/HC/11431/11431-spades-assembly/11431-scaffolds.fasta
11432,/tigress/DONIA/data/CRC_Yachida_2019/HC/11432/11432-spades-assembly/11432-scaffolds.fasta
11434,/tigress/DONIA/data/CRC_Yachida_2019/HC/11434/11434-spades-assembly/11434-scaffolds.fasta
11448,/tigress/DONIA/data/CRC_Yachida_2019/HC/11448/11448-spades-assembly/11448-scaffolds.fasta
11449,/tigress/DONIA/data/CRC_Yachida_2019/HC/11449/11449-spades-assembly/11449-scaffolds.fasta
11450,/tigress/DONIA/data/CRC_Yachida_2019/HC/11450/11450-spades-assembly/11450-scaffolds.fasta
11451,/tigress/DONIA/data/CRC_Yachida_2019/HC/11451/11451-spades-assembly/11451-scaffolds.fasta
11452,/tigress/DONIA/data/CRC_Yachida_2019/HC/11452/11452-spades-assembly/11452-scaffolds.fasta
11454,/tigress/DONIA/data/CRC_Yachida_2019/HC/11454/11454-spades-assembly/11454-scaffolds.fasta
11459,/tigress/DONIA/data/CRC_Yachida_2019/HC/11459/11459-spades-assembly/11459-scaffolds.fasta
11464,/tigress/DONIA/data/CRC_Yachida_2019/HC/11464/11464-spades-assembly/11464-scaffolds.fasta
11467,/tigress/DONIA/data/CRC_Yachida_2019/HC/11467/11467-spades-assembly/11467-scaffolds.fasta
11473,/tigress/DONIA/data/CRC_Yachida_2019/HC/11473/11473-spades-assembly/11473-scaffolds.fasta
11475,/tigress/DONIA/data/CRC_Yachida_2019/HC/11475/11475-spades-assembly/11475-scaffolds.fasta
11477,/tigress/DONIA/data/CRC_Yachida_2019/HC/11477/11477-spades-assembly/11477-scaffolds.fasta
11480,/tigress/DONIA/data/CRC_Yachida_2019/HC/11480/11480-spades-assembly/11480-scaffolds.fasta
11486,/tigress/DONIA/data/CRC_Yachida_2019/HC/11486/11486-spades-assembly/11486-scaffolds.fasta
11487,/tigress/DONIA/data/CRC_Yachida_2019/HC/11487/11487-spades-assembly/11487-scaffolds.fasta
11489,/tigress/DONIA/data/CRC_Yachida_2019/HC/11489/11489-spades-assembly/11489-scaffolds.fasta
11492,/tigress/DONIA/data/CRC_Yachida_2019/HC/11492/11492-spades-assembly/11492-scaffolds.fasta
11495,/tigress/DONIA/data/CRC_Yachida_2019/HC/11495/11495-spades-assembly/11495-scaffolds.fasta
11501,/tigress/DONIA/data/CRC_Yachida_2019/HC/11501/11501-spades-assembly/11501-scaffolds.fasta
11513,/tigress/DONIA/data/CRC_Yachida_2019/HC/11513/11513-spades-assembly/11513-scaffolds.fasta
11521,/tigress/DONIA/data/CRC_Yachida_2019/HC/11521/11521-spades-assembly/11521-scaffolds.fasta
11524,/tigress/DONIA/data/CRC_Yachida_2019/HC/11524/11524-spades-assembly/11524-scaffolds.fasta
11526,/tigress/DONIA/data/CRC_Yachida_2019/HC/11526/11526-spades-assembly/11526-scaffolds.fasta
11527,/tigress/DONIA/data/CRC_Yachida_2019/HC/11527/11527-spades-assembly/11527-scaffolds.fasta
11528,/tigress/DONIA/data/CRC_Yachida_2019/HC/11528/11528-spades-assembly/11528-scaffolds.fasta
11580,/tigress/DONIA/data/CRC_Yachida_2019/HC/11580/11580-spades-assembly/11580-scaffolds.fasta
11607,/tigress/DONIA/data/CRC_Yachida_2019/HC/11607/11607-spades-assembly/11607-scaffolds.fasta
11626,/tigress/DONIA/data/CRC_Yachida_2019/HC/11626/11626-spades-assembly/11626-scaffolds.fasta
11638,/tigress/DONIA/data/CRC_Yachida_2019/HC/11638/11638-spades-assembly/11638-scaffolds.fasta
11641,/tigress/DONIA/data/CRC_Yachida_2019/HC/11641/11641-spades-assembly/11641-scaffolds.fasta
11675,/tigress/DONIA/data/CRC_Yachida_2019/HC/11675/11675-spades-assembly/11675-scaffolds.fasta
11682,/tigress/DONIA/data/CRC_Yachida_2019/HC/11682/11682-spades-assembly/11682-scaffolds.fasta
11694,/tigress/DONIA/data/CRC_Yachida_2019/HC/11694/11694-spades-assembly/11694-scaffolds.fasta
11710,/tigress/DONIA/data/CRC_Yachida_2019/HC/11710/11710-spades-assembly/11710-scaffolds.fasta
11720,/tigress/DONIA/data/CRC_Yachida_2019/HC/11720/11720-spades-assembly/11720-scaffolds.fasta
11754,/tigress/DONIA/data/CRC_Yachida_2019/HC/11754/11754-spades-assembly/11754-scaffolds.fasta
11788,/tigress/DONIA/data/CRC_Yachida_2019/HC/11788/11788-spades-assembly/11788-scaffolds.fasta
11796,/tigress/DONIA/data/CRC_Yachida_2019/HC/11796/11796-spades-assembly/11796-scaffolds.fasta
11818,/tigress/DONIA/data/CRC_Yachida_2019/HC/11818/11818-spades-assembly/11818-scaffolds.fasta
11821,/tigress/DONIA/data/CRC_Yachida_2019/HC/11821/11821-spades-assembly/11821-scaffolds.fasta
11822,/tigress/DONIA/data/CRC_Yachida_2019/HC/11822/11822-spades-assembly/11822-scaffolds.fasta
11873,/tigress/DONIA/data/CRC_Yachida_2019/HC/11873/11873-spades-assembly/11873-scaffolds.fasta
11885,/tigress/DONIA/data/CRC_Yachida_2019/HC/11885/11885-spades-assembly/11885-scaffolds.fasta
11927,/tigress/DONIA/data/CRC_Yachida_2019/HC/11927/11927-spades-assembly/11927-scaffolds.fasta
11942,/tigress/DONIA/data/CRC_Yachida_2019/HC/11942/11942-spades-assembly/11942-scaffolds.fasta
11955,/tigress/DONIA/data/CRC_Yachida_2019/HC/11955/11955-spades-assembly/11955-scaffolds.fasta
11965,/tigress/DONIA/data/CRC_Yachida_2019/HC/11965/11965-spades-assembly/11965-scaffolds.fasta
11984,/tigress/DONIA/data/CRC_Yachida_2019/HC/11984/11984-spades-assembly/11984-scaffolds.fasta
11996,/tigress/DONIA/data/CRC_Yachida_2019/HC/11996/11996-spades-assembly/11996-scaffolds.fasta
12016,/tigress/DONIA/data/CRC_Yachida_2019/HC/12016/12016-spades-assembly/12016-scaffolds.fasta
12070,/tigress/DONIA/data/CRC_Yachida_2019/HC/12070/12070-spades-assembly/12070-scaffolds.fasta
12082,/tigress/DONIA/data/CRC_Yachida_2019/HC/12082/12082-spades-assembly/12082-scaffolds.fasta
12101,/tigress/DONIA/data/CRC_Yachida_2019/HC/12101/12101-spades-assembly/12101-scaffolds.fasta
12106,/tigress/DONIA/data/CRC_Yachida_2019/HC/12106/12106-spades-assembly/12106-scaffolds.fasta
12165,/tigress/DONIA/data/CRC_Yachida_2019/HC/12165/12165-spades-assembly/12165-scaffolds.fasta
12197,/tigress/DONIA/data/CRC_Yachida_2019/HC/12197/12197-spades-assembly/12197-scaffolds.fasta
12204,/tigress/DONIA/data/CRC_Yachida_2019/HC/12204/12204-spades-assembly/12204-scaffolds.fasta
12242,/tigress/DONIA/data/CRC_Yachida_2019/HC/12242/12242-spades-assembly/12242-scaffolds.fasta
12243,/tigress/DONIA/data/CRC_Yachida_2019/HC/12243/12243-spades-assembly/12243-scaffolds.fasta
12276,/tigress/DONIA/data/CRC_Yachida_2019/HC/12276/12276-spades-assembly/12276-scaffolds.fasta
12340,/tigress/DONIA/data/CRC_Yachida_2019/HC/12340/12340-spades-assembly/12340-scaffolds.fasta
12370,/tigress/DONIA/data/CRC_Yachida_2019/HC/12370/12370-spades-assembly/12370-scaffolds.fasta
12389,/tigress/DONIA/data/CRC_Yachida_2019/HC/12389/12389-spades-assembly/12389-scaffolds.fasta
12396,/tigress/DONIA/data/CRC_Yachida_2019/HC/12396/12396-spades-assembly/12396-scaffolds.fasta
10034,/tigress/DONIA/data/CRC_Yachida_2019/HS/10034/10034-spades-assembly/10034-scaffolds.fasta
10066,/tigress/DONIA/data/CRC_Yachida_2019/HS/10066/10066-spades-assembly/10066-scaffolds.fasta
10076,/tigress/DONIA/data/CRC_Yachida_2019/HS/10076/10076-spades-assembly/10076-scaffolds.fasta
10077,/tigress/DONIA/data/CRC_Yachida_2019/HS/10077/10077-spades-assembly/10077-scaffolds.fasta
10078,/tigress/DONIA/data/CRC_Yachida_2019/HS/10078/10078-spades-assembly/10078-scaffolds.fasta
10084,/tigress/DONIA/data/CRC_Yachida_2019/HS/10084/10084-spades-assembly/10084-scaffolds.fasta
10096,/tigress/DONIA/data/CRC_Yachida_2019/HS/10096/10096-spades-assembly/10096-scaffolds.fasta
10115,/tigress/DONIA/data/CRC_Yachida_2019/HS/10115/10115-spades-assembly/10115-scaffolds.fasta
10120,/tigress/DONIA/data/CRC_Yachida_2019/HS/10120/10120-spades-assembly/10120-scaffolds.fasta
10170,/tigress/DONIA/data/CRC_Yachida_2019/HS/10170/10170-spades-assembly/10170-scaffolds.fasta
10194,/tigress/DONIA/data/CRC_Yachida_2019/HS/10194/10194-spades-assembly/10194-scaffolds.fasta
10220,/tigress/DONIA/data/CRC_Yachida_2019/HS/10220/10220-spades-assembly/10220-scaffolds.fasta
10230,/tigress/DONIA/data/CRC_Yachida_2019/HS/10230/10230-spades-assembly/10230-scaffolds.fasta
10233,/tigress/DONIA/data/CRC_Yachida_2019/HS/10233/10233-spades-assembly/10233-scaffolds.fasta
10239,/tigress/DONIA/data/CRC_Yachida_2019/HS/10239/10239-spades-assembly/10239-scaffolds.fasta
10241,/tigress/DONIA/data/CRC_Yachida_2019/HS/10241/10241-spades-assembly/10241-scaffolds.fasta
10252,/tigress/DONIA/data/CRC_Yachida_2019/HS/10252/10252-spades-assembly/10252-scaffolds.fasta
10255,/tigress/DONIA/data/CRC_Yachida_2019/HS/10255/10255-spades-assembly/10255-scaffolds.fasta
10256,/tigress/DONIA/data/CRC_Yachida_2019/HS/10256/10256-spades-assembly/10256-scaffolds.fasta
10268,/tigress/DONIA/data/CRC_Yachida_2019/HS/10268/10268-spades-assembly/10268-scaffolds.fasta
10275,/tigress/DONIA/data/CRC_Yachida_2019/HS/10275/10275-spades-assembly/10275-scaffolds.fasta
10280,/tigress/DONIA/data/CRC_Yachida_2019/HS/10280/10280-spades-assembly/10280-scaffolds.fasta
10281,/tigress/DONIA/data/CRC_Yachida_2019/HS/10281/10281-spades-assembly/10281-scaffolds.fasta
10282,/tigress/DONIA/data/CRC_Yachida_2019/HS/10282/10282-spades-assembly/10282-scaffolds.fasta
10283,/tigress/DONIA/data/CRC_Yachida_2019/HS/10283/10283-spades-assembly/10283-scaffolds.fasta
10285,/tigress/DONIA/data/CRC_Yachida_2019/HS/10285/10285-spades-assembly/10285-scaffolds.fasta
10286,/tigress/DONIA/data/CRC_Yachida_2019/HS/10286/10286-spades-assembly/10286-scaffolds.fasta
10290,/tigress/DONIA/data/CRC_Yachida_2019/HS/10290/10290-spades-assembly/10290-scaffolds.fasta
10312,/tigress/DONIA/data/CRC_Yachida_2019/HS/10312/10312-spades-assembly/10312-scaffolds.fasta
10313,/tigress/DONIA/data/CRC_Yachida_2019/HS/10313/10313-spades-assembly/10313-scaffolds.fasta
10329,/tigress/DONIA/data/CRC_Yachida_2019/HS/10329/10329-spades-assembly/10329-scaffolds.fasta
10365,/tigress/DONIA/data/CRC_Yachida_2019/HS/10365/10365-spades-assembly/10365-scaffolds.fasta
10368,/tigress/DONIA/data/CRC_Yachida_2019/HS/10368/10368-spades-assembly/10368-scaffolds.fasta
10374,/tigress/DONIA/data/CRC_Yachida_2019/HS/10374/10374-spades-assembly/10374-scaffolds.fasta
10803,/tigress/DONIA/data/CRC_Yachida_2019/HS/10803/10803-spades-assembly/10803-scaffolds.fasta
10806,/tigress/DONIA/data/CRC_Yachida_2019/HS/10806/10806-spades-assembly/10806-scaffolds.fasta
11074,/tigress/DONIA/data/CRC_Yachida_2019/HS/11074/11074-spades-assembly/11074-scaffolds.fasta
11336,/tigress/DONIA/data/CRC_Yachida_2019/HS/11336/11336-spades-assembly/11336-scaffolds.fasta
11424,/tigress/DONIA/data/CRC_Yachida_2019/HS/11424/11424-spades-assembly/11424-scaffolds.fasta
12011,/tigress/DONIA/data/CRC_Yachida_2019/HS/12011/12011-spades-assembly/12011-scaffolds.fasta
