10061-merged.fasta,/tigress/DONIA/data/CRC_Yachida_2019/ADEN/10061/10061-filtered-reads-fasta/10061-merged.fasta
10089-merged.fasta,/tigress/DONIA/data/CRC_Yachida_2019/ADEN/10089/10089-filtered-reads-fasta/10089-merged.fasta
10109-merged.fasta,/tigress/DONIA/data/CRC_Yachida_2019/ADEN/10109/10109-filtered-reads-fasta/10109-merged.fasta
10111-merged.fasta,/tigress/DONIA/data/CRC_Yachida_2019/ADEN/10111/10111-filtered-reads-fasta/10111-merged.fasta
10138-merged.fasta,/tigress/DONIA/data/CRC_Yachida_2019/ADEN/10138/10138-filtered-reads-fasta/10138-merged.fasta
10161-merged.fasta,/tigress/DONIA/data/CRC_Yachida_2019/ADEN/10161/10161-filtered-reads-fasta/10161-merged.fasta
10182-merged.fasta,/tigress/DONIA/data/CRC_Yachida_2019/ADEN/10182/10182-filtered-reads-fasta/10182-merged.fasta
10193-merged.fasta,/tigress/DONIA/data/CRC_Yachida_2019/ADEN/10193/10193-filtered-reads-fasta/10193-merged.fasta
10209-merged.fasta,/tigress/DONIA/data/CRC_Yachida_2019/ADEN/10209/10209-filtered-reads-fasta/10209-merged.fasta
10210-merged.fasta,/tigress/DONIA/data/CRC_Yachida_2019/ADEN/10210/10210-filtered-reads-fasta/10210-merged.fasta
10242-merged.fasta,/tigress/DONIA/data/CRC_Yachida_2019/ADEN/10242/10242-filtered-reads-fasta/10242-merged.fasta
10251-merged.fasta,/tigress/DONIA/data/CRC_Yachida_2019/ADEN/10251/10251-filtered-reads-fasta/10251-merged.fasta
10261-merged.fasta,/tigress/DONIA/data/CRC_Yachida_2019/ADEN/10261/10261-filtered-reads-fasta/10261-merged.fasta
10288-merged.fasta,/tigress/DONIA/data/CRC_Yachida_2019/ADEN/10288/10288-filtered-reads-fasta/10288-merged.fasta
10294-merged.fasta,/tigress/DONIA/data/CRC_Yachida_2019/ADEN/10294/10294-filtered-reads-fasta/10294-merged.fasta
10296-merged.fasta,/tigress/DONIA/data/CRC_Yachida_2019/ADEN/10296/10296-filtered-reads-fasta/10296-merged.fasta
10299-merged.fasta,/tigress/DONIA/data/CRC_Yachida_2019/ADEN/10299/10299-filtered-reads-fasta/10299-merged.fasta
10316-merged.fasta,/tigress/DONIA/data/CRC_Yachida_2019/ADEN/10316/10316-filtered-reads-fasta/10316-merged.fasta
10327-merged.fasta,/tigress/DONIA/data/CRC_Yachida_2019/ADEN/10327/10327-filtered-reads-fasta/10327-merged.fasta
10336-merged.fasta,/tigress/DONIA/data/CRC_Yachida_2019/ADEN/10336/10336-filtered-reads-fasta/10336-merged.fasta
10376-merged.fasta,/tigress/DONIA/data/CRC_Yachida_2019/ADEN/10376/10376-filtered-reads-fasta/10376-merged.fasta
10466-merged.fasta,/tigress/DONIA/data/CRC_Yachida_2019/ADEN/10466/10466-filtered-reads-fasta/10466-merged.fasta
10470-merged.fasta,/tigress/DONIA/data/CRC_Yachida_2019/ADEN/10470/10470-filtered-reads-fasta/10470-merged.fasta
10471-merged.fasta,/tigress/DONIA/data/CRC_Yachida_2019/ADEN/10471/10471-filtered-reads-fasta/10471-merged.fasta
10484-merged.fasta,/tigress/DONIA/data/CRC_Yachida_2019/ADEN/10484/10484-filtered-reads-fasta/10484-merged.fasta
10485-merged.fasta,/tigress/DONIA/data/CRC_Yachida_2019/ADEN/10485/10485-filtered-reads-fasta/10485-merged.fasta
10502-merged.fasta,/tigress/DONIA/data/CRC_Yachida_2019/ADEN/10502/10502-filtered-reads-fasta/10502-merged.fasta
10511-merged.fasta,/tigress/DONIA/data/CRC_Yachida_2019/ADEN/10511/10511-filtered-reads-fasta/10511-merged.fasta
10517-merged.fasta,/tigress/DONIA/data/CRC_Yachida_2019/ADEN/10517/10517-filtered-reads-fasta/10517-merged.fasta
10548-merged.fasta,/tigress/DONIA/data/CRC_Yachida_2019/ADEN/10548/10548-filtered-reads-fasta/10548-merged.fasta
10549-merged.fasta,/tigress/DONIA/data/CRC_Yachida_2019/ADEN/10549/10549-filtered-reads-fasta/10549-merged.fasta
10555-merged.fasta,/tigress/DONIA/data/CRC_Yachida_2019/ADEN/10555/10555-filtered-reads-fasta/10555-merged.fasta
10569-merged.fasta,/tigress/DONIA/data/CRC_Yachida_2019/ADEN/10569/10569-filtered-reads-fasta/10569-merged.fasta
10571-merged.fasta,/tigress/DONIA/data/CRC_Yachida_2019/ADEN/10571/10571-filtered-reads-fasta/10571-merged.fasta
10572-merged.fasta,/tigress/DONIA/data/CRC_Yachida_2019/ADEN/10572/10572-filtered-reads-fasta/10572-merged.fasta
10580-merged.fasta,/tigress/DONIA/data/CRC_Yachida_2019/ADEN/10580/10580-filtered-reads-fasta/10580-merged.fasta
10581-merged.fasta,/tigress/DONIA/data/CRC_Yachida_2019/ADEN/10581/10581-filtered-reads-fasta/10581-merged.fasta
10608-merged.fasta,/tigress/DONIA/data/CRC_Yachida_2019/ADEN/10608/10608-filtered-reads-fasta/10608-merged.fasta
10610-merged.fasta,/tigress/DONIA/data/CRC_Yachida_2019/ADEN/10610/10610-filtered-reads-fasta/10610-merged.fasta
10614-merged.fasta,/tigress/DONIA/data/CRC_Yachida_2019/ADEN/10614/10614-filtered-reads-fasta/10614-merged.fasta
10619-merged.fasta,/tigress/DONIA/data/CRC_Yachida_2019/ADEN/10619/10619-filtered-reads-fasta/10619-merged.fasta
10630-merged.fasta,/tigress/DONIA/data/CRC_Yachida_2019/ADEN/10630/10630-filtered-reads-fasta/10630-merged.fasta
10634-merged.fasta,/tigress/DONIA/data/CRC_Yachida_2019/ADEN/10634/10634-filtered-reads-fasta/10634-merged.fasta
10642-merged.fasta,/tigress/DONIA/data/CRC_Yachida_2019/ADEN/10642/10642-filtered-reads-fasta/10642-merged.fasta
10681-merged.fasta,/tigress/DONIA/data/CRC_Yachida_2019/ADEN/10681/10681-filtered-reads-fasta/10681-merged.fasta
10695-merged.fasta,/tigress/DONIA/data/CRC_Yachida_2019/ADEN/10695/10695-filtered-reads-fasta/10695-merged.fasta
10728-merged.fasta,/tigress/DONIA/data/CRC_Yachida_2019/ADEN/10728/10728-filtered-reads-fasta/10728-merged.fasta
10759-merged.fasta,/tigress/DONIA/data/CRC_Yachida_2019/ADEN/10759/10759-filtered-reads-fasta/10759-merged.fasta
10766-merged.fasta,/tigress/DONIA/data/CRC_Yachida_2019/ADEN/10766/10766-filtered-reads-fasta/10766-merged.fasta
10780-merged.fasta,/tigress/DONIA/data/CRC_Yachida_2019/ADEN/10780/10780-filtered-reads-fasta/10780-merged.fasta
10793-merged.fasta,/tigress/DONIA/data/CRC_Yachida_2019/ADEN/10793/10793-filtered-reads-fasta/10793-merged.fasta
10809-merged.fasta,/tigress/DONIA/data/CRC_Yachida_2019/ADEN/10809/10809-filtered-reads-fasta/10809-merged.fasta
10811-merged.fasta,/tigress/DONIA/data/CRC_Yachida_2019/ADEN/10811/10811-filtered-reads-fasta/10811-merged.fasta
10825-merged.fasta,/tigress/DONIA/data/CRC_Yachida_2019/ADEN/10825/10825-filtered-reads-fasta/10825-merged.fasta
10831-merged.fasta,/tigress/DONIA/data/CRC_Yachida_2019/ADEN/10831/10831-filtered-reads-fasta/10831-merged.fasta
11253-merged.fasta,/tigress/DONIA/data/CRC_Yachida_2019/ADEN/11253/11253-filtered-reads-fasta/11253-merged.fasta
11315-merged.fasta,/tigress/DONIA/data/CRC_Yachida_2019/ADEN/11315/11315-filtered-reads-fasta/11315-merged.fasta
11407-merged.fasta,/tigress/DONIA/data/CRC_Yachida_2019/ADEN/11407/11407-filtered-reads-fasta/11407-merged.fasta
11457-merged.fasta,/tigress/DONIA/data/CRC_Yachida_2019/ADEN/11457/11457-filtered-reads-fasta/11457-merged.fasta
11458-merged.fasta,/tigress/DONIA/data/CRC_Yachida_2019/ADEN/11458/11458-filtered-reads-fasta/11458-merged.fasta
11461-merged.fasta,/tigress/DONIA/data/CRC_Yachida_2019/ADEN/11461/11461-filtered-reads-fasta/11461-merged.fasta
11462-merged.fasta,/tigress/DONIA/data/CRC_Yachida_2019/ADEN/11462/11462-filtered-reads-fasta/11462-merged.fasta
11502-merged.fasta,/tigress/DONIA/data/CRC_Yachida_2019/ADEN/11502/11502-filtered-reads-fasta/11502-merged.fasta
11508-merged.fasta,/tigress/DONIA/data/CRC_Yachida_2019/ADEN/11508/11508-filtered-reads-fasta/11508-merged.fasta
11511-merged.fasta,/tigress/DONIA/data/CRC_Yachida_2019/ADEN/11511/11511-filtered-reads-fasta/11511-merged.fasta
11518-merged.fasta,/tigress/DONIA/data/CRC_Yachida_2019/ADEN/11518/11518-filtered-reads-fasta/11518-merged.fasta
11667-merged.fasta,/tigress/DONIA/data/CRC_Yachida_2019/ADEN/11667/11667-filtered-reads-fasta/11667-merged.fasta
10021-merged.fasta,/tigress/DONIA/data/CRC_Yachida_2019/CRC/10021/10021-filtered-reads-fasta/10021-merged.fasta
10030-merged.fasta,/tigress/DONIA/data/CRC_Yachida_2019/CRC/10030/10030-filtered-reads-fasta/10030-merged.fasta
10033-merged.fasta,/tigress/DONIA/data/CRC_Yachida_2019/CRC/10033/10033-filtered-reads-fasta/10033-merged.fasta
10047-merged.fasta,/tigress/DONIA/data/CRC_Yachida_2019/CRC/10047/10047-filtered-reads-fasta/10047-merged.fasta
10055-merged.fasta,/tigress/DONIA/data/CRC_Yachida_2019/CRC/10055/10055-filtered-reads-fasta/10055-merged.fasta
10059-merged.fasta,/tigress/DONIA/data/CRC_Yachida_2019/CRC/10059/10059-filtered-reads-fasta/10059-merged.fasta
10067-merged.fasta,/tigress/DONIA/data/CRC_Yachida_2019/CRC/10067/10067-filtered-reads-fasta/10067-merged.fasta
10073-merged.fasta,/tigress/DONIA/data/CRC_Yachida_2019/CRC/10073/10073-filtered-reads-fasta/10073-merged.fasta
10074-merged.fasta,/tigress/DONIA/data/CRC_Yachida_2019/CRC/10074/10074-filtered-reads-fasta/10074-merged.fasta
10081-merged.fasta,/tigress/DONIA/data/CRC_Yachida_2019/CRC/10081/10081-filtered-reads-fasta/10081-merged.fasta
10091-merged.fasta,/tigress/DONIA/data/CRC_Yachida_2019/CRC/10091/10091-filtered-reads-fasta/10091-merged.fasta
10097-merged.fasta,/tigress/DONIA/data/CRC_Yachida_2019/CRC/10097/10097-filtered-reads-fasta/10097-merged.fasta
10099-merged.fasta,/tigress/DONIA/data/CRC_Yachida_2019/CRC/10099/10099-filtered-reads-fasta/10099-merged.fasta
10103-merged.fasta,/tigress/DONIA/data/CRC_Yachida_2019/CRC/10103/10103-filtered-reads-fasta/10103-merged.fasta
10118-merged.fasta,/tigress/DONIA/data/CRC_Yachida_2019/CRC/10118/10118-filtered-reads-fasta/10118-merged.fasta
10119-merged.fasta,/tigress/DONIA/data/CRC_Yachida_2019/CRC/10119/10119-filtered-reads-fasta/10119-merged.fasta
10124-merged.fasta,/tigress/DONIA/data/CRC_Yachida_2019/CRC/10124/10124-filtered-reads-fasta/10124-merged.fasta
10126-merged.fasta,/tigress/DONIA/data/CRC_Yachida_2019/CRC/10126/10126-filtered-reads-fasta/10126-merged.fasta
10134-merged.fasta,/tigress/DONIA/data/CRC_Yachida_2019/CRC/10134/10134-filtered-reads-fasta/10134-merged.fasta
10140-merged.fasta,/tigress/DONIA/data/CRC_Yachida_2019/CRC/10140/10140-filtered-reads-fasta/10140-merged.fasta
10147-merged.fasta,/tigress/DONIA/data/CRC_Yachida_2019/CRC/10147/10147-filtered-reads-fasta/10147-merged.fasta
10152-merged.fasta,/tigress/DONIA/data/CRC_Yachida_2019/CRC/10152/10152-filtered-reads-fasta/10152-merged.fasta
10154-merged.fasta,/tigress/DONIA/data/CRC_Yachida_2019/CRC/10154/10154-filtered-reads-fasta/10154-merged.fasta
10165-merged.fasta,/tigress/DONIA/data/CRC_Yachida_2019/CRC/10165/10165-filtered-reads-fasta/10165-merged.fasta
10168-merged.fasta,/tigress/DONIA/data/CRC_Yachida_2019/CRC/10168/10168-filtered-reads-fasta/10168-merged.fasta
10171-merged.fasta,/tigress/DONIA/data/CRC_Yachida_2019/CRC/10171/10171-filtered-reads-fasta/10171-merged.fasta
10177-merged.fasta,/tigress/DONIA/data/CRC_Yachida_2019/CRC/10177/10177-filtered-reads-fasta/10177-merged.fasta
10178-merged.fasta,/tigress/DONIA/data/CRC_Yachida_2019/CRC/10178/10178-filtered-reads-fasta/10178-merged.fasta
10185-merged.fasta,/tigress/DONIA/data/CRC_Yachida_2019/CRC/10185/10185-filtered-reads-fasta/10185-merged.fasta
10191-merged.fasta,/tigress/DONIA/data/CRC_Yachida_2019/CRC/10191/10191-filtered-reads-fasta/10191-merged.fasta
10195-merged.fasta,/tigress/DONIA/data/CRC_Yachida_2019/CRC/10195/10195-filtered-reads-fasta/10195-merged.fasta
10198-merged.fasta,/tigress/DONIA/data/CRC_Yachida_2019/CRC/10198/10198-filtered-reads-fasta/10198-merged.fasta
10199-merged.fasta,/tigress/DONIA/data/CRC_Yachida_2019/CRC/10199/10199-filtered-reads-fasta/10199-merged.fasta
10201-merged.fasta,/tigress/DONIA/data/CRC_Yachida_2019/CRC/10201/10201-filtered-reads-fasta/10201-merged.fasta
10203-merged.fasta,/tigress/DONIA/data/CRC_Yachida_2019/CRC/10203/10203-filtered-reads-fasta/10203-merged.fasta
10213-merged.fasta,/tigress/DONIA/data/CRC_Yachida_2019/CRC/10213/10213-filtered-reads-fasta/10213-merged.fasta
10232-merged.fasta,/tigress/DONIA/data/CRC_Yachida_2019/CRC/10232/10232-filtered-reads-fasta/10232-merged.fasta
10236-merged.fasta,/tigress/DONIA/data/CRC_Yachida_2019/CRC/10236/10236-filtered-reads-fasta/10236-merged.fasta
10237-merged.fasta,/tigress/DONIA/data/CRC_Yachida_2019/CRC/10237/10237-filtered-reads-fasta/10237-merged.fasta
10238-merged.fasta,/tigress/DONIA/data/CRC_Yachida_2019/CRC/10238/10238-filtered-reads-fasta/10238-merged.fasta
10248-merged.fasta,/tigress/DONIA/data/CRC_Yachida_2019/CRC/10248/10248-filtered-reads-fasta/10248-merged.fasta
10249-merged.fasta,/tigress/DONIA/data/CRC_Yachida_2019/CRC/10249/10249-filtered-reads-fasta/10249-merged.fasta
10260-merged.fasta,/tigress/DONIA/data/CRC_Yachida_2019/CRC/10260/10260-filtered-reads-fasta/10260-merged.fasta
10265-merged.fasta,/tigress/DONIA/data/CRC_Yachida_2019/CRC/10265/10265-filtered-reads-fasta/10265-merged.fasta
10266-merged.fasta,/tigress/DONIA/data/CRC_Yachida_2019/CRC/10266/10266-filtered-reads-fasta/10266-merged.fasta
10267-merged.fasta,/tigress/DONIA/data/CRC_Yachida_2019/CRC/10267/10267-filtered-reads-fasta/10267-merged.fasta
10277-merged.fasta,/tigress/DONIA/data/CRC_Yachida_2019/CRC/10277/10277-filtered-reads-fasta/10277-merged.fasta
10284-merged.fasta,/tigress/DONIA/data/CRC_Yachida_2019/CRC/10284/10284-filtered-reads-fasta/10284-merged.fasta
10303-merged.fasta,/tigress/DONIA/data/CRC_Yachida_2019/CRC/10303/10303-filtered-reads-fasta/10303-merged.fasta
10306-merged.fasta,/tigress/DONIA/data/CRC_Yachida_2019/CRC/10306/10306-filtered-reads-fasta/10306-merged.fasta
10307-merged.fasta,/tigress/DONIA/data/CRC_Yachida_2019/CRC/10307/10307-filtered-reads-fasta/10307-merged.fasta
10308-merged.fasta,/tigress/DONIA/data/CRC_Yachida_2019/CRC/10308/10308-filtered-reads-fasta/10308-merged.fasta
10309-merged.fasta,/tigress/DONIA/data/CRC_Yachida_2019/CRC/10309/10309-filtered-reads-fasta/10309-merged.fasta
10322-merged.fasta,/tigress/DONIA/data/CRC_Yachida_2019/CRC/10322/10322-filtered-reads-fasta/10322-merged.fasta
10323-merged.fasta,/tigress/DONIA/data/CRC_Yachida_2019/CRC/10323/10323-filtered-reads-fasta/10323-merged.fasta
10324-merged.fasta,/tigress/DONIA/data/CRC_Yachida_2019/CRC/10324/10324-filtered-reads-fasta/10324-merged.fasta
10330-merged.fasta,/tigress/DONIA/data/CRC_Yachida_2019/CRC/10330/10330-filtered-reads-fasta/10330-merged.fasta
10332-merged.fasta,/tigress/DONIA/data/CRC_Yachida_2019/CRC/10332/10332-filtered-reads-fasta/10332-merged.fasta
10333-merged.fasta,/tigress/DONIA/data/CRC_Yachida_2019/CRC/10333/10333-filtered-reads-fasta/10333-merged.fasta
10334-merged.fasta,/tigress/DONIA/data/CRC_Yachida_2019/CRC/10334/10334-filtered-reads-fasta/10334-merged.fasta
10338-merged.fasta,/tigress/DONIA/data/CRC_Yachida_2019/CRC/10338/10338-filtered-reads-fasta/10338-merged.fasta
10345-merged.fasta,/tigress/DONIA/data/CRC_Yachida_2019/CRC/10345/10345-filtered-reads-fasta/10345-merged.fasta
10358-merged.fasta,/tigress/DONIA/data/CRC_Yachida_2019/CRC/10358/10358-filtered-reads-fasta/10358-merged.fasta
10366-merged.fasta,/tigress/DONIA/data/CRC_Yachida_2019/CRC/10366/10366-filtered-reads-fasta/10366-merged.fasta
10367-merged.fasta,/tigress/DONIA/data/CRC_Yachida_2019/CRC/10367/10367-filtered-reads-fasta/10367-merged.fasta
10371-merged.fasta,/tigress/DONIA/data/CRC_Yachida_2019/CRC/10371/10371-filtered-reads-fasta/10371-merged.fasta
10377-merged.fasta,/tigress/DONIA/data/CRC_Yachida_2019/CRC/10377/10377-filtered-reads-fasta/10377-merged.fasta
10380-merged.fasta,/tigress/DONIA/data/CRC_Yachida_2019/CRC/10380/10380-filtered-reads-fasta/10380-merged.fasta
10385-merged.fasta,/tigress/DONIA/data/CRC_Yachida_2019/CRC/10385/10385-filtered-reads-fasta/10385-merged.fasta
10389-merged.fasta,/tigress/DONIA/data/CRC_Yachida_2019/CRC/10389/10389-filtered-reads-fasta/10389-merged.fasta
10459-merged.fasta,/tigress/DONIA/data/CRC_Yachida_2019/CRC/10459/10459-filtered-reads-fasta/10459-merged.fasta
10461-merged.fasta,/tigress/DONIA/data/CRC_Yachida_2019/CRC/10461/10461-filtered-reads-fasta/10461-merged.fasta
10462-merged.fasta,/tigress/DONIA/data/CRC_Yachida_2019/CRC/10462/10462-filtered-reads-fasta/10462-merged.fasta
10464-merged.fasta,/tigress/DONIA/data/CRC_Yachida_2019/CRC/10464/10464-filtered-reads-fasta/10464-merged.fasta
10468-merged.fasta,/tigress/DONIA/data/CRC_Yachida_2019/CRC/10468/10468-filtered-reads-fasta/10468-merged.fasta
10469-merged.fasta,/tigress/DONIA/data/CRC_Yachida_2019/CRC/10469/10469-filtered-reads-fasta/10469-merged.fasta
10476-merged.fasta,/tigress/DONIA/data/CRC_Yachida_2019/CRC/10476/10476-filtered-reads-fasta/10476-merged.fasta
10480-merged.fasta,/tigress/DONIA/data/CRC_Yachida_2019/CRC/10480/10480-filtered-reads-fasta/10480-merged.fasta
10483-merged.fasta,/tigress/DONIA/data/CRC_Yachida_2019/CRC/10483/10483-filtered-reads-fasta/10483-merged.fasta
10492-merged.fasta,/tigress/DONIA/data/CRC_Yachida_2019/CRC/10492/10492-filtered-reads-fasta/10492-merged.fasta
10503-merged.fasta,/tigress/DONIA/data/CRC_Yachida_2019/CRC/10503/10503-filtered-reads-fasta/10503-merged.fasta
10505-merged.fasta,/tigress/DONIA/data/CRC_Yachida_2019/CRC/10505/10505-filtered-reads-fasta/10505-merged.fasta
10513-merged.fasta,/tigress/DONIA/data/CRC_Yachida_2019/CRC/10513/10513-filtered-reads-fasta/10513-merged.fasta
10514-merged.fasta,/tigress/DONIA/data/CRC_Yachida_2019/CRC/10514/10514-filtered-reads-fasta/10514-merged.fasta
10523-merged.fasta,/tigress/DONIA/data/CRC_Yachida_2019/CRC/10523/10523-filtered-reads-fasta/10523-merged.fasta
10525-merged.fasta,/tigress/DONIA/data/CRC_Yachida_2019/CRC/10525/10525-filtered-reads-fasta/10525-merged.fasta
10527-merged.fasta,/tigress/DONIA/data/CRC_Yachida_2019/CRC/10527/10527-filtered-reads-fasta/10527-merged.fasta
10532-merged.fasta,/tigress/DONIA/data/CRC_Yachida_2019/CRC/10532/10532-filtered-reads-fasta/10532-merged.fasta
10542-merged.fasta,/tigress/DONIA/data/CRC_Yachida_2019/CRC/10542/10542-filtered-reads-fasta/10542-merged.fasta
10544-merged.fasta,/tigress/DONIA/data/CRC_Yachida_2019/CRC/10544/10544-filtered-reads-fasta/10544-merged.fasta
10545-merged.fasta,/tigress/DONIA/data/CRC_Yachida_2019/CRC/10545/10545-filtered-reads-fasta/10545-merged.fasta
10550-merged.fasta,/tigress/DONIA/data/CRC_Yachida_2019/CRC/10550/10550-filtered-reads-fasta/10550-merged.fasta
10556-merged.fasta,/tigress/DONIA/data/CRC_Yachida_2019/CRC/10556/10556-filtered-reads-fasta/10556-merged.fasta
10565-merged.fasta,/tigress/DONIA/data/CRC_Yachida_2019/CRC/10565/10565-filtered-reads-fasta/10565-merged.fasta
10566-merged.fasta,/tigress/DONIA/data/CRC_Yachida_2019/CRC/10566/10566-filtered-reads-fasta/10566-merged.fasta
10568-merged.fasta,/tigress/DONIA/data/CRC_Yachida_2019/CRC/10568/10568-filtered-reads-fasta/10568-merged.fasta
10576-merged.fasta,/tigress/DONIA/data/CRC_Yachida_2019/CRC/10576/10576-filtered-reads-fasta/10576-merged.fasta
10578-merged.fasta,/tigress/DONIA/data/CRC_Yachida_2019/CRC/10578/10578-filtered-reads-fasta/10578-merged.fasta
10579-merged.fasta,/tigress/DONIA/data/CRC_Yachida_2019/CRC/10579/10579-filtered-reads-fasta/10579-merged.fasta
10582-merged.fasta,/tigress/DONIA/data/CRC_Yachida_2019/CRC/10582/10582-filtered-reads-fasta/10582-merged.fasta
10584-merged.fasta,/tigress/DONIA/data/CRC_Yachida_2019/CRC/10584/10584-filtered-reads-fasta/10584-merged.fasta
10595-merged.fasta,/tigress/DONIA/data/CRC_Yachida_2019/CRC/10595/10595-filtered-reads-fasta/10595-merged.fasta
10596-merged.fasta,/tigress/DONIA/data/CRC_Yachida_2019/CRC/10596/10596-filtered-reads-fasta/10596-merged.fasta
10598-merged.fasta,/tigress/DONIA/data/CRC_Yachida_2019/CRC/10598/10598-filtered-reads-fasta/10598-merged.fasta
10601-merged.fasta,/tigress/DONIA/data/CRC_Yachida_2019/CRC/10601/10601-filtered-reads-fasta/10601-merged.fasta
10603-merged.fasta,/tigress/DONIA/data/CRC_Yachida_2019/CRC/10603/10603-filtered-reads-fasta/10603-merged.fasta
10604-merged.fasta,/tigress/DONIA/data/CRC_Yachida_2019/CRC/10604/10604-filtered-reads-fasta/10604-merged.fasta
10609-merged.fasta,/tigress/DONIA/data/CRC_Yachida_2019/CRC/10609/10609-filtered-reads-fasta/10609-merged.fasta
10615-merged.fasta,/tigress/DONIA/data/CRC_Yachida_2019/CRC/10615/10615-filtered-reads-fasta/10615-merged.fasta
10616-merged.fasta,/tigress/DONIA/data/CRC_Yachida_2019/CRC/10616/10616-filtered-reads-fasta/10616-merged.fasta
10628-merged.fasta,/tigress/DONIA/data/CRC_Yachida_2019/CRC/10628/10628-filtered-reads-fasta/10628-merged.fasta
10635-merged.fasta,/tigress/DONIA/data/CRC_Yachida_2019/CRC/10635/10635-filtered-reads-fasta/10635-merged.fasta
10644-merged.fasta,/tigress/DONIA/data/CRC_Yachida_2019/CRC/10644/10644-filtered-reads-fasta/10644-merged.fasta
10645-merged.fasta,/tigress/DONIA/data/CRC_Yachida_2019/CRC/10645/10645-filtered-reads-fasta/10645-merged.fasta
10646-merged.fasta,/tigress/DONIA/data/CRC_Yachida_2019/CRC/10646/10646-filtered-reads-fasta/10646-merged.fasta
10648-merged.fasta,/tigress/DONIA/data/CRC_Yachida_2019/CRC/10648/10648-filtered-reads-fasta/10648-merged.fasta
10656-merged.fasta,/tigress/DONIA/data/CRC_Yachida_2019/CRC/10656/10656-filtered-reads-fasta/10656-merged.fasta
10660-merged.fasta,/tigress/DONIA/data/CRC_Yachida_2019/CRC/10660/10660-filtered-reads-fasta/10660-merged.fasta
10665-merged.fasta,/tigress/DONIA/data/CRC_Yachida_2019/CRC/10665/10665-filtered-reads-fasta/10665-merged.fasta
10667-merged.fasta,/tigress/DONIA/data/CRC_Yachida_2019/CRC/10667/10667-filtered-reads-fasta/10667-merged.fasta
10668-merged.fasta,/tigress/DONIA/data/CRC_Yachida_2019/CRC/10668/10668-filtered-reads-fasta/10668-merged.fasta
10670-merged.fasta,/tigress/DONIA/data/CRC_Yachida_2019/CRC/10670/10670-filtered-reads-fasta/10670-merged.fasta
10671-merged.fasta,/tigress/DONIA/data/CRC_Yachida_2019/CRC/10671/10671-filtered-reads-fasta/10671-merged.fasta
10674-merged.fasta,/tigress/DONIA/data/CRC_Yachida_2019/CRC/10674/10674-filtered-reads-fasta/10674-merged.fasta
10675-merged.fasta,/tigress/DONIA/data/CRC_Yachida_2019/CRC/10675/10675-filtered-reads-fasta/10675-merged.fasta
10694-merged.fasta,/tigress/DONIA/data/CRC_Yachida_2019/CRC/10694/10694-filtered-reads-fasta/10694-merged.fasta
10697-merged.fasta,/tigress/DONIA/data/CRC_Yachida_2019/CRC/10697/10697-filtered-reads-fasta/10697-merged.fasta
10700-merged.fasta,/tigress/DONIA/data/CRC_Yachida_2019/CRC/10700/10700-filtered-reads-fasta/10700-merged.fasta
10709-merged.fasta,/tigress/DONIA/data/CRC_Yachida_2019/CRC/10709/10709-filtered-reads-fasta/10709-merged.fasta
10713-merged.fasta,/tigress/DONIA/data/CRC_Yachida_2019/CRC/10713/10713-filtered-reads-fasta/10713-merged.fasta
10714-merged.fasta,/tigress/DONIA/data/CRC_Yachida_2019/CRC/10714/10714-filtered-reads-fasta/10714-merged.fasta
10715-merged.fasta,/tigress/DONIA/data/CRC_Yachida_2019/CRC/10715/10715-filtered-reads-fasta/10715-merged.fasta
10717-merged.fasta,/tigress/DONIA/data/CRC_Yachida_2019/CRC/10717/10717-filtered-reads-fasta/10717-merged.fasta
10718-merged.fasta,/tigress/DONIA/data/CRC_Yachida_2019/CRC/10718/10718-filtered-reads-fasta/10718-merged.fasta
10720-merged.fasta,/tigress/DONIA/data/CRC_Yachida_2019/CRC/10720/10720-filtered-reads-fasta/10720-merged.fasta
10722-merged.fasta,/tigress/DONIA/data/CRC_Yachida_2019/CRC/10722/10722-filtered-reads-fasta/10722-merged.fasta
10723-merged.fasta,/tigress/DONIA/data/CRC_Yachida_2019/CRC/10723/10723-filtered-reads-fasta/10723-merged.fasta
10725-merged.fasta,/tigress/DONIA/data/CRC_Yachida_2019/CRC/10725/10725-filtered-reads-fasta/10725-merged.fasta
10731-merged.fasta,/tigress/DONIA/data/CRC_Yachida_2019/CRC/10731/10731-filtered-reads-fasta/10731-merged.fasta
10745-merged.fasta,/tigress/DONIA/data/CRC_Yachida_2019/CRC/10745/10745-filtered-reads-fasta/10745-merged.fasta
10747-merged.fasta,/tigress/DONIA/data/CRC_Yachida_2019/CRC/10747/10747-filtered-reads-fasta/10747-merged.fasta
10749-merged.fasta,/tigress/DONIA/data/CRC_Yachida_2019/CRC/10749/10749-filtered-reads-fasta/10749-merged.fasta
10754-merged.fasta,/tigress/DONIA/data/CRC_Yachida_2019/CRC/10754/10754-filtered-reads-fasta/10754-merged.fasta
10756-merged.fasta,/tigress/DONIA/data/CRC_Yachida_2019/CRC/10756/10756-filtered-reads-fasta/10756-merged.fasta
10760-merged.fasta,/tigress/DONIA/data/CRC_Yachida_2019/CRC/10760/10760-filtered-reads-fasta/10760-merged.fasta
10761-merged.fasta,/tigress/DONIA/data/CRC_Yachida_2019/CRC/10761/10761-filtered-reads-fasta/10761-merged.fasta
10762-merged.fasta,/tigress/DONIA/data/CRC_Yachida_2019/CRC/10762/10762-filtered-reads-fasta/10762-merged.fasta
10765-merged.fasta,/tigress/DONIA/data/CRC_Yachida_2019/CRC/10765/10765-filtered-reads-fasta/10765-merged.fasta
10767-merged.fasta,/tigress/DONIA/data/CRC_Yachida_2019/CRC/10767/10767-filtered-reads-fasta/10767-merged.fasta
10772-merged.fasta,/tigress/DONIA/data/CRC_Yachida_2019/CRC/10772/10772-filtered-reads-fasta/10772-merged.fasta
10774-merged.fasta,/tigress/DONIA/data/CRC_Yachida_2019/CRC/10774/10774-filtered-reads-fasta/10774-merged.fasta
10775-merged.fasta,/tigress/DONIA/data/CRC_Yachida_2019/CRC/10775/10775-filtered-reads-fasta/10775-merged.fasta
10785-merged.fasta,/tigress/DONIA/data/CRC_Yachida_2019/CRC/10785/10785-filtered-reads-fasta/10785-merged.fasta
10812-merged.fasta,/tigress/DONIA/data/CRC_Yachida_2019/CRC/10812/10812-filtered-reads-fasta/10812-merged.fasta
10813-merged.fasta,/tigress/DONIA/data/CRC_Yachida_2019/CRC/10813/10813-filtered-reads-fasta/10813-merged.fasta
10814-merged.fasta,/tigress/DONIA/data/CRC_Yachida_2019/CRC/10814/10814-filtered-reads-fasta/10814-merged.fasta
10816-merged.fasta,/tigress/DONIA/data/CRC_Yachida_2019/CRC/10816/10816-filtered-reads-fasta/10816-merged.fasta
10818-merged.fasta,/tigress/DONIA/data/CRC_Yachida_2019/CRC/10818/10818-filtered-reads-fasta/10818-merged.fasta
10819-merged.fasta,/tigress/DONIA/data/CRC_Yachida_2019/CRC/10819/10819-filtered-reads-fasta/10819-merged.fasta
10827-merged.fasta,/tigress/DONIA/data/CRC_Yachida_2019/CRC/10827/10827-filtered-reads-fasta/10827-merged.fasta
10829-merged.fasta,/tigress/DONIA/data/CRC_Yachida_2019/CRC/10829/10829-filtered-reads-fasta/10829-merged.fasta
10839-merged.fasta,/tigress/DONIA/data/CRC_Yachida_2019/CRC/10839/10839-filtered-reads-fasta/10839-merged.fasta
10847-merged.fasta,/tigress/DONIA/data/CRC_Yachida_2019/CRC/10847/10847-filtered-reads-fasta/10847-merged.fasta
10853-merged.fasta,/tigress/DONIA/data/CRC_Yachida_2019/CRC/10853/10853-filtered-reads-fasta/10853-merged.fasta
10860-merged.fasta,/tigress/DONIA/data/CRC_Yachida_2019/CRC/10860/10860-filtered-reads-fasta/10860-merged.fasta
10866-merged.fasta,/tigress/DONIA/data/CRC_Yachida_2019/CRC/10866/10866-filtered-reads-fasta/10866-merged.fasta
10880-merged.fasta,/tigress/DONIA/data/CRC_Yachida_2019/CRC/10880/10880-filtered-reads-fasta/10880-merged.fasta
10887-merged.fasta,/tigress/DONIA/data/CRC_Yachida_2019/CRC/10887/10887-filtered-reads-fasta/10887-merged.fasta
10888-merged.fasta,/tigress/DONIA/data/CRC_Yachida_2019/CRC/10888/10888-filtered-reads-fasta/10888-merged.fasta
10911-merged.fasta,/tigress/DONIA/data/CRC_Yachida_2019/CRC/10911/10911-filtered-reads-fasta/10911-merged.fasta
10931-merged.fasta,/tigress/DONIA/data/CRC_Yachida_2019/CRC/10931/10931-filtered-reads-fasta/10931-merged.fasta
10934-merged.fasta,/tigress/DONIA/data/CRC_Yachida_2019/CRC/10934/10934-filtered-reads-fasta/10934-merged.fasta
10935-merged.fasta,/tigress/DONIA/data/CRC_Yachida_2019/CRC/10935/10935-filtered-reads-fasta/10935-merged.fasta
10938-merged.fasta,/tigress/DONIA/data/CRC_Yachida_2019/CRC/10938/10938-filtered-reads-fasta/10938-merged.fasta
10967-merged.fasta,/tigress/DONIA/data/CRC_Yachida_2019/CRC/10967/10967-filtered-reads-fasta/10967-merged.fasta
10975-merged.fasta,/tigress/DONIA/data/CRC_Yachida_2019/CRC/10975/10975-filtered-reads-fasta/10975-merged.fasta
10980-merged.fasta,/tigress/DONIA/data/CRC_Yachida_2019/CRC/10980/10980-filtered-reads-fasta/10980-merged.fasta
10989-merged.fasta,/tigress/DONIA/data/CRC_Yachida_2019/CRC/10989/10989-filtered-reads-fasta/10989-merged.fasta
10992-merged.fasta,/tigress/DONIA/data/CRC_Yachida_2019/CRC/10992/10992-filtered-reads-fasta/10992-merged.fasta
11006-merged.fasta,/tigress/DONIA/data/CRC_Yachida_2019/CRC/11006/11006-filtered-reads-fasta/11006-merged.fasta
11008-merged.fasta,/tigress/DONIA/data/CRC_Yachida_2019/CRC/11008/11008-filtered-reads-fasta/11008-merged.fasta
11010-merged.fasta,/tigress/DONIA/data/CRC_Yachida_2019/CRC/11010/11010-filtered-reads-fasta/11010-merged.fasta
11011-merged.fasta,/tigress/DONIA/data/CRC_Yachida_2019/CRC/11011/11011-filtered-reads-fasta/11011-merged.fasta
11029-merged.fasta,/tigress/DONIA/data/CRC_Yachida_2019/CRC/11029/11029-filtered-reads-fasta/11029-merged.fasta
11030-merged.fasta,/tigress/DONIA/data/CRC_Yachida_2019/CRC/11030/11030-filtered-reads-fasta/11030-merged.fasta
11036-merged.fasta,/tigress/DONIA/data/CRC_Yachida_2019/CRC/11036/11036-filtered-reads-fasta/11036-merged.fasta
11045-merged.fasta,/tigress/DONIA/data/CRC_Yachida_2019/CRC/11045/11045-filtered-reads-fasta/11045-merged.fasta
11048-merged.fasta,/tigress/DONIA/data/CRC_Yachida_2019/CRC/11048/11048-filtered-reads-fasta/11048-merged.fasta
11054-merged.fasta,/tigress/DONIA/data/CRC_Yachida_2019/CRC/11054/11054-filtered-reads-fasta/11054-merged.fasta
11081-merged.fasta,/tigress/DONIA/data/CRC_Yachida_2019/CRC/11081/11081-filtered-reads-fasta/11081-merged.fasta
11085-merged.fasta,/tigress/DONIA/data/CRC_Yachida_2019/CRC/11085/11085-filtered-reads-fasta/11085-merged.fasta
11097-merged.fasta,/tigress/DONIA/data/CRC_Yachida_2019/CRC/11097/11097-filtered-reads-fasta/11097-merged.fasta
11103-merged.fasta,/tigress/DONIA/data/CRC_Yachida_2019/CRC/11103/11103-filtered-reads-fasta/11103-merged.fasta
11110-merged.fasta,/tigress/DONIA/data/CRC_Yachida_2019/CRC/11110/11110-filtered-reads-fasta/11110-merged.fasta
11121-merged.fasta,/tigress/DONIA/data/CRC_Yachida_2019/CRC/11121/11121-filtered-reads-fasta/11121-merged.fasta
11128-merged.fasta,/tigress/DONIA/data/CRC_Yachida_2019/CRC/11128/11128-filtered-reads-fasta/11128-merged.fasta
11132-merged.fasta,/tigress/DONIA/data/CRC_Yachida_2019/CRC/11132/11132-filtered-reads-fasta/11132-merged.fasta
11141-merged.fasta,/tigress/DONIA/data/CRC_Yachida_2019/CRC/11141/11141-filtered-reads-fasta/11141-merged.fasta
11151-merged.fasta,/tigress/DONIA/data/CRC_Yachida_2019/CRC/11151/11151-filtered-reads-fasta/11151-merged.fasta
11162-merged.fasta,/tigress/DONIA/data/CRC_Yachida_2019/CRC/11162/11162-filtered-reads-fasta/11162-merged.fasta
11224-merged.fasta,/tigress/DONIA/data/CRC_Yachida_2019/CRC/11224/11224-filtered-reads-fasta/11224-merged.fasta
11237-merged.fasta,/tigress/DONIA/data/CRC_Yachida_2019/CRC/11237/11237-filtered-reads-fasta/11237-merged.fasta
11238-merged.fasta,/tigress/DONIA/data/CRC_Yachida_2019/CRC/11238/11238-filtered-reads-fasta/11238-merged.fasta
11241-merged.fasta,/tigress/DONIA/data/CRC_Yachida_2019/CRC/11241/11241-filtered-reads-fasta/11241-merged.fasta
11281-merged.fasta,/tigress/DONIA/data/CRC_Yachida_2019/CRC/11281/11281-filtered-reads-fasta/11281-merged.fasta
11417-merged.fasta,/tigress/DONIA/data/CRC_Yachida_2019/CRC/11417/11417-filtered-reads-fasta/11417-merged.fasta
11423-merged.fasta,/tigress/DONIA/data/CRC_Yachida_2019/CRC/11423/11423-filtered-reads-fasta/11423-merged.fasta
11428-merged.fasta,/tigress/DONIA/data/CRC_Yachida_2019/CRC/11428/11428-filtered-reads-fasta/11428-merged.fasta
11433-merged.fasta,/tigress/DONIA/data/CRC_Yachida_2019/CRC/11433/11433-filtered-reads-fasta/11433-merged.fasta
11438-merged.fasta,/tigress/DONIA/data/CRC_Yachida_2019/CRC/11438/11438-filtered-reads-fasta/11438-merged.fasta
11445-merged.fasta,/tigress/DONIA/data/CRC_Yachida_2019/CRC/11445/11445-filtered-reads-fasta/11445-merged.fasta
11453-merged.fasta,/tigress/DONIA/data/CRC_Yachida_2019/CRC/11453/11453-filtered-reads-fasta/11453-merged.fasta
11472-merged.fasta,/tigress/DONIA/data/CRC_Yachida_2019/CRC/11472/11472-filtered-reads-fasta/11472-merged.fasta
11478-merged.fasta,/tigress/DONIA/data/CRC_Yachida_2019/CRC/11478/11478-filtered-reads-fasta/11478-merged.fasta
11490-merged.fasta,/tigress/DONIA/data/CRC_Yachida_2019/CRC/11490/11490-filtered-reads-fasta/11490-merged.fasta
11498-merged.fasta,/tigress/DONIA/data/CRC_Yachida_2019/CRC/11498/11498-filtered-reads-fasta/11498-merged.fasta
11510-merged.fasta,/tigress/DONIA/data/CRC_Yachida_2019/CRC/11510/11510-filtered-reads-fasta/11510-merged.fasta
11512-merged.fasta,/tigress/DONIA/data/CRC_Yachida_2019/CRC/11512/11512-filtered-reads-fasta/11512-merged.fasta
11817-merged.fasta,/tigress/DONIA/data/CRC_Yachida_2019/CRC/11817/11817-filtered-reads-fasta/11817-merged.fasta
11819-merged.fasta,/tigress/DONIA/data/CRC_Yachida_2019/CRC/11819/11819-filtered-reads-fasta/11819-merged.fasta
11820-merged.fasta,/tigress/DONIA/data/CRC_Yachida_2019/CRC/11820/11820-filtered-reads-fasta/11820-merged.fasta
11823-merged.fasta,/tigress/DONIA/data/CRC_Yachida_2019/CRC/11823/11823-filtered-reads-fasta/11823-merged.fasta
11826-merged.fasta,/tigress/DONIA/data/CRC_Yachida_2019/CRC/11826/11826-filtered-reads-fasta/11826-merged.fasta
11829-merged.fasta,/tigress/DONIA/data/CRC_Yachida_2019/CRC/11829/11829-filtered-reads-fasta/11829-merged.fasta
11831-merged.fasta,/tigress/DONIA/data/CRC_Yachida_2019/CRC/11831/11831-filtered-reads-fasta/11831-merged.fasta
11835-merged.fasta,/tigress/DONIA/data/CRC_Yachida_2019/CRC/11835/11835-filtered-reads-fasta/11835-merged.fasta
11836-merged.fasta,/tigress/DONIA/data/CRC_Yachida_2019/CRC/11836/11836-filtered-reads-fasta/11836-merged.fasta
11838-merged.fasta,/tigress/DONIA/data/CRC_Yachida_2019/CRC/11838/11838-filtered-reads-fasta/11838-merged.fasta
11851-merged.fasta,/tigress/DONIA/data/CRC_Yachida_2019/CRC/11851/11851-filtered-reads-fasta/11851-merged.fasta
11859-merged.fasta,/tigress/DONIA/data/CRC_Yachida_2019/CRC/11859/11859-filtered-reads-fasta/11859-merged.fasta
11879-merged.fasta,/tigress/DONIA/data/CRC_Yachida_2019/CRC/11879/11879-filtered-reads-fasta/11879-merged.fasta
11881-merged.fasta,/tigress/DONIA/data/CRC_Yachida_2019/CRC/11881/11881-filtered-reads-fasta/11881-merged.fasta
11888-merged.fasta,/tigress/DONIA/data/CRC_Yachida_2019/CRC/11888/11888-filtered-reads-fasta/11888-merged.fasta
11891-merged.fasta,/tigress/DONIA/data/CRC_Yachida_2019/CRC/11891/11891-filtered-reads-fasta/11891-merged.fasta
11893-merged.fasta,/tigress/DONIA/data/CRC_Yachida_2019/CRC/11893/11893-filtered-reads-fasta/11893-merged.fasta
11899-merged.fasta,/tigress/DONIA/data/CRC_Yachida_2019/CRC/11899/11899-filtered-reads-fasta/11899-merged.fasta
11900-merged.fasta,/tigress/DONIA/data/CRC_Yachida_2019/CRC/11900/11900-filtered-reads-fasta/11900-merged.fasta
11918-merged.fasta,/tigress/DONIA/data/CRC_Yachida_2019/CRC/11918/11918-filtered-reads-fasta/11918-merged.fasta
11920-merged.fasta,/tigress/DONIA/data/CRC_Yachida_2019/CRC/11920/11920-filtered-reads-fasta/11920-merged.fasta
11921-merged.fasta,/tigress/DONIA/data/CRC_Yachida_2019/CRC/11921/11921-filtered-reads-fasta/11921-merged.fasta
11922-merged.fasta,/tigress/DONIA/data/CRC_Yachida_2019/CRC/11922/11922-filtered-reads-fasta/11922-merged.fasta
11929-merged.fasta,/tigress/DONIA/data/CRC_Yachida_2019/CRC/11929/11929-filtered-reads-fasta/11929-merged.fasta
11940-merged.fasta,/tigress/DONIA/data/CRC_Yachida_2019/CRC/11940/11940-filtered-reads-fasta/11940-merged.fasta
11951-merged.fasta,/tigress/DONIA/data/CRC_Yachida_2019/CRC/11951/11951-filtered-reads-fasta/11951-merged.fasta
11956-merged.fasta,/tigress/DONIA/data/CRC_Yachida_2019/CRC/11956/11956-filtered-reads-fasta/11956-merged.fasta
11957-merged.fasta,/tigress/DONIA/data/CRC_Yachida_2019/CRC/11957/11957-filtered-reads-fasta/11957-merged.fasta
11973-merged.fasta,/tigress/DONIA/data/CRC_Yachida_2019/CRC/11973/11973-filtered-reads-fasta/11973-merged.fasta
11974-merged.fasta,/tigress/DONIA/data/CRC_Yachida_2019/CRC/11974/11974-filtered-reads-fasta/11974-merged.fasta
11982-merged.fasta,/tigress/DONIA/data/CRC_Yachida_2019/CRC/11982/11982-filtered-reads-fasta/11982-merged.fasta
11993-merged.fasta,/tigress/DONIA/data/CRC_Yachida_2019/CRC/11993/11993-filtered-reads-fasta/11993-merged.fasta
1-merged.fasta,/tigress/DONIA/data/CRC_Yachida_2019/CRC/1/1-filtered-reads-fasta/1-merged.fasta
12002-merged.fasta,/tigress/DONIA/data/CRC_Yachida_2019/CRC/12002/12002-filtered-reads-fasta/12002-merged.fasta
12005-merged.fasta,/tigress/DONIA/data/CRC_Yachida_2019/CRC/12005/12005-filtered-reads-fasta/12005-merged.fasta
12014-merged.fasta,/tigress/DONIA/data/CRC_Yachida_2019/CRC/12014/12014-filtered-reads-fasta/12014-merged.fasta
12020-merged.fasta,/tigress/DONIA/data/CRC_Yachida_2019/CRC/12020/12020-filtered-reads-fasta/12020-merged.fasta
12022-merged.fasta,/tigress/DONIA/data/CRC_Yachida_2019/CRC/12022/12022-filtered-reads-fasta/12022-merged.fasta
12024-merged.fasta,/tigress/DONIA/data/CRC_Yachida_2019/CRC/12024/12024-filtered-reads-fasta/12024-merged.fasta
12025-merged.fasta,/tigress/DONIA/data/CRC_Yachida_2019/CRC/12025/12025-filtered-reads-fasta/12025-merged.fasta
10023-merged.fasta,/tigress/DONIA/data/CRC_Yachida_2019/HC/10023/10023-filtered-reads-fasta/10023-merged.fasta
10025-merged.fasta,/tigress/DONIA/data/CRC_Yachida_2019/HC/10025/10025-filtered-reads-fasta/10025-merged.fasta
10029-merged.fasta,/tigress/DONIA/data/CRC_Yachida_2019/HC/10029/10029-filtered-reads-fasta/10029-merged.fasta
10031-merged.fasta,/tigress/DONIA/data/CRC_Yachida_2019/HC/10031/10031-filtered-reads-fasta/10031-merged.fasta
10036-merged.fasta,/tigress/DONIA/data/CRC_Yachida_2019/HC/10036/10036-filtered-reads-fasta/10036-merged.fasta
10037-merged.fasta,/tigress/DONIA/data/CRC_Yachida_2019/HC/10037/10037-filtered-reads-fasta/10037-merged.fasta
10038-merged.fasta,/tigress/DONIA/data/CRC_Yachida_2019/HC/10038/10038-filtered-reads-fasta/10038-merged.fasta
10040-merged.fasta,/tigress/DONIA/data/CRC_Yachida_2019/HC/10040/10040-filtered-reads-fasta/10040-merged.fasta
10046-merged.fasta,/tigress/DONIA/data/CRC_Yachida_2019/HC/10046/10046-filtered-reads-fasta/10046-merged.fasta
10048-merged.fasta,/tigress/DONIA/data/CRC_Yachida_2019/HC/10048/10048-filtered-reads-fasta/10048-merged.fasta
10052-merged.fasta,/tigress/DONIA/data/CRC_Yachida_2019/HC/10052/10052-filtered-reads-fasta/10052-merged.fasta
10058-merged.fasta,/tigress/DONIA/data/CRC_Yachida_2019/HC/10058/10058-filtered-reads-fasta/10058-merged.fasta
10060-merged.fasta,/tigress/DONIA/data/CRC_Yachida_2019/HC/10060/10060-filtered-reads-fasta/10060-merged.fasta
10080-merged.fasta,/tigress/DONIA/data/CRC_Yachida_2019/HC/10080/10080-filtered-reads-fasta/10080-merged.fasta
10092-merged.fasta,/tigress/DONIA/data/CRC_Yachida_2019/HC/10092/10092-filtered-reads-fasta/10092-merged.fasta
10100-merged.fasta,/tigress/DONIA/data/CRC_Yachida_2019/HC/10100/10100-filtered-reads-fasta/10100-merged.fasta
10105-merged.fasta,/tigress/DONIA/data/CRC_Yachida_2019/HC/10105/10105-filtered-reads-fasta/10105-merged.fasta
10106-merged.fasta,/tigress/DONIA/data/CRC_Yachida_2019/HC/10106/10106-filtered-reads-fasta/10106-merged.fasta
10107-merged.fasta,/tigress/DONIA/data/CRC_Yachida_2019/HC/10107/10107-filtered-reads-fasta/10107-merged.fasta
10114-merged.fasta,/tigress/DONIA/data/CRC_Yachida_2019/HC/10114/10114-filtered-reads-fasta/10114-merged.fasta
10132-merged.fasta,/tigress/DONIA/data/CRC_Yachida_2019/HC/10132/10132-filtered-reads-fasta/10132-merged.fasta
10135-merged.fasta,/tigress/DONIA/data/CRC_Yachida_2019/HC/10135/10135-filtered-reads-fasta/10135-merged.fasta
10144-merged.fasta,/tigress/DONIA/data/CRC_Yachida_2019/HC/10144/10144-filtered-reads-fasta/10144-merged.fasta
10150-merged.fasta,/tigress/DONIA/data/CRC_Yachida_2019/HC/10150/10150-filtered-reads-fasta/10150-merged.fasta
10151-merged.fasta,/tigress/DONIA/data/CRC_Yachida_2019/HC/10151/10151-filtered-reads-fasta/10151-merged.fasta
10158-merged.fasta,/tigress/DONIA/data/CRC_Yachida_2019/HC/10158/10158-filtered-reads-fasta/10158-merged.fasta
10169-merged.fasta,/tigress/DONIA/data/CRC_Yachida_2019/HC/10169/10169-filtered-reads-fasta/10169-merged.fasta
10183-merged.fasta,/tigress/DONIA/data/CRC_Yachida_2019/HC/10183/10183-filtered-reads-fasta/10183-merged.fasta
10188-merged.fasta,/tigress/DONIA/data/CRC_Yachida_2019/HC/10188/10188-filtered-reads-fasta/10188-merged.fasta
10197-merged.fasta,/tigress/DONIA/data/CRC_Yachida_2019/HC/10197/10197-filtered-reads-fasta/10197-merged.fasta
10200-merged.fasta,/tigress/DONIA/data/CRC_Yachida_2019/HC/10200/10200-filtered-reads-fasta/10200-merged.fasta
10206-merged.fasta,/tigress/DONIA/data/CRC_Yachida_2019/HC/10206/10206-filtered-reads-fasta/10206-merged.fasta
10207-merged.fasta,/tigress/DONIA/data/CRC_Yachida_2019/HC/10207/10207-filtered-reads-fasta/10207-merged.fasta
10208-merged.fasta,/tigress/DONIA/data/CRC_Yachida_2019/HC/10208/10208-filtered-reads-fasta/10208-merged.fasta
10212-merged.fasta,/tigress/DONIA/data/CRC_Yachida_2019/HC/10212/10212-filtered-reads-fasta/10212-merged.fasta
10215-merged.fasta,/tigress/DONIA/data/CRC_Yachida_2019/HC/10215/10215-filtered-reads-fasta/10215-merged.fasta
10219-merged.fasta,/tigress/DONIA/data/CRC_Yachida_2019/HC/10219/10219-filtered-reads-fasta/10219-merged.fasta
10221-merged.fasta,/tigress/DONIA/data/CRC_Yachida_2019/HC/10221/10221-filtered-reads-fasta/10221-merged.fasta
10223-merged.fasta,/tigress/DONIA/data/CRC_Yachida_2019/HC/10223/10223-filtered-reads-fasta/10223-merged.fasta
10226-merged.fasta,/tigress/DONIA/data/CRC_Yachida_2019/HC/10226/10226-filtered-reads-fasta/10226-merged.fasta
10229-merged.fasta,/tigress/DONIA/data/CRC_Yachida_2019/HC/10229/10229-filtered-reads-fasta/10229-merged.fasta
10231-merged.fasta,/tigress/DONIA/data/CRC_Yachida_2019/HC/10231/10231-filtered-reads-fasta/10231-merged.fasta
10234-merged.fasta,/tigress/DONIA/data/CRC_Yachida_2019/HC/10234/10234-filtered-reads-fasta/10234-merged.fasta
10235-merged.fasta,/tigress/DONIA/data/CRC_Yachida_2019/HC/10235/10235-filtered-reads-fasta/10235-merged.fasta
10244-merged.fasta,/tigress/DONIA/data/CRC_Yachida_2019/HC/10244/10244-filtered-reads-fasta/10244-merged.fasta
10246-merged.fasta,/tigress/DONIA/data/CRC_Yachida_2019/HC/10246/10246-filtered-reads-fasta/10246-merged.fasta
10250-merged.fasta,/tigress/DONIA/data/CRC_Yachida_2019/HC/10250/10250-filtered-reads-fasta/10250-merged.fasta
10254-merged.fasta,/tigress/DONIA/data/CRC_Yachida_2019/HC/10254/10254-filtered-reads-fasta/10254-merged.fasta
10258-merged.fasta,/tigress/DONIA/data/CRC_Yachida_2019/HC/10258/10258-filtered-reads-fasta/10258-merged.fasta
10259-merged.fasta,/tigress/DONIA/data/CRC_Yachida_2019/HC/10259/10259-filtered-reads-fasta/10259-merged.fasta
10262-merged.fasta,/tigress/DONIA/data/CRC_Yachida_2019/HC/10262/10262-filtered-reads-fasta/10262-merged.fasta
10269-merged.fasta,/tigress/DONIA/data/CRC_Yachida_2019/HC/10269/10269-filtered-reads-fasta/10269-merged.fasta
10271-merged.fasta,/tigress/DONIA/data/CRC_Yachida_2019/HC/10271/10271-filtered-reads-fasta/10271-merged.fasta
10272-merged.fasta,/tigress/DONIA/data/CRC_Yachida_2019/HC/10272/10272-filtered-reads-fasta/10272-merged.fasta
10273-merged.fasta,/tigress/DONIA/data/CRC_Yachida_2019/HC/10273/10273-filtered-reads-fasta/10273-merged.fasta
10274-merged.fasta,/tigress/DONIA/data/CRC_Yachida_2019/HC/10274/10274-filtered-reads-fasta/10274-merged.fasta
10298-merged.fasta,/tigress/DONIA/data/CRC_Yachida_2019/HC/10298/10298-filtered-reads-fasta/10298-merged.fasta
10301-merged.fasta,/tigress/DONIA/data/CRC_Yachida_2019/HC/10301/10301-filtered-reads-fasta/10301-merged.fasta
10302-merged.fasta,/tigress/DONIA/data/CRC_Yachida_2019/HC/10302/10302-filtered-reads-fasta/10302-merged.fasta
10304-merged.fasta,/tigress/DONIA/data/CRC_Yachida_2019/HC/10304/10304-filtered-reads-fasta/10304-merged.fasta
10315-merged.fasta,/tigress/DONIA/data/CRC_Yachida_2019/HC/10315/10315-filtered-reads-fasta/10315-merged.fasta
10317-merged.fasta,/tigress/DONIA/data/CRC_Yachida_2019/HC/10317/10317-filtered-reads-fasta/10317-merged.fasta
10318-merged.fasta,/tigress/DONIA/data/CRC_Yachida_2019/HC/10318/10318-filtered-reads-fasta/10318-merged.fasta
10320-merged.fasta,/tigress/DONIA/data/CRC_Yachida_2019/HC/10320/10320-filtered-reads-fasta/10320-merged.fasta
10325-merged.fasta,/tigress/DONIA/data/CRC_Yachida_2019/HC/10325/10325-filtered-reads-fasta/10325-merged.fasta
10335-merged.fasta,/tigress/DONIA/data/CRC_Yachida_2019/HC/10335/10335-filtered-reads-fasta/10335-merged.fasta
10339-merged.fasta,/tigress/DONIA/data/CRC_Yachida_2019/HC/10339/10339-filtered-reads-fasta/10339-merged.fasta
10340-merged.fasta,/tigress/DONIA/data/CRC_Yachida_2019/HC/10340/10340-filtered-reads-fasta/10340-merged.fasta
10341-merged.fasta,/tigress/DONIA/data/CRC_Yachida_2019/HC/10341/10341-filtered-reads-fasta/10341-merged.fasta
10349-merged.fasta,/tigress/DONIA/data/CRC_Yachida_2019/HC/10349/10349-filtered-reads-fasta/10349-merged.fasta
10350-merged.fasta,/tigress/DONIA/data/CRC_Yachida_2019/HC/10350/10350-filtered-reads-fasta/10350-merged.fasta
10353-merged.fasta,/tigress/DONIA/data/CRC_Yachida_2019/HC/10353/10353-filtered-reads-fasta/10353-merged.fasta
10354-merged.fasta,/tigress/DONIA/data/CRC_Yachida_2019/HC/10354/10354-filtered-reads-fasta/10354-merged.fasta
10356-merged.fasta,/tigress/DONIA/data/CRC_Yachida_2019/HC/10356/10356-filtered-reads-fasta/10356-merged.fasta
10357-merged.fasta,/tigress/DONIA/data/CRC_Yachida_2019/HC/10357/10357-filtered-reads-fasta/10357-merged.fasta
10362-merged.fasta,/tigress/DONIA/data/CRC_Yachida_2019/HC/10362/10362-filtered-reads-fasta/10362-merged.fasta
10364-merged.fasta,/tigress/DONIA/data/CRC_Yachida_2019/HC/10364/10364-filtered-reads-fasta/10364-merged.fasta
10378-merged.fasta,/tigress/DONIA/data/CRC_Yachida_2019/HC/10378/10378-filtered-reads-fasta/10378-merged.fasta
10390-merged.fasta,/tigress/DONIA/data/CRC_Yachida_2019/HC/10390/10390-filtered-reads-fasta/10390-merged.fasta
10456-merged.fasta,/tigress/DONIA/data/CRC_Yachida_2019/HC/10456/10456-filtered-reads-fasta/10456-merged.fasta
10463-merged.fasta,/tigress/DONIA/data/CRC_Yachida_2019/HC/10463/10463-filtered-reads-fasta/10463-merged.fasta
10465-merged.fasta,/tigress/DONIA/data/CRC_Yachida_2019/HC/10465/10465-filtered-reads-fasta/10465-merged.fasta
10473-merged.fasta,/tigress/DONIA/data/CRC_Yachida_2019/HC/10473/10473-filtered-reads-fasta/10473-merged.fasta
10486-merged.fasta,/tigress/DONIA/data/CRC_Yachida_2019/HC/10486/10486-filtered-reads-fasta/10486-merged.fasta
10487-merged.fasta,/tigress/DONIA/data/CRC_Yachida_2019/HC/10487/10487-filtered-reads-fasta/10487-merged.fasta
10489-merged.fasta,/tigress/DONIA/data/CRC_Yachida_2019/HC/10489/10489-filtered-reads-fasta/10489-merged.fasta
10497-merged.fasta,/tigress/DONIA/data/CRC_Yachida_2019/HC/10497/10497-filtered-reads-fasta/10497-merged.fasta
10504-merged.fasta,/tigress/DONIA/data/CRC_Yachida_2019/HC/10504/10504-filtered-reads-fasta/10504-merged.fasta
10508-merged.fasta,/tigress/DONIA/data/CRC_Yachida_2019/HC/10508/10508-filtered-reads-fasta/10508-merged.fasta
10510-merged.fasta,/tigress/DONIA/data/CRC_Yachida_2019/HC/10510/10510-filtered-reads-fasta/10510-merged.fasta
10512-merged.fasta,/tigress/DONIA/data/CRC_Yachida_2019/HC/10512/10512-filtered-reads-fasta/10512-merged.fasta
10515-merged.fasta,/tigress/DONIA/data/CRC_Yachida_2019/HC/10515/10515-filtered-reads-fasta/10515-merged.fasta
10519-merged.fasta,/tigress/DONIA/data/CRC_Yachida_2019/HC/10519/10519-filtered-reads-fasta/10519-merged.fasta
10537-merged.fasta,/tigress/DONIA/data/CRC_Yachida_2019/HC/10537/10537-filtered-reads-fasta/10537-merged.fasta
10541-merged.fasta,/tigress/DONIA/data/CRC_Yachida_2019/HC/10541/10541-filtered-reads-fasta/10541-merged.fasta
10543-merged.fasta,/tigress/DONIA/data/CRC_Yachida_2019/HC/10543/10543-filtered-reads-fasta/10543-merged.fasta
10559-merged.fasta,/tigress/DONIA/data/CRC_Yachida_2019/HC/10559/10559-filtered-reads-fasta/10559-merged.fasta
10562-merged.fasta,/tigress/DONIA/data/CRC_Yachida_2019/HC/10562/10562-filtered-reads-fasta/10562-merged.fasta
10570-merged.fasta,/tigress/DONIA/data/CRC_Yachida_2019/HC/10570/10570-filtered-reads-fasta/10570-merged.fasta
10577-merged.fasta,/tigress/DONIA/data/CRC_Yachida_2019/HC/10577/10577-filtered-reads-fasta/10577-merged.fasta
10583-merged.fasta,/tigress/DONIA/data/CRC_Yachida_2019/HC/10583/10583-filtered-reads-fasta/10583-merged.fasta
10585-merged.fasta,/tigress/DONIA/data/CRC_Yachida_2019/HC/10585/10585-filtered-reads-fasta/10585-merged.fasta
10586-merged.fasta,/tigress/DONIA/data/CRC_Yachida_2019/HC/10586/10586-filtered-reads-fasta/10586-merged.fasta
10587-merged.fasta,/tigress/DONIA/data/CRC_Yachida_2019/HC/10587/10587-filtered-reads-fasta/10587-merged.fasta
10589-merged.fasta,/tigress/DONIA/data/CRC_Yachida_2019/HC/10589/10589-filtered-reads-fasta/10589-merged.fasta
10591-merged.fasta,/tigress/DONIA/data/CRC_Yachida_2019/HC/10591/10591-filtered-reads-fasta/10591-merged.fasta
10592-merged.fasta,/tigress/DONIA/data/CRC_Yachida_2019/HC/10592/10592-filtered-reads-fasta/10592-merged.fasta
10593-merged.fasta,/tigress/DONIA/data/CRC_Yachida_2019/HC/10593/10593-filtered-reads-fasta/10593-merged.fasta
10618-merged.fasta,/tigress/DONIA/data/CRC_Yachida_2019/HC/10618/10618-filtered-reads-fasta/10618-merged.fasta
10620-merged.fasta,/tigress/DONIA/data/CRC_Yachida_2019/HC/10620/10620-filtered-reads-fasta/10620-merged.fasta
10621-merged.fasta,/tigress/DONIA/data/CRC_Yachida_2019/HC/10621/10621-filtered-reads-fasta/10621-merged.fasta
10622-merged.fasta,/tigress/DONIA/data/CRC_Yachida_2019/HC/10622/10622-filtered-reads-fasta/10622-merged.fasta
10627-merged.fasta,/tigress/DONIA/data/CRC_Yachida_2019/HC/10627/10627-filtered-reads-fasta/10627-merged.fasta
10632-merged.fasta,/tigress/DONIA/data/CRC_Yachida_2019/HC/10632/10632-filtered-reads-fasta/10632-merged.fasta
10639-merged.fasta,/tigress/DONIA/data/CRC_Yachida_2019/HC/10639/10639-filtered-reads-fasta/10639-merged.fasta
10647-merged.fasta,/tigress/DONIA/data/CRC_Yachida_2019/HC/10647/10647-filtered-reads-fasta/10647-merged.fasta
10657-merged.fasta,/tigress/DONIA/data/CRC_Yachida_2019/HC/10657/10657-filtered-reads-fasta/10657-merged.fasta
10659-merged.fasta,/tigress/DONIA/data/CRC_Yachida_2019/HC/10659/10659-filtered-reads-fasta/10659-merged.fasta
10661-merged.fasta,/tigress/DONIA/data/CRC_Yachida_2019/HC/10661/10661-filtered-reads-fasta/10661-merged.fasta
10663-merged.fasta,/tigress/DONIA/data/CRC_Yachida_2019/HC/10663/10663-filtered-reads-fasta/10663-merged.fasta
10678-merged.fasta,/tigress/DONIA/data/CRC_Yachida_2019/HC/10678/10678-filtered-reads-fasta/10678-merged.fasta
10684-merged.fasta,/tigress/DONIA/data/CRC_Yachida_2019/HC/10684/10684-filtered-reads-fasta/10684-merged.fasta
10698-merged.fasta,/tigress/DONIA/data/CRC_Yachida_2019/HC/10698/10698-filtered-reads-fasta/10698-merged.fasta
10701-merged.fasta,/tigress/DONIA/data/CRC_Yachida_2019/HC/10701/10701-filtered-reads-fasta/10701-merged.fasta
10716-merged.fasta,/tigress/DONIA/data/CRC_Yachida_2019/HC/10716/10716-filtered-reads-fasta/10716-merged.fasta
10726-merged.fasta,/tigress/DONIA/data/CRC_Yachida_2019/HC/10726/10726-filtered-reads-fasta/10726-merged.fasta
10733-merged.fasta,/tigress/DONIA/data/CRC_Yachida_2019/HC/10733/10733-filtered-reads-fasta/10733-merged.fasta
10741-merged.fasta,/tigress/DONIA/data/CRC_Yachida_2019/HC/10741/10741-filtered-reads-fasta/10741-merged.fasta
10776-merged.fasta,/tigress/DONIA/data/CRC_Yachida_2019/HC/10776/10776-filtered-reads-fasta/10776-merged.fasta
10784-merged.fasta,/tigress/DONIA/data/CRC_Yachida_2019/HC/10784/10784-filtered-reads-fasta/10784-merged.fasta
10788-merged.fasta,/tigress/DONIA/data/CRC_Yachida_2019/HC/10788/10788-filtered-reads-fasta/10788-merged.fasta
10794-merged.fasta,/tigress/DONIA/data/CRC_Yachida_2019/HC/10794/10794-filtered-reads-fasta/10794-merged.fasta
10797-merged.fasta,/tigress/DONIA/data/CRC_Yachida_2019/HC/10797/10797-filtered-reads-fasta/10797-merged.fasta
10801-merged.fasta,/tigress/DONIA/data/CRC_Yachida_2019/HC/10801/10801-filtered-reads-fasta/10801-merged.fasta
10802-merged.fasta,/tigress/DONIA/data/CRC_Yachida_2019/HC/10802/10802-filtered-reads-fasta/10802-merged.fasta
10804-merged.fasta,/tigress/DONIA/data/CRC_Yachida_2019/HC/10804/10804-filtered-reads-fasta/10804-merged.fasta
10805-merged.fasta,/tigress/DONIA/data/CRC_Yachida_2019/HC/10805/10805-filtered-reads-fasta/10805-merged.fasta
10807-merged.fasta,/tigress/DONIA/data/CRC_Yachida_2019/HC/10807/10807-filtered-reads-fasta/10807-merged.fasta
10808-merged.fasta,/tigress/DONIA/data/CRC_Yachida_2019/HC/10808/10808-filtered-reads-fasta/10808-merged.fasta
10817-merged.fasta,/tigress/DONIA/data/CRC_Yachida_2019/HC/10817/10817-filtered-reads-fasta/10817-merged.fasta
10832-merged.fasta,/tigress/DONIA/data/CRC_Yachida_2019/HC/10832/10832-filtered-reads-fasta/10832-merged.fasta
10835-merged.fasta,/tigress/DONIA/data/CRC_Yachida_2019/HC/10835/10835-filtered-reads-fasta/10835-merged.fasta
10838-merged.fasta,/tigress/DONIA/data/CRC_Yachida_2019/HC/10838/10838-filtered-reads-fasta/10838-merged.fasta
10850-merged.fasta,/tigress/DONIA/data/CRC_Yachida_2019/HC/10850/10850-filtered-reads-fasta/10850-merged.fasta
10869-merged.fasta,/tigress/DONIA/data/CRC_Yachida_2019/HC/10869/10869-filtered-reads-fasta/10869-merged.fasta
10889-merged.fasta,/tigress/DONIA/data/CRC_Yachida_2019/HC/10889/10889-filtered-reads-fasta/10889-merged.fasta
10890-merged.fasta,/tigress/DONIA/data/CRC_Yachida_2019/HC/10890/10890-filtered-reads-fasta/10890-merged.fasta
10907-merged.fasta,/tigress/DONIA/data/CRC_Yachida_2019/HC/10907/10907-filtered-reads-fasta/10907-merged.fasta
10913-merged.fasta,/tigress/DONIA/data/CRC_Yachida_2019/HC/10913/10913-filtered-reads-fasta/10913-merged.fasta
10924-merged.fasta,/tigress/DONIA/data/CRC_Yachida_2019/HC/10924/10924-filtered-reads-fasta/10924-merged.fasta
10947-merged.fasta,/tigress/DONIA/data/CRC_Yachida_2019/HC/10947/10947-filtered-reads-fasta/10947-merged.fasta
10968-merged.fasta,/tigress/DONIA/data/CRC_Yachida_2019/HC/10968/10968-filtered-reads-fasta/10968-merged.fasta
10976-merged.fasta,/tigress/DONIA/data/CRC_Yachida_2019/HC/10976/10976-filtered-reads-fasta/10976-merged.fasta
10990-merged.fasta,/tigress/DONIA/data/CRC_Yachida_2019/HC/10990/10990-filtered-reads-fasta/10990-merged.fasta
11031-merged.fasta,/tigress/DONIA/data/CRC_Yachida_2019/HC/11031/11031-filtered-reads-fasta/11031-merged.fasta
11035-merged.fasta,/tigress/DONIA/data/CRC_Yachida_2019/HC/11035/11035-filtered-reads-fasta/11035-merged.fasta
11049-merged.fasta,/tigress/DONIA/data/CRC_Yachida_2019/HC/11049/11049-filtered-reads-fasta/11049-merged.fasta
11057-merged.fasta,/tigress/DONIA/data/CRC_Yachida_2019/HC/11057/11057-filtered-reads-fasta/11057-merged.fasta
11062-merged.fasta,/tigress/DONIA/data/CRC_Yachida_2019/HC/11062/11062-filtered-reads-fasta/11062-merged.fasta
11106-merged.fasta,/tigress/DONIA/data/CRC_Yachida_2019/HC/11106/11106-filtered-reads-fasta/11106-merged.fasta
11124-merged.fasta,/tigress/DONIA/data/CRC_Yachida_2019/HC/11124/11124-filtered-reads-fasta/11124-merged.fasta
11159-merged.fasta,/tigress/DONIA/data/CRC_Yachida_2019/HC/11159/11159-filtered-reads-fasta/11159-merged.fasta
11168-merged.fasta,/tigress/DONIA/data/CRC_Yachida_2019/HC/11168/11168-filtered-reads-fasta/11168-merged.fasta
11170-merged.fasta,/tigress/DONIA/data/CRC_Yachida_2019/HC/11170/11170-filtered-reads-fasta/11170-merged.fasta
11171-merged.fasta,/tigress/DONIA/data/CRC_Yachida_2019/HC/11171/11171-filtered-reads-fasta/11171-merged.fasta
11203-merged.fasta,/tigress/DONIA/data/CRC_Yachida_2019/HC/11203/11203-filtered-reads-fasta/11203-merged.fasta
11209-merged.fasta,/tigress/DONIA/data/CRC_Yachida_2019/HC/11209/11209-filtered-reads-fasta/11209-merged.fasta
11210-merged.fasta,/tigress/DONIA/data/CRC_Yachida_2019/HC/11210/11210-filtered-reads-fasta/11210-merged.fasta
11213-merged.fasta,/tigress/DONIA/data/CRC_Yachida_2019/HC/11213/11213-filtered-reads-fasta/11213-merged.fasta
11223-merged.fasta,/tigress/DONIA/data/CRC_Yachida_2019/HC/11223/11223-filtered-reads-fasta/11223-merged.fasta
11226-merged.fasta,/tigress/DONIA/data/CRC_Yachida_2019/HC/11226/11226-filtered-reads-fasta/11226-merged.fasta
11227-merged.fasta,/tigress/DONIA/data/CRC_Yachida_2019/HC/11227/11227-filtered-reads-fasta/11227-merged.fasta
11243-merged.fasta,/tigress/DONIA/data/CRC_Yachida_2019/HC/11243/11243-filtered-reads-fasta/11243-merged.fasta
11255-merged.fasta,/tigress/DONIA/data/CRC_Yachida_2019/HC/11255/11255-filtered-reads-fasta/11255-merged.fasta
11294-merged.fasta,/tigress/DONIA/data/CRC_Yachida_2019/HC/11294/11294-filtered-reads-fasta/11294-merged.fasta
11299-merged.fasta,/tigress/DONIA/data/CRC_Yachida_2019/HC/11299/11299-filtered-reads-fasta/11299-merged.fasta
11311-merged.fasta,/tigress/DONIA/data/CRC_Yachida_2019/HC/11311/11311-filtered-reads-fasta/11311-merged.fasta
11343-merged.fasta,/tigress/DONIA/data/CRC_Yachida_2019/HC/11343/11343-filtered-reads-fasta/11343-merged.fasta
11354-merged.fasta,/tigress/DONIA/data/CRC_Yachida_2019/HC/11354/11354-filtered-reads-fasta/11354-merged.fasta
11369-merged.fasta,/tigress/DONIA/data/CRC_Yachida_2019/HC/11369/11369-filtered-reads-fasta/11369-merged.fasta
11379-merged.fasta,/tigress/DONIA/data/CRC_Yachida_2019/HC/11379/11379-filtered-reads-fasta/11379-merged.fasta
11389-merged.fasta,/tigress/DONIA/data/CRC_Yachida_2019/HC/11389/11389-filtered-reads-fasta/11389-merged.fasta
11409-merged.fasta,/tigress/DONIA/data/CRC_Yachida_2019/HC/11409/11409-filtered-reads-fasta/11409-merged.fasta
11413-merged.fasta,/tigress/DONIA/data/CRC_Yachida_2019/HC/11413/11413-filtered-reads-fasta/11413-merged.fasta
11419-merged.fasta,/tigress/DONIA/data/CRC_Yachida_2019/HC/11419/11419-filtered-reads-fasta/11419-merged.fasta
11431-merged.fasta,/tigress/DONIA/data/CRC_Yachida_2019/HC/11431/11431-filtered-reads-fasta/11431-merged.fasta
11432-merged.fasta,/tigress/DONIA/data/CRC_Yachida_2019/HC/11432/11432-filtered-reads-fasta/11432-merged.fasta
11434-merged.fasta,/tigress/DONIA/data/CRC_Yachida_2019/HC/11434/11434-filtered-reads-fasta/11434-merged.fasta
11448-merged.fasta,/tigress/DONIA/data/CRC_Yachida_2019/HC/11448/11448-filtered-reads-fasta/11448-merged.fasta
11449-merged.fasta,/tigress/DONIA/data/CRC_Yachida_2019/HC/11449/11449-filtered-reads-fasta/11449-merged.fasta
11450-merged.fasta,/tigress/DONIA/data/CRC_Yachida_2019/HC/11450/11450-filtered-reads-fasta/11450-merged.fasta
11451-merged.fasta,/tigress/DONIA/data/CRC_Yachida_2019/HC/11451/11451-filtered-reads-fasta/11451-merged.fasta
11452-merged.fasta,/tigress/DONIA/data/CRC_Yachida_2019/HC/11452/11452-filtered-reads-fasta/11452-merged.fasta
11454-merged.fasta,/tigress/DONIA/data/CRC_Yachida_2019/HC/11454/11454-filtered-reads-fasta/11454-merged.fasta
11459-merged.fasta,/tigress/DONIA/data/CRC_Yachida_2019/HC/11459/11459-filtered-reads-fasta/11459-merged.fasta
11464-merged.fasta,/tigress/DONIA/data/CRC_Yachida_2019/HC/11464/11464-filtered-reads-fasta/11464-merged.fasta
11467-merged.fasta,/tigress/DONIA/data/CRC_Yachida_2019/HC/11467/11467-filtered-reads-fasta/11467-merged.fasta
11473-merged.fasta,/tigress/DONIA/data/CRC_Yachida_2019/HC/11473/11473-filtered-reads-fasta/11473-merged.fasta
11475-merged.fasta,/tigress/DONIA/data/CRC_Yachida_2019/HC/11475/11475-filtered-reads-fasta/11475-merged.fasta
11477-merged.fasta,/tigress/DONIA/data/CRC_Yachida_2019/HC/11477/11477-filtered-reads-fasta/11477-merged.fasta
11480-merged.fasta,/tigress/DONIA/data/CRC_Yachida_2019/HC/11480/11480-filtered-reads-fasta/11480-merged.fasta
11486-merged.fasta,/tigress/DONIA/data/CRC_Yachida_2019/HC/11486/11486-filtered-reads-fasta/11486-merged.fasta
11487-merged.fasta,/tigress/DONIA/data/CRC_Yachida_2019/HC/11487/11487-filtered-reads-fasta/11487-merged.fasta
11489-merged.fasta,/tigress/DONIA/data/CRC_Yachida_2019/HC/11489/11489-filtered-reads-fasta/11489-merged.fasta
11492-merged.fasta,/tigress/DONIA/data/CRC_Yachida_2019/HC/11492/11492-filtered-reads-fasta/11492-merged.fasta
11495-merged.fasta,/tigress/DONIA/data/CRC_Yachida_2019/HC/11495/11495-filtered-reads-fasta/11495-merged.fasta
11501-merged.fasta,/tigress/DONIA/data/CRC_Yachida_2019/HC/11501/11501-filtered-reads-fasta/11501-merged.fasta
11513-merged.fasta,/tigress/DONIA/data/CRC_Yachida_2019/HC/11513/11513-filtered-reads-fasta/11513-merged.fasta
11521-merged.fasta,/tigress/DONIA/data/CRC_Yachida_2019/HC/11521/11521-filtered-reads-fasta/11521-merged.fasta
11524-merged.fasta,/tigress/DONIA/data/CRC_Yachida_2019/HC/11524/11524-filtered-reads-fasta/11524-merged.fasta
11526-merged.fasta,/tigress/DONIA/data/CRC_Yachida_2019/HC/11526/11526-filtered-reads-fasta/11526-merged.fasta
11527-merged.fasta,/tigress/DONIA/data/CRC_Yachida_2019/HC/11527/11527-filtered-reads-fasta/11527-merged.fasta
11528-merged.fasta,/tigress/DONIA/data/CRC_Yachida_2019/HC/11528/11528-filtered-reads-fasta/11528-merged.fasta
11580-merged.fasta,/tigress/DONIA/data/CRC_Yachida_2019/HC/11580/11580-filtered-reads-fasta/11580-merged.fasta
11607-merged.fasta,/tigress/DONIA/data/CRC_Yachida_2019/HC/11607/11607-filtered-reads-fasta/11607-merged.fasta
11626-merged.fasta,/tigress/DONIA/data/CRC_Yachida_2019/HC/11626/11626-filtered-reads-fasta/11626-merged.fasta
11638-merged.fasta,/tigress/DONIA/data/CRC_Yachida_2019/HC/11638/11638-filtered-reads-fasta/11638-merged.fasta
11641-merged.fasta,/tigress/DONIA/data/CRC_Yachida_2019/HC/11641/11641-filtered-reads-fasta/11641-merged.fasta
11675-merged.fasta,/tigress/DONIA/data/CRC_Yachida_2019/HC/11675/11675-filtered-reads-fasta/11675-merged.fasta
11682-merged.fasta,/tigress/DONIA/data/CRC_Yachida_2019/HC/11682/11682-filtered-reads-fasta/11682-merged.fasta
11694-merged.fasta,/tigress/DONIA/data/CRC_Yachida_2019/HC/11694/11694-filtered-reads-fasta/11694-merged.fasta
11710-merged.fasta,/tigress/DONIA/data/CRC_Yachida_2019/HC/11710/11710-filtered-reads-fasta/11710-merged.fasta
11720-merged.fasta,/tigress/DONIA/data/CRC_Yachida_2019/HC/11720/11720-filtered-reads-fasta/11720-merged.fasta
11754-merged.fasta,/tigress/DONIA/data/CRC_Yachida_2019/HC/11754/11754-filtered-reads-fasta/11754-merged.fasta
11788-merged.fasta,/tigress/DONIA/data/CRC_Yachida_2019/HC/11788/11788-filtered-reads-fasta/11788-merged.fasta
11796-merged.fasta,/tigress/DONIA/data/CRC_Yachida_2019/HC/11796/11796-filtered-reads-fasta/11796-merged.fasta
11818-merged.fasta,/tigress/DONIA/data/CRC_Yachida_2019/HC/11818/11818-filtered-reads-fasta/11818-merged.fasta
11821-merged.fasta,/tigress/DONIA/data/CRC_Yachida_2019/HC/11821/11821-filtered-reads-fasta/11821-merged.fasta
11822-merged.fasta,/tigress/DONIA/data/CRC_Yachida_2019/HC/11822/11822-filtered-reads-fasta/11822-merged.fasta
11873-merged.fasta,/tigress/DONIA/data/CRC_Yachida_2019/HC/11873/11873-filtered-reads-fasta/11873-merged.fasta
11885-merged.fasta,/tigress/DONIA/data/CRC_Yachida_2019/HC/11885/11885-filtered-reads-fasta/11885-merged.fasta
11927-merged.fasta,/tigress/DONIA/data/CRC_Yachida_2019/HC/11927/11927-filtered-reads-fasta/11927-merged.fasta
11942-merged.fasta,/tigress/DONIA/data/CRC_Yachida_2019/HC/11942/11942-filtered-reads-fasta/11942-merged.fasta
11955-merged.fasta,/tigress/DONIA/data/CRC_Yachida_2019/HC/11955/11955-filtered-reads-fasta/11955-merged.fasta
11965-merged.fasta,/tigress/DONIA/data/CRC_Yachida_2019/HC/11965/11965-filtered-reads-fasta/11965-merged.fasta
11984-merged.fasta,/tigress/DONIA/data/CRC_Yachida_2019/HC/11984/11984-filtered-reads-fasta/11984-merged.fasta
11996-merged.fasta,/tigress/DONIA/data/CRC_Yachida_2019/HC/11996/11996-filtered-reads-fasta/11996-merged.fasta
12016-merged.fasta,/tigress/DONIA/data/CRC_Yachida_2019/HC/12016/12016-filtered-reads-fasta/12016-merged.fasta
12070-merged.fasta,/tigress/DONIA/data/CRC_Yachida_2019/HC/12070/12070-filtered-reads-fasta/12070-merged.fasta
12082-merged.fasta,/tigress/DONIA/data/CRC_Yachida_2019/HC/12082/12082-filtered-reads-fasta/12082-merged.fasta
12101-merged.fasta,/tigress/DONIA/data/CRC_Yachida_2019/HC/12101/12101-filtered-reads-fasta/12101-merged.fasta
12106-merged.fasta,/tigress/DONIA/data/CRC_Yachida_2019/HC/12106/12106-filtered-reads-fasta/12106-merged.fasta
12165-merged.fasta,/tigress/DONIA/data/CRC_Yachida_2019/HC/12165/12165-filtered-reads-fasta/12165-merged.fasta
12197-merged.fasta,/tigress/DONIA/data/CRC_Yachida_2019/HC/12197/12197-filtered-reads-fasta/12197-merged.fasta
12204-merged.fasta,/tigress/DONIA/data/CRC_Yachida_2019/HC/12204/12204-filtered-reads-fasta/12204-merged.fasta
12242-merged.fasta,/tigress/DONIA/data/CRC_Yachida_2019/HC/12242/12242-filtered-reads-fasta/12242-merged.fasta
12243-merged.fasta,/tigress/DONIA/data/CRC_Yachida_2019/HC/12243/12243-filtered-reads-fasta/12243-merged.fasta
12276-merged.fasta,/tigress/DONIA/data/CRC_Yachida_2019/HC/12276/12276-filtered-reads-fasta/12276-merged.fasta
12340-merged.fasta,/tigress/DONIA/data/CRC_Yachida_2019/HC/12340/12340-filtered-reads-fasta/12340-merged.fasta
12370-merged.fasta,/tigress/DONIA/data/CRC_Yachida_2019/HC/12370/12370-filtered-reads-fasta/12370-merged.fasta
12389-merged.fasta,/tigress/DONIA/data/CRC_Yachida_2019/HC/12389/12389-filtered-reads-fasta/12389-merged.fasta
12396-merged.fasta,/tigress/DONIA/data/CRC_Yachida_2019/HC/12396/12396-filtered-reads-fasta/12396-merged.fasta
10034-merged.fasta,/tigress/DONIA/data/CRC_Yachida_2019/HS/10034/10034-filtered-reads-fasta/10034-merged.fasta
10066-merged.fasta,/tigress/DONIA/data/CRC_Yachida_2019/HS/10066/10066-filtered-reads-fasta/10066-merged.fasta
10076-merged.fasta,/tigress/DONIA/data/CRC_Yachida_2019/HS/10076/10076-filtered-reads-fasta/10076-merged.fasta
10077-merged.fasta,/tigress/DONIA/data/CRC_Yachida_2019/HS/10077/10077-filtered-reads-fasta/10077-merged.fasta
10078-merged.fasta,/tigress/DONIA/data/CRC_Yachida_2019/HS/10078/10078-filtered-reads-fasta/10078-merged.fasta
10084-merged.fasta,/tigress/DONIA/data/CRC_Yachida_2019/HS/10084/10084-filtered-reads-fasta/10084-merged.fasta
10096-merged.fasta,/tigress/DONIA/data/CRC_Yachida_2019/HS/10096/10096-filtered-reads-fasta/10096-merged.fasta
10115-merged.fasta,/tigress/DONIA/data/CRC_Yachida_2019/HS/10115/10115-filtered-reads-fasta/10115-merged.fasta
10120-merged.fasta,/tigress/DONIA/data/CRC_Yachida_2019/HS/10120/10120-filtered-reads-fasta/10120-merged.fasta
10170-merged.fasta,/tigress/DONIA/data/CRC_Yachida_2019/HS/10170/10170-filtered-reads-fasta/10170-merged.fasta
10194-merged.fasta,/tigress/DONIA/data/CRC_Yachida_2019/HS/10194/10194-filtered-reads-fasta/10194-merged.fasta
10220-merged.fasta,/tigress/DONIA/data/CRC_Yachida_2019/HS/10220/10220-filtered-reads-fasta/10220-merged.fasta
10230-merged.fasta,/tigress/DONIA/data/CRC_Yachida_2019/HS/10230/10230-filtered-reads-fasta/10230-merged.fasta
10233-merged.fasta,/tigress/DONIA/data/CRC_Yachida_2019/HS/10233/10233-filtered-reads-fasta/10233-merged.fasta
10239-merged.fasta,/tigress/DONIA/data/CRC_Yachida_2019/HS/10239/10239-filtered-reads-fasta/10239-merged.fasta
10241-merged.fasta,/tigress/DONIA/data/CRC_Yachida_2019/HS/10241/10241-filtered-reads-fasta/10241-merged.fasta
10252-merged.fasta,/tigress/DONIA/data/CRC_Yachida_2019/HS/10252/10252-filtered-reads-fasta/10252-merged.fasta
10255-merged.fasta,/tigress/DONIA/data/CRC_Yachida_2019/HS/10255/10255-filtered-reads-fasta/10255-merged.fasta
10256-merged.fasta,/tigress/DONIA/data/CRC_Yachida_2019/HS/10256/10256-filtered-reads-fasta/10256-merged.fasta
10268-merged.fasta,/tigress/DONIA/data/CRC_Yachida_2019/HS/10268/10268-filtered-reads-fasta/10268-merged.fasta
10275-merged.fasta,/tigress/DONIA/data/CRC_Yachida_2019/HS/10275/10275-filtered-reads-fasta/10275-merged.fasta
10280-merged.fasta,/tigress/DONIA/data/CRC_Yachida_2019/HS/10280/10280-filtered-reads-fasta/10280-merged.fasta
10281-merged.fasta,/tigress/DONIA/data/CRC_Yachida_2019/HS/10281/10281-filtered-reads-fasta/10281-merged.fasta
10282-merged.fasta,/tigress/DONIA/data/CRC_Yachida_2019/HS/10282/10282-filtered-reads-fasta/10282-merged.fasta
10283-merged.fasta,/tigress/DONIA/data/CRC_Yachida_2019/HS/10283/10283-filtered-reads-fasta/10283-merged.fasta
10285-merged.fasta,/tigress/DONIA/data/CRC_Yachida_2019/HS/10285/10285-filtered-reads-fasta/10285-merged.fasta
10286-merged.fasta,/tigress/DONIA/data/CRC_Yachida_2019/HS/10286/10286-filtered-reads-fasta/10286-merged.fasta
10290-merged.fasta,/tigress/DONIA/data/CRC_Yachida_2019/HS/10290/10290-filtered-reads-fasta/10290-merged.fasta
10312-merged.fasta,/tigress/DONIA/data/CRC_Yachida_2019/HS/10312/10312-filtered-reads-fasta/10312-merged.fasta
10313-merged.fasta,/tigress/DONIA/data/CRC_Yachida_2019/HS/10313/10313-filtered-reads-fasta/10313-merged.fasta
10329-merged.fasta,/tigress/DONIA/data/CRC_Yachida_2019/HS/10329/10329-filtered-reads-fasta/10329-merged.fasta
10365-merged.fasta,/tigress/DONIA/data/CRC_Yachida_2019/HS/10365/10365-filtered-reads-fasta/10365-merged.fasta
10368-merged.fasta,/tigress/DONIA/data/CRC_Yachida_2019/HS/10368/10368-filtered-reads-fasta/10368-merged.fasta
10374-merged.fasta,/tigress/DONIA/data/CRC_Yachida_2019/HS/10374/10374-filtered-reads-fasta/10374-merged.fasta
10803-merged.fasta,/tigress/DONIA/data/CRC_Yachida_2019/HS/10803/10803-filtered-reads-fasta/10803-merged.fasta
10806-merged.fasta,/tigress/DONIA/data/CRC_Yachida_2019/HS/10806/10806-filtered-reads-fasta/10806-merged.fasta
11074-merged.fasta,/tigress/DONIA/data/CRC_Yachida_2019/HS/11074/11074-filtered-reads-fasta/11074-merged.fasta
11336-merged.fasta,/tigress/DONIA/data/CRC_Yachida_2019/HS/11336/11336-filtered-reads-fasta/11336-merged.fasta
11424-merged.fasta,/tigress/DONIA/data/CRC_Yachida_2019/HS/11424/11424-filtered-reads-fasta/11424-merged.fasta
12011-merged.fasta,/tigress/DONIA/data/CRC_Yachida_2019/HS/12011/12011-filtered-reads-fasta/12011-merged.fasta
