HV001-merged.fasta,/tigress/DONIA/data/IBD_Dutch_500FG/HC/HV001/HV001-filtered-reads-fasta/HV001-merged.fasta
HV002-merged.fasta,/tigress/DONIA/data/IBD_Dutch_500FG/HC/HV002/HV002-filtered-reads-fasta/HV002-merged.fasta
HV003-merged.fasta,/tigress/DONIA/data/IBD_Dutch_500FG/HC/HV003/HV003-filtered-reads-fasta/HV003-merged.fasta
HV004-merged.fasta,/tigress/DONIA/data/IBD_Dutch_500FG/HC/HV004/HV004-filtered-reads-fasta/HV004-merged.fasta
HV005-merged.fasta,/tigress/DONIA/data/IBD_Dutch_500FG/HC/HV005/HV005-filtered-reads-fasta/HV005-merged.fasta
HV006-merged.fasta,/tigress/DONIA/data/IBD_Dutch_500FG/HC/HV006/HV006-filtered-reads-fasta/HV006-merged.fasta
HV007-merged.fasta,/tigress/DONIA/data/IBD_Dutch_500FG/HC/HV007/HV007-filtered-reads-fasta/HV007-merged.fasta
HV008-merged.fasta,/tigress/DONIA/data/IBD_Dutch_500FG/HC/HV008/HV008-filtered-reads-fasta/HV008-merged.fasta
HV009-merged.fasta,/tigress/DONIA/data/IBD_Dutch_500FG/HC/HV009/HV009-filtered-reads-fasta/HV009-merged.fasta
HV011-merged.fasta,/tigress/DONIA/data/IBD_Dutch_500FG/HC/HV011/HV011-filtered-reads-fasta/HV011-merged.fasta
HV012-merged.fasta,/tigress/DONIA/data/IBD_Dutch_500FG/HC/HV012/HV012-filtered-reads-fasta/HV012-merged.fasta
HV013-merged.fasta,/tigress/DONIA/data/IBD_Dutch_500FG/HC/HV013/HV013-filtered-reads-fasta/HV013-merged.fasta
HV014-merged.fasta,/tigress/DONIA/data/IBD_Dutch_500FG/HC/HV014/HV014-filtered-reads-fasta/HV014-merged.fasta
HV015-merged.fasta,/tigress/DONIA/data/IBD_Dutch_500FG/HC/HV015/HV015-filtered-reads-fasta/HV015-merged.fasta
HV016-merged.fasta,/tigress/DONIA/data/IBD_Dutch_500FG/HC/HV016/HV016-filtered-reads-fasta/HV016-merged.fasta
HV017-merged.fasta,/tigress/DONIA/data/IBD_Dutch_500FG/HC/HV017/HV017-filtered-reads-fasta/HV017-merged.fasta
HV018-merged.fasta,/tigress/DONIA/data/IBD_Dutch_500FG/HC/HV018/HV018-filtered-reads-fasta/HV018-merged.fasta
HV019-merged.fasta,/tigress/DONIA/data/IBD_Dutch_500FG/HC/HV019/HV019-filtered-reads-fasta/HV019-merged.fasta
HV020-merged.fasta,/tigress/DONIA/data/IBD_Dutch_500FG/HC/HV020/HV020-filtered-reads-fasta/HV020-merged.fasta
HV021-merged.fasta,/tigress/DONIA/data/IBD_Dutch_500FG/HC/HV021/HV021-filtered-reads-fasta/HV021-merged.fasta
HV022-merged.fasta,/tigress/DONIA/data/IBD_Dutch_500FG/HC/HV022/HV022-filtered-reads-fasta/HV022-merged.fasta
HV023-merged.fasta,/tigress/DONIA/data/IBD_Dutch_500FG/HC/HV023/HV023-filtered-reads-fasta/HV023-merged.fasta
HV024-merged.fasta,/tigress/DONIA/data/IBD_Dutch_500FG/HC/HV024/HV024-filtered-reads-fasta/HV024-merged.fasta
HV026-merged.fasta,/tigress/DONIA/data/IBD_Dutch_500FG/HC/HV026/HV026-filtered-reads-fasta/HV026-merged.fasta
HV027-merged.fasta,/tigress/DONIA/data/IBD_Dutch_500FG/HC/HV027/HV027-filtered-reads-fasta/HV027-merged.fasta
HV028-merged.fasta,/tigress/DONIA/data/IBD_Dutch_500FG/HC/HV028/HV028-filtered-reads-fasta/HV028-merged.fasta
HV029-merged.fasta,/tigress/DONIA/data/IBD_Dutch_500FG/HC/HV029/HV029-filtered-reads-fasta/HV029-merged.fasta
HV030-merged.fasta,/tigress/DONIA/data/IBD_Dutch_500FG/HC/HV030/HV030-filtered-reads-fasta/HV030-merged.fasta
HV031-merged.fasta,/tigress/DONIA/data/IBD_Dutch_500FG/HC/HV031/HV031-filtered-reads-fasta/HV031-merged.fasta
HV032-merged.fasta,/tigress/DONIA/data/IBD_Dutch_500FG/HC/HV032/HV032-filtered-reads-fasta/HV032-merged.fasta
HV033-merged.fasta,/tigress/DONIA/data/IBD_Dutch_500FG/HC/HV033/HV033-filtered-reads-fasta/HV033-merged.fasta
HV034-merged.fasta,/tigress/DONIA/data/IBD_Dutch_500FG/HC/HV034/HV034-filtered-reads-fasta/HV034-merged.fasta
HV035-merged.fasta,/tigress/DONIA/data/IBD_Dutch_500FG/HC/HV035/HV035-filtered-reads-fasta/HV035-merged.fasta
HV036-merged.fasta,/tigress/DONIA/data/IBD_Dutch_500FG/HC/HV036/HV036-filtered-reads-fasta/HV036-merged.fasta
HV037-merged.fasta,/tigress/DONIA/data/IBD_Dutch_500FG/HC/HV037/HV037-filtered-reads-fasta/HV037-merged.fasta
HV038-merged.fasta,/tigress/DONIA/data/IBD_Dutch_500FG/HC/HV038/HV038-filtered-reads-fasta/HV038-merged.fasta
HV039-merged.fasta,/tigress/DONIA/data/IBD_Dutch_500FG/HC/HV039/HV039-filtered-reads-fasta/HV039-merged.fasta
HV041-merged.fasta,/tigress/DONIA/data/IBD_Dutch_500FG/HC/HV041/HV041-filtered-reads-fasta/HV041-merged.fasta
HV042-merged.fasta,/tigress/DONIA/data/IBD_Dutch_500FG/HC/HV042/HV042-filtered-reads-fasta/HV042-merged.fasta
HV043-merged.fasta,/tigress/DONIA/data/IBD_Dutch_500FG/HC/HV043/HV043-filtered-reads-fasta/HV043-merged.fasta
HV044-merged.fasta,/tigress/DONIA/data/IBD_Dutch_500FG/HC/HV044/HV044-filtered-reads-fasta/HV044-merged.fasta
HV045-merged.fasta,/tigress/DONIA/data/IBD_Dutch_500FG/HC/HV045/HV045-filtered-reads-fasta/HV045-merged.fasta
HV046-merged.fasta,/tigress/DONIA/data/IBD_Dutch_500FG/HC/HV046/HV046-filtered-reads-fasta/HV046-merged.fasta
HV047-merged.fasta,/tigress/DONIA/data/IBD_Dutch_500FG/HC/HV047/HV047-filtered-reads-fasta/HV047-merged.fasta
HV048-merged.fasta,/tigress/DONIA/data/IBD_Dutch_500FG/HC/HV048/HV048-filtered-reads-fasta/HV048-merged.fasta
HV049-merged.fasta,/tigress/DONIA/data/IBD_Dutch_500FG/HC/HV049/HV049-filtered-reads-fasta/HV049-merged.fasta
HV050-merged.fasta,/tigress/DONIA/data/IBD_Dutch_500FG/HC/HV050/HV050-filtered-reads-fasta/HV050-merged.fasta
HV051-merged.fasta,/tigress/DONIA/data/IBD_Dutch_500FG/HC/HV051/HV051-filtered-reads-fasta/HV051-merged.fasta
HV052-merged.fasta,/tigress/DONIA/data/IBD_Dutch_500FG/HC/HV052/HV052-filtered-reads-fasta/HV052-merged.fasta
HV053-merged.fasta,/tigress/DONIA/data/IBD_Dutch_500FG/HC/HV053/HV053-filtered-reads-fasta/HV053-merged.fasta
HV054-merged.fasta,/tigress/DONIA/data/IBD_Dutch_500FG/HC/HV054/HV054-filtered-reads-fasta/HV054-merged.fasta
HV055-merged.fasta,/tigress/DONIA/data/IBD_Dutch_500FG/HC/HV055/HV055-filtered-reads-fasta/HV055-merged.fasta
HV056-merged.fasta,/tigress/DONIA/data/IBD_Dutch_500FG/HC/HV056/HV056-filtered-reads-fasta/HV056-merged.fasta
HV057-merged.fasta,/tigress/DONIA/data/IBD_Dutch_500FG/HC/HV057/HV057-filtered-reads-fasta/HV057-merged.fasta
HV058-merged.fasta,/tigress/DONIA/data/IBD_Dutch_500FG/HC/HV058/HV058-filtered-reads-fasta/HV058-merged.fasta
HV059-merged.fasta,/tigress/DONIA/data/IBD_Dutch_500FG/HC/HV059/HV059-filtered-reads-fasta/HV059-merged.fasta
HV060-merged.fasta,/tigress/DONIA/data/IBD_Dutch_500FG/HC/HV060/HV060-filtered-reads-fasta/HV060-merged.fasta
HV061-merged.fasta,/tigress/DONIA/data/IBD_Dutch_500FG/HC/HV061/HV061-filtered-reads-fasta/HV061-merged.fasta
HV062-merged.fasta,/tigress/DONIA/data/IBD_Dutch_500FG/HC/HV062/HV062-filtered-reads-fasta/HV062-merged.fasta
HV063-merged.fasta,/tigress/DONIA/data/IBD_Dutch_500FG/HC/HV063/HV063-filtered-reads-fasta/HV063-merged.fasta
HV064-merged.fasta,/tigress/DONIA/data/IBD_Dutch_500FG/HC/HV064/HV064-filtered-reads-fasta/HV064-merged.fasta
HV065-merged.fasta,/tigress/DONIA/data/IBD_Dutch_500FG/HC/HV065/HV065-filtered-reads-fasta/HV065-merged.fasta
HV067-merged.fasta,/tigress/DONIA/data/IBD_Dutch_500FG/HC/HV067/HV067-filtered-reads-fasta/HV067-merged.fasta
HV068-merged.fasta,/tigress/DONIA/data/IBD_Dutch_500FG/HC/HV068/HV068-filtered-reads-fasta/HV068-merged.fasta
HV069-merged.fasta,/tigress/DONIA/data/IBD_Dutch_500FG/HC/HV069/HV069-filtered-reads-fasta/HV069-merged.fasta
HV071-merged.fasta,/tigress/DONIA/data/IBD_Dutch_500FG/HC/HV071/HV071-filtered-reads-fasta/HV071-merged.fasta
HV072-merged.fasta,/tigress/DONIA/data/IBD_Dutch_500FG/HC/HV072/HV072-filtered-reads-fasta/HV072-merged.fasta
HV073-merged.fasta,/tigress/DONIA/data/IBD_Dutch_500FG/HC/HV073/HV073-filtered-reads-fasta/HV073-merged.fasta
HV074-merged.fasta,/tigress/DONIA/data/IBD_Dutch_500FG/HC/HV074/HV074-filtered-reads-fasta/HV074-merged.fasta
HV075-merged.fasta,/tigress/DONIA/data/IBD_Dutch_500FG/HC/HV075/HV075-filtered-reads-fasta/HV075-merged.fasta
HV076-merged.fasta,/tigress/DONIA/data/IBD_Dutch_500FG/HC/HV076/HV076-filtered-reads-fasta/HV076-merged.fasta
HV077-merged.fasta,/tigress/DONIA/data/IBD_Dutch_500FG/HC/HV077/HV077-filtered-reads-fasta/HV077-merged.fasta
HV078-merged.fasta,/tigress/DONIA/data/IBD_Dutch_500FG/HC/HV078/HV078-filtered-reads-fasta/HV078-merged.fasta
HV080-merged.fasta,/tigress/DONIA/data/IBD_Dutch_500FG/HC/HV080/HV080-filtered-reads-fasta/HV080-merged.fasta
HV081-merged.fasta,/tigress/DONIA/data/IBD_Dutch_500FG/HC/HV081/HV081-filtered-reads-fasta/HV081-merged.fasta
HV083-merged.fasta,/tigress/DONIA/data/IBD_Dutch_500FG/HC/HV083/HV083-filtered-reads-fasta/HV083-merged.fasta
HV085-merged.fasta,/tigress/DONIA/data/IBD_Dutch_500FG/HC/HV085/HV085-filtered-reads-fasta/HV085-merged.fasta
HV087-merged.fasta,/tigress/DONIA/data/IBD_Dutch_500FG/HC/HV087/HV087-filtered-reads-fasta/HV087-merged.fasta
HV088-merged.fasta,/tigress/DONIA/data/IBD_Dutch_500FG/HC/HV088/HV088-filtered-reads-fasta/HV088-merged.fasta
HV089-merged.fasta,/tigress/DONIA/data/IBD_Dutch_500FG/HC/HV089/HV089-filtered-reads-fasta/HV089-merged.fasta
HV090-merged.fasta,/tigress/DONIA/data/IBD_Dutch_500FG/HC/HV090/HV090-filtered-reads-fasta/HV090-merged.fasta
HV091-merged.fasta,/tigress/DONIA/data/IBD_Dutch_500FG/HC/HV091/HV091-filtered-reads-fasta/HV091-merged.fasta
HV092-merged.fasta,/tigress/DONIA/data/IBD_Dutch_500FG/HC/HV092/HV092-filtered-reads-fasta/HV092-merged.fasta
HV093-merged.fasta,/tigress/DONIA/data/IBD_Dutch_500FG/HC/HV093/HV093-filtered-reads-fasta/HV093-merged.fasta
HV094-merged.fasta,/tigress/DONIA/data/IBD_Dutch_500FG/HC/HV094/HV094-filtered-reads-fasta/HV094-merged.fasta
HV095-merged.fasta,/tigress/DONIA/data/IBD_Dutch_500FG/HC/HV095/HV095-filtered-reads-fasta/HV095-merged.fasta
HV096-merged.fasta,/tigress/DONIA/data/IBD_Dutch_500FG/HC/HV096/HV096-filtered-reads-fasta/HV096-merged.fasta
HV100-merged.fasta,/tigress/DONIA/data/IBD_Dutch_500FG/HC/HV100/HV100-filtered-reads-fasta/HV100-merged.fasta
HV101-merged.fasta,/tigress/DONIA/data/IBD_Dutch_500FG/HC/HV101/HV101-filtered-reads-fasta/HV101-merged.fasta
HV102-merged.fasta,/tigress/DONIA/data/IBD_Dutch_500FG/HC/HV102/HV102-filtered-reads-fasta/HV102-merged.fasta
HV103-merged.fasta,/tigress/DONIA/data/IBD_Dutch_500FG/HC/HV103/HV103-filtered-reads-fasta/HV103-merged.fasta
HV104-merged.fasta,/tigress/DONIA/data/IBD_Dutch_500FG/HC/HV104/HV104-filtered-reads-fasta/HV104-merged.fasta
HV105-merged.fasta,/tigress/DONIA/data/IBD_Dutch_500FG/HC/HV105/HV105-filtered-reads-fasta/HV105-merged.fasta
HV106-merged.fasta,/tigress/DONIA/data/IBD_Dutch_500FG/HC/HV106/HV106-filtered-reads-fasta/HV106-merged.fasta
HV107-merged.fasta,/tigress/DONIA/data/IBD_Dutch_500FG/HC/HV107/HV107-filtered-reads-fasta/HV107-merged.fasta
HV108-merged.fasta,/tigress/DONIA/data/IBD_Dutch_500FG/HC/HV108/HV108-filtered-reads-fasta/HV108-merged.fasta
HV109-merged.fasta,/tigress/DONIA/data/IBD_Dutch_500FG/HC/HV109/HV109-filtered-reads-fasta/HV109-merged.fasta
HV110-merged.fasta,/tigress/DONIA/data/IBD_Dutch_500FG/HC/HV110/HV110-filtered-reads-fasta/HV110-merged.fasta
HV111-merged.fasta,/tigress/DONIA/data/IBD_Dutch_500FG/HC/HV111/HV111-filtered-reads-fasta/HV111-merged.fasta
HV112-merged.fasta,/tigress/DONIA/data/IBD_Dutch_500FG/HC/HV112/HV112-filtered-reads-fasta/HV112-merged.fasta
HV113-merged.fasta,/tigress/DONIA/data/IBD_Dutch_500FG/HC/HV113/HV113-filtered-reads-fasta/HV113-merged.fasta
HV114-merged.fasta,/tigress/DONIA/data/IBD_Dutch_500FG/HC/HV114/HV114-filtered-reads-fasta/HV114-merged.fasta
HV115-merged.fasta,/tigress/DONIA/data/IBD_Dutch_500FG/HC/HV115/HV115-filtered-reads-fasta/HV115-merged.fasta
HV116-merged.fasta,/tigress/DONIA/data/IBD_Dutch_500FG/HC/HV116/HV116-filtered-reads-fasta/HV116-merged.fasta
HV117-merged.fasta,/tigress/DONIA/data/IBD_Dutch_500FG/HC/HV117/HV117-filtered-reads-fasta/HV117-merged.fasta
HV119-merged.fasta,/tigress/DONIA/data/IBD_Dutch_500FG/HC/HV119/HV119-filtered-reads-fasta/HV119-merged.fasta
HV120-merged.fasta,/tigress/DONIA/data/IBD_Dutch_500FG/HC/HV120/HV120-filtered-reads-fasta/HV120-merged.fasta
HV121-merged.fasta,/tigress/DONIA/data/IBD_Dutch_500FG/HC/HV121/HV121-filtered-reads-fasta/HV121-merged.fasta
HV122-merged.fasta,/tigress/DONIA/data/IBD_Dutch_500FG/HC/HV122/HV122-filtered-reads-fasta/HV122-merged.fasta
HV123-merged.fasta,/tigress/DONIA/data/IBD_Dutch_500FG/HC/HV123/HV123-filtered-reads-fasta/HV123-merged.fasta
HV124-merged.fasta,/tigress/DONIA/data/IBD_Dutch_500FG/HC/HV124/HV124-filtered-reads-fasta/HV124-merged.fasta
HV126-merged.fasta,/tigress/DONIA/data/IBD_Dutch_500FG/HC/HV126/HV126-filtered-reads-fasta/HV126-merged.fasta
HV127-merged.fasta,/tigress/DONIA/data/IBD_Dutch_500FG/HC/HV127/HV127-filtered-reads-fasta/HV127-merged.fasta
HV128-merged.fasta,/tigress/DONIA/data/IBD_Dutch_500FG/HC/HV128/HV128-filtered-reads-fasta/HV128-merged.fasta
HV129-merged.fasta,/tigress/DONIA/data/IBD_Dutch_500FG/HC/HV129/HV129-filtered-reads-fasta/HV129-merged.fasta
HV130-merged.fasta,/tigress/DONIA/data/IBD_Dutch_500FG/HC/HV130/HV130-filtered-reads-fasta/HV130-merged.fasta
HV131-merged.fasta,/tigress/DONIA/data/IBD_Dutch_500FG/HC/HV131/HV131-filtered-reads-fasta/HV131-merged.fasta
HV132-merged.fasta,/tigress/DONIA/data/IBD_Dutch_500FG/HC/HV132/HV132-filtered-reads-fasta/HV132-merged.fasta
HV133-merged.fasta,/tigress/DONIA/data/IBD_Dutch_500FG/HC/HV133/HV133-filtered-reads-fasta/HV133-merged.fasta
HV134-merged.fasta,/tigress/DONIA/data/IBD_Dutch_500FG/HC/HV134/HV134-filtered-reads-fasta/HV134-merged.fasta
HV135-merged.fasta,/tigress/DONIA/data/IBD_Dutch_500FG/HC/HV135/HV135-filtered-reads-fasta/HV135-merged.fasta
HV136-merged.fasta,/tigress/DONIA/data/IBD_Dutch_500FG/HC/HV136/HV136-filtered-reads-fasta/HV136-merged.fasta
HV137-merged.fasta,/tigress/DONIA/data/IBD_Dutch_500FG/HC/HV137/HV137-filtered-reads-fasta/HV137-merged.fasta
HV138-merged.fasta,/tigress/DONIA/data/IBD_Dutch_500FG/HC/HV138/HV138-filtered-reads-fasta/HV138-merged.fasta
HV139-merged.fasta,/tigress/DONIA/data/IBD_Dutch_500FG/HC/HV139/HV139-filtered-reads-fasta/HV139-merged.fasta
HV140-merged.fasta,/tigress/DONIA/data/IBD_Dutch_500FG/HC/HV140/HV140-filtered-reads-fasta/HV140-merged.fasta
HV141-merged.fasta,/tigress/DONIA/data/IBD_Dutch_500FG/HC/HV141/HV141-filtered-reads-fasta/HV141-merged.fasta
HV142-merged.fasta,/tigress/DONIA/data/IBD_Dutch_500FG/HC/HV142/HV142-filtered-reads-fasta/HV142-merged.fasta
HV144-merged.fasta,/tigress/DONIA/data/IBD_Dutch_500FG/HC/HV144/HV144-filtered-reads-fasta/HV144-merged.fasta
HV146-merged.fasta,/tigress/DONIA/data/IBD_Dutch_500FG/HC/HV146/HV146-filtered-reads-fasta/HV146-merged.fasta
HV147-merged.fasta,/tigress/DONIA/data/IBD_Dutch_500FG/HC/HV147/HV147-filtered-reads-fasta/HV147-merged.fasta
HV148-merged.fasta,/tigress/DONIA/data/IBD_Dutch_500FG/HC/HV148/HV148-filtered-reads-fasta/HV148-merged.fasta
HV149-merged.fasta,/tigress/DONIA/data/IBD_Dutch_500FG/HC/HV149/HV149-filtered-reads-fasta/HV149-merged.fasta
HV150-merged.fasta,/tigress/DONIA/data/IBD_Dutch_500FG/HC/HV150/HV150-filtered-reads-fasta/HV150-merged.fasta
HV151-merged.fasta,/tigress/DONIA/data/IBD_Dutch_500FG/HC/HV151/HV151-filtered-reads-fasta/HV151-merged.fasta
HV152-merged.fasta,/tigress/DONIA/data/IBD_Dutch_500FG/HC/HV152/HV152-filtered-reads-fasta/HV152-merged.fasta
HV153-merged.fasta,/tigress/DONIA/data/IBD_Dutch_500FG/HC/HV153/HV153-filtered-reads-fasta/HV153-merged.fasta
HV154-merged.fasta,/tigress/DONIA/data/IBD_Dutch_500FG/HC/HV154/HV154-filtered-reads-fasta/HV154-merged.fasta
HV155-merged.fasta,/tigress/DONIA/data/IBD_Dutch_500FG/HC/HV155/HV155-filtered-reads-fasta/HV155-merged.fasta
HV157-merged.fasta,/tigress/DONIA/data/IBD_Dutch_500FG/HC/HV157/HV157-filtered-reads-fasta/HV157-merged.fasta
HV158-merged.fasta,/tigress/DONIA/data/IBD_Dutch_500FG/HC/HV158/HV158-filtered-reads-fasta/HV158-merged.fasta
HV159-merged.fasta,/tigress/DONIA/data/IBD_Dutch_500FG/HC/HV159/HV159-filtered-reads-fasta/HV159-merged.fasta
HV160-merged.fasta,/tigress/DONIA/data/IBD_Dutch_500FG/HC/HV160/HV160-filtered-reads-fasta/HV160-merged.fasta
HV161-merged.fasta,/tigress/DONIA/data/IBD_Dutch_500FG/HC/HV161/HV161-filtered-reads-fasta/HV161-merged.fasta
HV162-merged.fasta,/tigress/DONIA/data/IBD_Dutch_500FG/HC/HV162/HV162-filtered-reads-fasta/HV162-merged.fasta
HV163-merged.fasta,/tigress/DONIA/data/IBD_Dutch_500FG/HC/HV163/HV163-filtered-reads-fasta/HV163-merged.fasta
HV164-merged.fasta,/tigress/DONIA/data/IBD_Dutch_500FG/HC/HV164/HV164-filtered-reads-fasta/HV164-merged.fasta
HV165-merged.fasta,/tigress/DONIA/data/IBD_Dutch_500FG/HC/HV165/HV165-filtered-reads-fasta/HV165-merged.fasta
HV166-merged.fasta,/tigress/DONIA/data/IBD_Dutch_500FG/HC/HV166/HV166-filtered-reads-fasta/HV166-merged.fasta
HV167-merged.fasta,/tigress/DONIA/data/IBD_Dutch_500FG/HC/HV167/HV167-filtered-reads-fasta/HV167-merged.fasta
HV168-merged.fasta,/tigress/DONIA/data/IBD_Dutch_500FG/HC/HV168/HV168-filtered-reads-fasta/HV168-merged.fasta
HV169-merged.fasta,/tigress/DONIA/data/IBD_Dutch_500FG/HC/HV169/HV169-filtered-reads-fasta/HV169-merged.fasta
HV170-merged.fasta,/tigress/DONIA/data/IBD_Dutch_500FG/HC/HV170/HV170-filtered-reads-fasta/HV170-merged.fasta
HV172-merged.fasta,/tigress/DONIA/data/IBD_Dutch_500FG/HC/HV172/HV172-filtered-reads-fasta/HV172-merged.fasta
HV173-merged.fasta,/tigress/DONIA/data/IBD_Dutch_500FG/HC/HV173/HV173-filtered-reads-fasta/HV173-merged.fasta
HV174-merged.fasta,/tigress/DONIA/data/IBD_Dutch_500FG/HC/HV174/HV174-filtered-reads-fasta/HV174-merged.fasta
HV175-merged.fasta,/tigress/DONIA/data/IBD_Dutch_500FG/HC/HV175/HV175-filtered-reads-fasta/HV175-merged.fasta
HV176-merged.fasta,/tigress/DONIA/data/IBD_Dutch_500FG/HC/HV176/HV176-filtered-reads-fasta/HV176-merged.fasta
HV177-merged.fasta,/tigress/DONIA/data/IBD_Dutch_500FG/HC/HV177/HV177-filtered-reads-fasta/HV177-merged.fasta
HV180-merged.fasta,/tigress/DONIA/data/IBD_Dutch_500FG/HC/HV180/HV180-filtered-reads-fasta/HV180-merged.fasta
HV181-merged.fasta,/tigress/DONIA/data/IBD_Dutch_500FG/HC/HV181/HV181-filtered-reads-fasta/HV181-merged.fasta
HV182-merged.fasta,/tigress/DONIA/data/IBD_Dutch_500FG/HC/HV182/HV182-filtered-reads-fasta/HV182-merged.fasta
HV183-merged.fasta,/tigress/DONIA/data/IBD_Dutch_500FG/HC/HV183/HV183-filtered-reads-fasta/HV183-merged.fasta
HV184-merged.fasta,/tigress/DONIA/data/IBD_Dutch_500FG/HC/HV184/HV184-filtered-reads-fasta/HV184-merged.fasta
HV185-merged.fasta,/tigress/DONIA/data/IBD_Dutch_500FG/HC/HV185/HV185-filtered-reads-fasta/HV185-merged.fasta
HV186-merged.fasta,/tigress/DONIA/data/IBD_Dutch_500FG/HC/HV186/HV186-filtered-reads-fasta/HV186-merged.fasta
HV187-merged.fasta,/tigress/DONIA/data/IBD_Dutch_500FG/HC/HV187/HV187-filtered-reads-fasta/HV187-merged.fasta
HV188-merged.fasta,/tigress/DONIA/data/IBD_Dutch_500FG/HC/HV188/HV188-filtered-reads-fasta/HV188-merged.fasta
HV189-merged.fasta,/tigress/DONIA/data/IBD_Dutch_500FG/HC/HV189/HV189-filtered-reads-fasta/HV189-merged.fasta
HV190-merged.fasta,/tigress/DONIA/data/IBD_Dutch_500FG/HC/HV190/HV190-filtered-reads-fasta/HV190-merged.fasta
HV191-merged.fasta,/tigress/DONIA/data/IBD_Dutch_500FG/HC/HV191/HV191-filtered-reads-fasta/HV191-merged.fasta
HV192-merged.fasta,/tigress/DONIA/data/IBD_Dutch_500FG/HC/HV192/HV192-filtered-reads-fasta/HV192-merged.fasta
HV193-merged.fasta,/tigress/DONIA/data/IBD_Dutch_500FG/HC/HV193/HV193-filtered-reads-fasta/HV193-merged.fasta
HV194-merged.fasta,/tigress/DONIA/data/IBD_Dutch_500FG/HC/HV194/HV194-filtered-reads-fasta/HV194-merged.fasta
HV195-merged.fasta,/tigress/DONIA/data/IBD_Dutch_500FG/HC/HV195/HV195-filtered-reads-fasta/HV195-merged.fasta
HV196-merged.fasta,/tigress/DONIA/data/IBD_Dutch_500FG/HC/HV196/HV196-filtered-reads-fasta/HV196-merged.fasta
HV197-merged.fasta,/tigress/DONIA/data/IBD_Dutch_500FG/HC/HV197/HV197-filtered-reads-fasta/HV197-merged.fasta
HV198-merged.fasta,/tigress/DONIA/data/IBD_Dutch_500FG/HC/HV198/HV198-filtered-reads-fasta/HV198-merged.fasta
HV199-merged.fasta,/tigress/DONIA/data/IBD_Dutch_500FG/HC/HV199/HV199-filtered-reads-fasta/HV199-merged.fasta
HV200-merged.fasta,/tigress/DONIA/data/IBD_Dutch_500FG/HC/HV200/HV200-filtered-reads-fasta/HV200-merged.fasta
HV201-merged.fasta,/tigress/DONIA/data/IBD_Dutch_500FG/HC/HV201/HV201-filtered-reads-fasta/HV201-merged.fasta
HV202-merged.fasta,/tigress/DONIA/data/IBD_Dutch_500FG/HC/HV202/HV202-filtered-reads-fasta/HV202-merged.fasta
HV203-merged.fasta,/tigress/DONIA/data/IBD_Dutch_500FG/HC/HV203/HV203-filtered-reads-fasta/HV203-merged.fasta
HV204-merged.fasta,/tigress/DONIA/data/IBD_Dutch_500FG/HC/HV204/HV204-filtered-reads-fasta/HV204-merged.fasta
HV205-merged.fasta,/tigress/DONIA/data/IBD_Dutch_500FG/HC/HV205/HV205-filtered-reads-fasta/HV205-merged.fasta
HV207-merged.fasta,/tigress/DONIA/data/IBD_Dutch_500FG/HC/HV207/HV207-filtered-reads-fasta/HV207-merged.fasta
HV208-merged.fasta,/tigress/DONIA/data/IBD_Dutch_500FG/HC/HV208/HV208-filtered-reads-fasta/HV208-merged.fasta
HV209-merged.fasta,/tigress/DONIA/data/IBD_Dutch_500FG/HC/HV209/HV209-filtered-reads-fasta/HV209-merged.fasta
HV210-merged.fasta,/tigress/DONIA/data/IBD_Dutch_500FG/HC/HV210/HV210-filtered-reads-fasta/HV210-merged.fasta
HV211-merged.fasta,/tigress/DONIA/data/IBD_Dutch_500FG/HC/HV211/HV211-filtered-reads-fasta/HV211-merged.fasta
HV212-merged.fasta,/tigress/DONIA/data/IBD_Dutch_500FG/HC/HV212/HV212-filtered-reads-fasta/HV212-merged.fasta
HV213-merged.fasta,/tigress/DONIA/data/IBD_Dutch_500FG/HC/HV213/HV213-filtered-reads-fasta/HV213-merged.fasta
HV214-merged.fasta,/tigress/DONIA/data/IBD_Dutch_500FG/HC/HV214/HV214-filtered-reads-fasta/HV214-merged.fasta
HV215-merged.fasta,/tigress/DONIA/data/IBD_Dutch_500FG/HC/HV215/HV215-filtered-reads-fasta/HV215-merged.fasta
HV216-merged.fasta,/tigress/DONIA/data/IBD_Dutch_500FG/HC/HV216/HV216-filtered-reads-fasta/HV216-merged.fasta
HV217-merged.fasta,/tigress/DONIA/data/IBD_Dutch_500FG/HC/HV217/HV217-filtered-reads-fasta/HV217-merged.fasta
HV218-merged.fasta,/tigress/DONIA/data/IBD_Dutch_500FG/HC/HV218/HV218-filtered-reads-fasta/HV218-merged.fasta
HV219-merged.fasta,/tigress/DONIA/data/IBD_Dutch_500FG/HC/HV219/HV219-filtered-reads-fasta/HV219-merged.fasta
HV220-merged.fasta,/tigress/DONIA/data/IBD_Dutch_500FG/HC/HV220/HV220-filtered-reads-fasta/HV220-merged.fasta
HV221-merged.fasta,/tigress/DONIA/data/IBD_Dutch_500FG/HC/HV221/HV221-filtered-reads-fasta/HV221-merged.fasta
HV223-merged.fasta,/tigress/DONIA/data/IBD_Dutch_500FG/HC/HV223/HV223-filtered-reads-fasta/HV223-merged.fasta
HV224-merged.fasta,/tigress/DONIA/data/IBD_Dutch_500FG/HC/HV224/HV224-filtered-reads-fasta/HV224-merged.fasta
HV226-merged.fasta,/tigress/DONIA/data/IBD_Dutch_500FG/HC/HV226/HV226-filtered-reads-fasta/HV226-merged.fasta
HV228-merged.fasta,/tigress/DONIA/data/IBD_Dutch_500FG/HC/HV228/HV228-filtered-reads-fasta/HV228-merged.fasta
HV229-merged.fasta,/tigress/DONIA/data/IBD_Dutch_500FG/HC/HV229/HV229-filtered-reads-fasta/HV229-merged.fasta
HV230-merged.fasta,/tigress/DONIA/data/IBD_Dutch_500FG/HC/HV230/HV230-filtered-reads-fasta/HV230-merged.fasta
HV232-merged.fasta,/tigress/DONIA/data/IBD_Dutch_500FG/HC/HV232/HV232-filtered-reads-fasta/HV232-merged.fasta
HV233-merged.fasta,/tigress/DONIA/data/IBD_Dutch_500FG/HC/HV233/HV233-filtered-reads-fasta/HV233-merged.fasta
HV234-merged.fasta,/tigress/DONIA/data/IBD_Dutch_500FG/HC/HV234/HV234-filtered-reads-fasta/HV234-merged.fasta
HV235-merged.fasta,/tigress/DONIA/data/IBD_Dutch_500FG/HC/HV235/HV235-filtered-reads-fasta/HV235-merged.fasta
HV236-merged.fasta,/tigress/DONIA/data/IBD_Dutch_500FG/HC/HV236/HV236-filtered-reads-fasta/HV236-merged.fasta
HV237-merged.fasta,/tigress/DONIA/data/IBD_Dutch_500FG/HC/HV237/HV237-filtered-reads-fasta/HV237-merged.fasta
HV240-merged.fasta,/tigress/DONIA/data/IBD_Dutch_500FG/HC/HV240/HV240-filtered-reads-fasta/HV240-merged.fasta
HV241-merged.fasta,/tigress/DONIA/data/IBD_Dutch_500FG/HC/HV241/HV241-filtered-reads-fasta/HV241-merged.fasta
HV242-merged.fasta,/tigress/DONIA/data/IBD_Dutch_500FG/HC/HV242/HV242-filtered-reads-fasta/HV242-merged.fasta
HV243-merged.fasta,/tigress/DONIA/data/IBD_Dutch_500FG/HC/HV243/HV243-filtered-reads-fasta/HV243-merged.fasta
HV244-merged.fasta,/tigress/DONIA/data/IBD_Dutch_500FG/HC/HV244/HV244-filtered-reads-fasta/HV244-merged.fasta
HV245-merged.fasta,/tigress/DONIA/data/IBD_Dutch_500FG/HC/HV245/HV245-filtered-reads-fasta/HV245-merged.fasta
HV246-merged.fasta,/tigress/DONIA/data/IBD_Dutch_500FG/HC/HV246/HV246-filtered-reads-fasta/HV246-merged.fasta
HV247-merged.fasta,/tigress/DONIA/data/IBD_Dutch_500FG/HC/HV247/HV247-filtered-reads-fasta/HV247-merged.fasta
HV248-merged.fasta,/tigress/DONIA/data/IBD_Dutch_500FG/HC/HV248/HV248-filtered-reads-fasta/HV248-merged.fasta
HV249-merged.fasta,/tigress/DONIA/data/IBD_Dutch_500FG/HC/HV249/HV249-filtered-reads-fasta/HV249-merged.fasta
HV251-merged.fasta,/tigress/DONIA/data/IBD_Dutch_500FG/HC/HV251/HV251-filtered-reads-fasta/HV251-merged.fasta
HV252-merged.fasta,/tigress/DONIA/data/IBD_Dutch_500FG/HC/HV252/HV252-filtered-reads-fasta/HV252-merged.fasta
HV254-merged.fasta,/tigress/DONIA/data/IBD_Dutch_500FG/HC/HV254/HV254-filtered-reads-fasta/HV254-merged.fasta
HV256-merged.fasta,/tigress/DONIA/data/IBD_Dutch_500FG/HC/HV256/HV256-filtered-reads-fasta/HV256-merged.fasta
HV257-merged.fasta,/tigress/DONIA/data/IBD_Dutch_500FG/HC/HV257/HV257-filtered-reads-fasta/HV257-merged.fasta
HV258-merged.fasta,/tigress/DONIA/data/IBD_Dutch_500FG/HC/HV258/HV258-filtered-reads-fasta/HV258-merged.fasta
HV259-merged.fasta,/tigress/DONIA/data/IBD_Dutch_500FG/HC/HV259/HV259-filtered-reads-fasta/HV259-merged.fasta
HV260-merged.fasta,/tigress/DONIA/data/IBD_Dutch_500FG/HC/HV260/HV260-filtered-reads-fasta/HV260-merged.fasta
HV261-merged.fasta,/tigress/DONIA/data/IBD_Dutch_500FG/HC/HV261/HV261-filtered-reads-fasta/HV261-merged.fasta
HV262-merged.fasta,/tigress/DONIA/data/IBD_Dutch_500FG/HC/HV262/HV262-filtered-reads-fasta/HV262-merged.fasta
HV263-merged.fasta,/tigress/DONIA/data/IBD_Dutch_500FG/HC/HV263/HV263-filtered-reads-fasta/HV263-merged.fasta
HV265-merged.fasta,/tigress/DONIA/data/IBD_Dutch_500FG/HC/HV265/HV265-filtered-reads-fasta/HV265-merged.fasta
HV266-merged.fasta,/tigress/DONIA/data/IBD_Dutch_500FG/HC/HV266/HV266-filtered-reads-fasta/HV266-merged.fasta
HV267-merged.fasta,/tigress/DONIA/data/IBD_Dutch_500FG/HC/HV267/HV267-filtered-reads-fasta/HV267-merged.fasta
HV269-merged.fasta,/tigress/DONIA/data/IBD_Dutch_500FG/HC/HV269/HV269-filtered-reads-fasta/HV269-merged.fasta
HV270-merged.fasta,/tigress/DONIA/data/IBD_Dutch_500FG/HC/HV270/HV270-filtered-reads-fasta/HV270-merged.fasta
HV271-merged.fasta,/tigress/DONIA/data/IBD_Dutch_500FG/HC/HV271/HV271-filtered-reads-fasta/HV271-merged.fasta
HV272-merged.fasta,/tigress/DONIA/data/IBD_Dutch_500FG/HC/HV272/HV272-filtered-reads-fasta/HV272-merged.fasta
HV273-merged.fasta,/tigress/DONIA/data/IBD_Dutch_500FG/HC/HV273/HV273-filtered-reads-fasta/HV273-merged.fasta
HV274-merged.fasta,/tigress/DONIA/data/IBD_Dutch_500FG/HC/HV274/HV274-filtered-reads-fasta/HV274-merged.fasta
HV276-merged.fasta,/tigress/DONIA/data/IBD_Dutch_500FG/HC/HV276/HV276-filtered-reads-fasta/HV276-merged.fasta
HV277-merged.fasta,/tigress/DONIA/data/IBD_Dutch_500FG/HC/HV277/HV277-filtered-reads-fasta/HV277-merged.fasta
HV279-merged.fasta,/tigress/DONIA/data/IBD_Dutch_500FG/HC/HV279/HV279-filtered-reads-fasta/HV279-merged.fasta
HV280-merged.fasta,/tigress/DONIA/data/IBD_Dutch_500FG/HC/HV280/HV280-filtered-reads-fasta/HV280-merged.fasta
HV282-merged.fasta,/tigress/DONIA/data/IBD_Dutch_500FG/HC/HV282/HV282-filtered-reads-fasta/HV282-merged.fasta
HV283-merged.fasta,/tigress/DONIA/data/IBD_Dutch_500FG/HC/HV283/HV283-filtered-reads-fasta/HV283-merged.fasta
HV285-merged.fasta,/tigress/DONIA/data/IBD_Dutch_500FG/HC/HV285/HV285-filtered-reads-fasta/HV285-merged.fasta
HV286-merged.fasta,/tigress/DONIA/data/IBD_Dutch_500FG/HC/HV286/HV286-filtered-reads-fasta/HV286-merged.fasta
HV287-merged.fasta,/tigress/DONIA/data/IBD_Dutch_500FG/HC/HV287/HV287-filtered-reads-fasta/HV287-merged.fasta
HV288-merged.fasta,/tigress/DONIA/data/IBD_Dutch_500FG/HC/HV288/HV288-filtered-reads-fasta/HV288-merged.fasta
HV290-merged.fasta,/tigress/DONIA/data/IBD_Dutch_500FG/HC/HV290/HV290-filtered-reads-fasta/HV290-merged.fasta
HV292-merged.fasta,/tigress/DONIA/data/IBD_Dutch_500FG/HC/HV292/HV292-filtered-reads-fasta/HV292-merged.fasta
HV293-merged.fasta,/tigress/DONIA/data/IBD_Dutch_500FG/HC/HV293/HV293-filtered-reads-fasta/HV293-merged.fasta
HV294-merged.fasta,/tigress/DONIA/data/IBD_Dutch_500FG/HC/HV294/HV294-filtered-reads-fasta/HV294-merged.fasta
HV295-merged.fasta,/tigress/DONIA/data/IBD_Dutch_500FG/HC/HV295/HV295-filtered-reads-fasta/HV295-merged.fasta
HV296-merged.fasta,/tigress/DONIA/data/IBD_Dutch_500FG/HC/HV296/HV296-filtered-reads-fasta/HV296-merged.fasta
HV297-merged.fasta,/tigress/DONIA/data/IBD_Dutch_500FG/HC/HV297/HV297-filtered-reads-fasta/HV297-merged.fasta
HV298-merged.fasta,/tigress/DONIA/data/IBD_Dutch_500FG/HC/HV298/HV298-filtered-reads-fasta/HV298-merged.fasta
HV299-merged.fasta,/tigress/DONIA/data/IBD_Dutch_500FG/HC/HV299/HV299-filtered-reads-fasta/HV299-merged.fasta
HV300-merged.fasta,/tigress/DONIA/data/IBD_Dutch_500FG/HC/HV300/HV300-filtered-reads-fasta/HV300-merged.fasta
HV301-merged.fasta,/tigress/DONIA/data/IBD_Dutch_500FG/HC/HV301/HV301-filtered-reads-fasta/HV301-merged.fasta
HV302-merged.fasta,/tigress/DONIA/data/IBD_Dutch_500FG/HC/HV302/HV302-filtered-reads-fasta/HV302-merged.fasta
HV304-merged.fasta,/tigress/DONIA/data/IBD_Dutch_500FG/HC/HV304/HV304-filtered-reads-fasta/HV304-merged.fasta
HV305-merged.fasta,/tigress/DONIA/data/IBD_Dutch_500FG/HC/HV305/HV305-filtered-reads-fasta/HV305-merged.fasta
HV306-merged.fasta,/tigress/DONIA/data/IBD_Dutch_500FG/HC/HV306/HV306-filtered-reads-fasta/HV306-merged.fasta
HV307-merged.fasta,/tigress/DONIA/data/IBD_Dutch_500FG/HC/HV307/HV307-filtered-reads-fasta/HV307-merged.fasta
HV308-merged.fasta,/tigress/DONIA/data/IBD_Dutch_500FG/HC/HV308/HV308-filtered-reads-fasta/HV308-merged.fasta
HV309-merged.fasta,/tigress/DONIA/data/IBD_Dutch_500FG/HC/HV309/HV309-filtered-reads-fasta/HV309-merged.fasta
HV310-merged.fasta,/tigress/DONIA/data/IBD_Dutch_500FG/HC/HV310/HV310-filtered-reads-fasta/HV310-merged.fasta
HV313-merged.fasta,/tigress/DONIA/data/IBD_Dutch_500FG/HC/HV313/HV313-filtered-reads-fasta/HV313-merged.fasta
HV314-merged.fasta,/tigress/DONIA/data/IBD_Dutch_500FG/HC/HV314/HV314-filtered-reads-fasta/HV314-merged.fasta
HV315-merged.fasta,/tigress/DONIA/data/IBD_Dutch_500FG/HC/HV315/HV315-filtered-reads-fasta/HV315-merged.fasta
HV316-merged.fasta,/tigress/DONIA/data/IBD_Dutch_500FG/HC/HV316/HV316-filtered-reads-fasta/HV316-merged.fasta
HV318-merged.fasta,/tigress/DONIA/data/IBD_Dutch_500FG/HC/HV318/HV318-filtered-reads-fasta/HV318-merged.fasta
HV319-merged.fasta,/tigress/DONIA/data/IBD_Dutch_500FG/HC/HV319/HV319-filtered-reads-fasta/HV319-merged.fasta
HV320-merged.fasta,/tigress/DONIA/data/IBD_Dutch_500FG/HC/HV320/HV320-filtered-reads-fasta/HV320-merged.fasta
HV321-merged.fasta,/tigress/DONIA/data/IBD_Dutch_500FG/HC/HV321/HV321-filtered-reads-fasta/HV321-merged.fasta
HV323-merged.fasta,/tigress/DONIA/data/IBD_Dutch_500FG/HC/HV323/HV323-filtered-reads-fasta/HV323-merged.fasta
HV324-merged.fasta,/tigress/DONIA/data/IBD_Dutch_500FG/HC/HV324/HV324-filtered-reads-fasta/HV324-merged.fasta
HV325-merged.fasta,/tigress/DONIA/data/IBD_Dutch_500FG/HC/HV325/HV325-filtered-reads-fasta/HV325-merged.fasta
HV326-merged.fasta,/tigress/DONIA/data/IBD_Dutch_500FG/HC/HV326/HV326-filtered-reads-fasta/HV326-merged.fasta
HV327-merged.fasta,/tigress/DONIA/data/IBD_Dutch_500FG/HC/HV327/HV327-filtered-reads-fasta/HV327-merged.fasta
HV328-merged.fasta,/tigress/DONIA/data/IBD_Dutch_500FG/HC/HV328/HV328-filtered-reads-fasta/HV328-merged.fasta
HV329-merged.fasta,/tigress/DONIA/data/IBD_Dutch_500FG/HC/HV329/HV329-filtered-reads-fasta/HV329-merged.fasta
HV330-merged.fasta,/tigress/DONIA/data/IBD_Dutch_500FG/HC/HV330/HV330-filtered-reads-fasta/HV330-merged.fasta
HV331-merged.fasta,/tigress/DONIA/data/IBD_Dutch_500FG/HC/HV331/HV331-filtered-reads-fasta/HV331-merged.fasta
HV332-merged.fasta,/tigress/DONIA/data/IBD_Dutch_500FG/HC/HV332/HV332-filtered-reads-fasta/HV332-merged.fasta
HV333-merged.fasta,/tigress/DONIA/data/IBD_Dutch_500FG/HC/HV333/HV333-filtered-reads-fasta/HV333-merged.fasta
HV334-merged.fasta,/tigress/DONIA/data/IBD_Dutch_500FG/HC/HV334/HV334-filtered-reads-fasta/HV334-merged.fasta
HV335-merged.fasta,/tigress/DONIA/data/IBD_Dutch_500FG/HC/HV335/HV335-filtered-reads-fasta/HV335-merged.fasta
HV336-merged.fasta,/tigress/DONIA/data/IBD_Dutch_500FG/HC/HV336/HV336-filtered-reads-fasta/HV336-merged.fasta
HV337-merged.fasta,/tigress/DONIA/data/IBD_Dutch_500FG/HC/HV337/HV337-filtered-reads-fasta/HV337-merged.fasta
HV338-merged.fasta,/tigress/DONIA/data/IBD_Dutch_500FG/HC/HV338/HV338-filtered-reads-fasta/HV338-merged.fasta
HV339-merged.fasta,/tigress/DONIA/data/IBD_Dutch_500FG/HC/HV339/HV339-filtered-reads-fasta/HV339-merged.fasta
HV340-merged.fasta,/tigress/DONIA/data/IBD_Dutch_500FG/HC/HV340/HV340-filtered-reads-fasta/HV340-merged.fasta
HV342-merged.fasta,/tigress/DONIA/data/IBD_Dutch_500FG/HC/HV342/HV342-filtered-reads-fasta/HV342-merged.fasta
HV343-merged.fasta,/tigress/DONIA/data/IBD_Dutch_500FG/HC/HV343/HV343-filtered-reads-fasta/HV343-merged.fasta
HV344-merged.fasta,/tigress/DONIA/data/IBD_Dutch_500FG/HC/HV344/HV344-filtered-reads-fasta/HV344-merged.fasta
HV346-merged.fasta,/tigress/DONIA/data/IBD_Dutch_500FG/HC/HV346/HV346-filtered-reads-fasta/HV346-merged.fasta
HV347-merged.fasta,/tigress/DONIA/data/IBD_Dutch_500FG/HC/HV347/HV347-filtered-reads-fasta/HV347-merged.fasta
HV348-merged.fasta,/tigress/DONIA/data/IBD_Dutch_500FG/HC/HV348/HV348-filtered-reads-fasta/HV348-merged.fasta
HV349-merged.fasta,/tigress/DONIA/data/IBD_Dutch_500FG/HC/HV349/HV349-filtered-reads-fasta/HV349-merged.fasta
HV350-merged.fasta,/tigress/DONIA/data/IBD_Dutch_500FG/HC/HV350/HV350-filtered-reads-fasta/HV350-merged.fasta
HV351-merged.fasta,/tigress/DONIA/data/IBD_Dutch_500FG/HC/HV351/HV351-filtered-reads-fasta/HV351-merged.fasta
HV352-merged.fasta,/tigress/DONIA/data/IBD_Dutch_500FG/HC/HV352/HV352-filtered-reads-fasta/HV352-merged.fasta
HV353-merged.fasta,/tigress/DONIA/data/IBD_Dutch_500FG/HC/HV353/HV353-filtered-reads-fasta/HV353-merged.fasta
HV354-merged.fasta,/tigress/DONIA/data/IBD_Dutch_500FG/HC/HV354/HV354-filtered-reads-fasta/HV354-merged.fasta
HV356-merged.fasta,/tigress/DONIA/data/IBD_Dutch_500FG/HC/HV356/HV356-filtered-reads-fasta/HV356-merged.fasta
HV357-merged.fasta,/tigress/DONIA/data/IBD_Dutch_500FG/HC/HV357/HV357-filtered-reads-fasta/HV357-merged.fasta
HV358-merged.fasta,/tigress/DONIA/data/IBD_Dutch_500FG/HC/HV358/HV358-filtered-reads-fasta/HV358-merged.fasta
HV360-merged.fasta,/tigress/DONIA/data/IBD_Dutch_500FG/HC/HV360/HV360-filtered-reads-fasta/HV360-merged.fasta
HV361-merged.fasta,/tigress/DONIA/data/IBD_Dutch_500FG/HC/HV361/HV361-filtered-reads-fasta/HV361-merged.fasta
HV362-merged.fasta,/tigress/DONIA/data/IBD_Dutch_500FG/HC/HV362/HV362-filtered-reads-fasta/HV362-merged.fasta
HV363-merged.fasta,/tigress/DONIA/data/IBD_Dutch_500FG/HC/HV363/HV363-filtered-reads-fasta/HV363-merged.fasta
HV364-merged.fasta,/tigress/DONIA/data/IBD_Dutch_500FG/HC/HV364/HV364-filtered-reads-fasta/HV364-merged.fasta
HV366-merged.fasta,/tigress/DONIA/data/IBD_Dutch_500FG/HC/HV366/HV366-filtered-reads-fasta/HV366-merged.fasta
HV368-merged.fasta,/tigress/DONIA/data/IBD_Dutch_500FG/HC/HV368/HV368-filtered-reads-fasta/HV368-merged.fasta
HV369-merged.fasta,/tigress/DONIA/data/IBD_Dutch_500FG/HC/HV369/HV369-filtered-reads-fasta/HV369-merged.fasta
HV370-merged.fasta,/tigress/DONIA/data/IBD_Dutch_500FG/HC/HV370/HV370-filtered-reads-fasta/HV370-merged.fasta
HV371-merged.fasta,/tigress/DONIA/data/IBD_Dutch_500FG/HC/HV371/HV371-filtered-reads-fasta/HV371-merged.fasta
HV372-merged.fasta,/tigress/DONIA/data/IBD_Dutch_500FG/HC/HV372/HV372-filtered-reads-fasta/HV372-merged.fasta
HV373-merged.fasta,/tigress/DONIA/data/IBD_Dutch_500FG/HC/HV373/HV373-filtered-reads-fasta/HV373-merged.fasta
HV374-merged.fasta,/tigress/DONIA/data/IBD_Dutch_500FG/HC/HV374/HV374-filtered-reads-fasta/HV374-merged.fasta
HV375-merged.fasta,/tigress/DONIA/data/IBD_Dutch_500FG/HC/HV375/HV375-filtered-reads-fasta/HV375-merged.fasta
HV376-merged.fasta,/tigress/DONIA/data/IBD_Dutch_500FG/HC/HV376/HV376-filtered-reads-fasta/HV376-merged.fasta
HV377-merged.fasta,/tigress/DONIA/data/IBD_Dutch_500FG/HC/HV377/HV377-filtered-reads-fasta/HV377-merged.fasta
HV378-merged.fasta,/tigress/DONIA/data/IBD_Dutch_500FG/HC/HV378/HV378-filtered-reads-fasta/HV378-merged.fasta
HV379-merged.fasta,/tigress/DONIA/data/IBD_Dutch_500FG/HC/HV379/HV379-filtered-reads-fasta/HV379-merged.fasta
HV380-merged.fasta,/tigress/DONIA/data/IBD_Dutch_500FG/HC/HV380/HV380-filtered-reads-fasta/HV380-merged.fasta
HV382-merged.fasta,/tigress/DONIA/data/IBD_Dutch_500FG/HC/HV382/HV382-filtered-reads-fasta/HV382-merged.fasta
HV383-merged.fasta,/tigress/DONIA/data/IBD_Dutch_500FG/HC/HV383/HV383-filtered-reads-fasta/HV383-merged.fasta
HV384-merged.fasta,/tigress/DONIA/data/IBD_Dutch_500FG/HC/HV384/HV384-filtered-reads-fasta/HV384-merged.fasta
HV385-merged.fasta,/tigress/DONIA/data/IBD_Dutch_500FG/HC/HV385/HV385-filtered-reads-fasta/HV385-merged.fasta
HV386-merged.fasta,/tigress/DONIA/data/IBD_Dutch_500FG/HC/HV386/HV386-filtered-reads-fasta/HV386-merged.fasta
HV387-merged.fasta,/tigress/DONIA/data/IBD_Dutch_500FG/HC/HV387/HV387-filtered-reads-fasta/HV387-merged.fasta
HV388-merged.fasta,/tigress/DONIA/data/IBD_Dutch_500FG/HC/HV388/HV388-filtered-reads-fasta/HV388-merged.fasta
HV389-merged.fasta,/tigress/DONIA/data/IBD_Dutch_500FG/HC/HV389/HV389-filtered-reads-fasta/HV389-merged.fasta
HV390-merged.fasta,/tigress/DONIA/data/IBD_Dutch_500FG/HC/HV390/HV390-filtered-reads-fasta/HV390-merged.fasta
HV391-merged.fasta,/tigress/DONIA/data/IBD_Dutch_500FG/HC/HV391/HV391-filtered-reads-fasta/HV391-merged.fasta
HV392-merged.fasta,/tigress/DONIA/data/IBD_Dutch_500FG/HC/HV392/HV392-filtered-reads-fasta/HV392-merged.fasta
HV393-merged.fasta,/tigress/DONIA/data/IBD_Dutch_500FG/HC/HV393/HV393-filtered-reads-fasta/HV393-merged.fasta
HV394-merged.fasta,/tigress/DONIA/data/IBD_Dutch_500FG/HC/HV394/HV394-filtered-reads-fasta/HV394-merged.fasta
HV395-merged.fasta,/tigress/DONIA/data/IBD_Dutch_500FG/HC/HV395/HV395-filtered-reads-fasta/HV395-merged.fasta
HV396-merged.fasta,/tigress/DONIA/data/IBD_Dutch_500FG/HC/HV396/HV396-filtered-reads-fasta/HV396-merged.fasta
HV397-merged.fasta,/tigress/DONIA/data/IBD_Dutch_500FG/HC/HV397/HV397-filtered-reads-fasta/HV397-merged.fasta
HV398-merged.fasta,/tigress/DONIA/data/IBD_Dutch_500FG/HC/HV398/HV398-filtered-reads-fasta/HV398-merged.fasta
HV399-merged.fasta,/tigress/DONIA/data/IBD_Dutch_500FG/HC/HV399/HV399-filtered-reads-fasta/HV399-merged.fasta
HV400-merged.fasta,/tigress/DONIA/data/IBD_Dutch_500FG/HC/HV400/HV400-filtered-reads-fasta/HV400-merged.fasta
HV401-merged.fasta,/tigress/DONIA/data/IBD_Dutch_500FG/HC/HV401/HV401-filtered-reads-fasta/HV401-merged.fasta
HV402-merged.fasta,/tigress/DONIA/data/IBD_Dutch_500FG/HC/HV402/HV402-filtered-reads-fasta/HV402-merged.fasta
HV403-merged.fasta,/tigress/DONIA/data/IBD_Dutch_500FG/HC/HV403/HV403-filtered-reads-fasta/HV403-merged.fasta
HV404-merged.fasta,/tigress/DONIA/data/IBD_Dutch_500FG/HC/HV404/HV404-filtered-reads-fasta/HV404-merged.fasta
HV405-merged.fasta,/tigress/DONIA/data/IBD_Dutch_500FG/HC/HV405/HV405-filtered-reads-fasta/HV405-merged.fasta
HV406-merged.fasta,/tigress/DONIA/data/IBD_Dutch_500FG/HC/HV406/HV406-filtered-reads-fasta/HV406-merged.fasta
HV407-merged.fasta,/tigress/DONIA/data/IBD_Dutch_500FG/HC/HV407/HV407-filtered-reads-fasta/HV407-merged.fasta
HV408-merged.fasta,/tigress/DONIA/data/IBD_Dutch_500FG/HC/HV408/HV408-filtered-reads-fasta/HV408-merged.fasta
HV409-merged.fasta,/tigress/DONIA/data/IBD_Dutch_500FG/HC/HV409/HV409-filtered-reads-fasta/HV409-merged.fasta
HV410-merged.fasta,/tigress/DONIA/data/IBD_Dutch_500FG/HC/HV410/HV410-filtered-reads-fasta/HV410-merged.fasta
HV412-merged.fasta,/tigress/DONIA/data/IBD_Dutch_500FG/HC/HV412/HV412-filtered-reads-fasta/HV412-merged.fasta
HV413-merged.fasta,/tigress/DONIA/data/IBD_Dutch_500FG/HC/HV413/HV413-filtered-reads-fasta/HV413-merged.fasta
HV414-merged.fasta,/tigress/DONIA/data/IBD_Dutch_500FG/HC/HV414/HV414-filtered-reads-fasta/HV414-merged.fasta
HV415-merged.fasta,/tigress/DONIA/data/IBD_Dutch_500FG/HC/HV415/HV415-filtered-reads-fasta/HV415-merged.fasta
HV416-merged.fasta,/tigress/DONIA/data/IBD_Dutch_500FG/HC/HV416/HV416-filtered-reads-fasta/HV416-merged.fasta
HV417-merged.fasta,/tigress/DONIA/data/IBD_Dutch_500FG/HC/HV417/HV417-filtered-reads-fasta/HV417-merged.fasta
HV418-merged.fasta,/tigress/DONIA/data/IBD_Dutch_500FG/HC/HV418/HV418-filtered-reads-fasta/HV418-merged.fasta
HV419-merged.fasta,/tigress/DONIA/data/IBD_Dutch_500FG/HC/HV419/HV419-filtered-reads-fasta/HV419-merged.fasta
HV421-merged.fasta,/tigress/DONIA/data/IBD_Dutch_500FG/HC/HV421/HV421-filtered-reads-fasta/HV421-merged.fasta
HV423-merged.fasta,/tigress/DONIA/data/IBD_Dutch_500FG/HC/HV423/HV423-filtered-reads-fasta/HV423-merged.fasta
HV424-merged.fasta,/tigress/DONIA/data/IBD_Dutch_500FG/HC/HV424/HV424-filtered-reads-fasta/HV424-merged.fasta
HV425-merged.fasta,/tigress/DONIA/data/IBD_Dutch_500FG/HC/HV425/HV425-filtered-reads-fasta/HV425-merged.fasta
HV426-merged.fasta,/tigress/DONIA/data/IBD_Dutch_500FG/HC/HV426/HV426-filtered-reads-fasta/HV426-merged.fasta
HV427-merged.fasta,/tigress/DONIA/data/IBD_Dutch_500FG/HC/HV427/HV427-filtered-reads-fasta/HV427-merged.fasta
HV428-merged.fasta,/tigress/DONIA/data/IBD_Dutch_500FG/HC/HV428/HV428-filtered-reads-fasta/HV428-merged.fasta
HV429-merged.fasta,/tigress/DONIA/data/IBD_Dutch_500FG/HC/HV429/HV429-filtered-reads-fasta/HV429-merged.fasta
HV430-merged.fasta,/tigress/DONIA/data/IBD_Dutch_500FG/HC/HV430/HV430-filtered-reads-fasta/HV430-merged.fasta
HV431-merged.fasta,/tigress/DONIA/data/IBD_Dutch_500FG/HC/HV431/HV431-filtered-reads-fasta/HV431-merged.fasta
HV432-merged.fasta,/tigress/DONIA/data/IBD_Dutch_500FG/HC/HV432/HV432-filtered-reads-fasta/HV432-merged.fasta
HV433-merged.fasta,/tigress/DONIA/data/IBD_Dutch_500FG/HC/HV433/HV433-filtered-reads-fasta/HV433-merged.fasta
HV434-merged.fasta,/tigress/DONIA/data/IBD_Dutch_500FG/HC/HV434/HV434-filtered-reads-fasta/HV434-merged.fasta
HV435-merged.fasta,/tigress/DONIA/data/IBD_Dutch_500FG/HC/HV435/HV435-filtered-reads-fasta/HV435-merged.fasta
HV436-merged.fasta,/tigress/DONIA/data/IBD_Dutch_500FG/HC/HV436/HV436-filtered-reads-fasta/HV436-merged.fasta
HV437-merged.fasta,/tigress/DONIA/data/IBD_Dutch_500FG/HC/HV437/HV437-filtered-reads-fasta/HV437-merged.fasta
HV438-merged.fasta,/tigress/DONIA/data/IBD_Dutch_500FG/HC/HV438/HV438-filtered-reads-fasta/HV438-merged.fasta
HV439-merged.fasta,/tigress/DONIA/data/IBD_Dutch_500FG/HC/HV439/HV439-filtered-reads-fasta/HV439-merged.fasta
HV440-merged.fasta,/tigress/DONIA/data/IBD_Dutch_500FG/HC/HV440/HV440-filtered-reads-fasta/HV440-merged.fasta
HV441-merged.fasta,/tigress/DONIA/data/IBD_Dutch_500FG/HC/HV441/HV441-filtered-reads-fasta/HV441-merged.fasta
HV442-merged.fasta,/tigress/DONIA/data/IBD_Dutch_500FG/HC/HV442/HV442-filtered-reads-fasta/HV442-merged.fasta
HV443-merged.fasta,/tigress/DONIA/data/IBD_Dutch_500FG/HC/HV443/HV443-filtered-reads-fasta/HV443-merged.fasta
HV445-merged.fasta,/tigress/DONIA/data/IBD_Dutch_500FG/HC/HV445/HV445-filtered-reads-fasta/HV445-merged.fasta
HV446-merged.fasta,/tigress/DONIA/data/IBD_Dutch_500FG/HC/HV446/HV446-filtered-reads-fasta/HV446-merged.fasta
HV447-merged.fasta,/tigress/DONIA/data/IBD_Dutch_500FG/HC/HV447/HV447-filtered-reads-fasta/HV447-merged.fasta
HV448-merged.fasta,/tigress/DONIA/data/IBD_Dutch_500FG/HC/HV448/HV448-filtered-reads-fasta/HV448-merged.fasta
HV449-merged.fasta,/tigress/DONIA/data/IBD_Dutch_500FG/HC/HV449/HV449-filtered-reads-fasta/HV449-merged.fasta
HV450-merged.fasta,/tigress/DONIA/data/IBD_Dutch_500FG/HC/HV450/HV450-filtered-reads-fasta/HV450-merged.fasta
HV451-merged.fasta,/tigress/DONIA/data/IBD_Dutch_500FG/HC/HV451/HV451-filtered-reads-fasta/HV451-merged.fasta
HV452-merged.fasta,/tigress/DONIA/data/IBD_Dutch_500FG/HC/HV452/HV452-filtered-reads-fasta/HV452-merged.fasta
HV453-merged.fasta,/tigress/DONIA/data/IBD_Dutch_500FG/HC/HV453/HV453-filtered-reads-fasta/HV453-merged.fasta
HV454-merged.fasta,/tigress/DONIA/data/IBD_Dutch_500FG/HC/HV454/HV454-filtered-reads-fasta/HV454-merged.fasta
HV455-merged.fasta,/tigress/DONIA/data/IBD_Dutch_500FG/HC/HV455/HV455-filtered-reads-fasta/HV455-merged.fasta
HV456-merged.fasta,/tigress/DONIA/data/IBD_Dutch_500FG/HC/HV456/HV456-filtered-reads-fasta/HV456-merged.fasta
HV457-merged.fasta,/tigress/DONIA/data/IBD_Dutch_500FG/HC/HV457/HV457-filtered-reads-fasta/HV457-merged.fasta
HV458-merged.fasta,/tigress/DONIA/data/IBD_Dutch_500FG/HC/HV458/HV458-filtered-reads-fasta/HV458-merged.fasta
HV459-merged.fasta,/tigress/DONIA/data/IBD_Dutch_500FG/HC/HV459/HV459-filtered-reads-fasta/HV459-merged.fasta
HV460-merged.fasta,/tigress/DONIA/data/IBD_Dutch_500FG/HC/HV460/HV460-filtered-reads-fasta/HV460-merged.fasta
HV461-merged.fasta,/tigress/DONIA/data/IBD_Dutch_500FG/HC/HV461/HV461-filtered-reads-fasta/HV461-merged.fasta
HV462-merged.fasta,/tigress/DONIA/data/IBD_Dutch_500FG/HC/HV462/HV462-filtered-reads-fasta/HV462-merged.fasta
HV463-merged.fasta,/tigress/DONIA/data/IBD_Dutch_500FG/HC/HV463/HV463-filtered-reads-fasta/HV463-merged.fasta
HV464-merged.fasta,/tigress/DONIA/data/IBD_Dutch_500FG/HC/HV464/HV464-filtered-reads-fasta/HV464-merged.fasta
HV465-merged.fasta,/tigress/DONIA/data/IBD_Dutch_500FG/HC/HV465/HV465-filtered-reads-fasta/HV465-merged.fasta
HV466-merged.fasta,/tigress/DONIA/data/IBD_Dutch_500FG/HC/HV466/HV466-filtered-reads-fasta/HV466-merged.fasta
HV467-merged.fasta,/tigress/DONIA/data/IBD_Dutch_500FG/HC/HV467/HV467-filtered-reads-fasta/HV467-merged.fasta
HV468-merged.fasta,/tigress/DONIA/data/IBD_Dutch_500FG/HC/HV468/HV468-filtered-reads-fasta/HV468-merged.fasta
HV469-merged.fasta,/tigress/DONIA/data/IBD_Dutch_500FG/HC/HV469/HV469-filtered-reads-fasta/HV469-merged.fasta
HV470-merged.fasta,/tigress/DONIA/data/IBD_Dutch_500FG/HC/HV470/HV470-filtered-reads-fasta/HV470-merged.fasta
HV471-merged.fasta,/tigress/DONIA/data/IBD_Dutch_500FG/HC/HV471/HV471-filtered-reads-fasta/HV471-merged.fasta
HV472-merged.fasta,/tigress/DONIA/data/IBD_Dutch_500FG/HC/HV472/HV472-filtered-reads-fasta/HV472-merged.fasta
HV473-merged.fasta,/tigress/DONIA/data/IBD_Dutch_500FG/HC/HV473/HV473-filtered-reads-fasta/HV473-merged.fasta
HV474-merged.fasta,/tigress/DONIA/data/IBD_Dutch_500FG/HC/HV474/HV474-filtered-reads-fasta/HV474-merged.fasta
HV475-merged.fasta,/tigress/DONIA/data/IBD_Dutch_500FG/HC/HV475/HV475-filtered-reads-fasta/HV475-merged.fasta
HV476-merged.fasta,/tigress/DONIA/data/IBD_Dutch_500FG/HC/HV476/HV476-filtered-reads-fasta/HV476-merged.fasta
HV477-merged.fasta,/tigress/DONIA/data/IBD_Dutch_500FG/HC/HV477/HV477-filtered-reads-fasta/HV477-merged.fasta
HV478-merged.fasta,/tigress/DONIA/data/IBD_Dutch_500FG/HC/HV478/HV478-filtered-reads-fasta/HV478-merged.fasta
HV479-merged.fasta,/tigress/DONIA/data/IBD_Dutch_500FG/HC/HV479/HV479-filtered-reads-fasta/HV479-merged.fasta
HV480-merged.fasta,/tigress/DONIA/data/IBD_Dutch_500FG/HC/HV480/HV480-filtered-reads-fasta/HV480-merged.fasta
HV481-merged.fasta,/tigress/DONIA/data/IBD_Dutch_500FG/HC/HV481/HV481-filtered-reads-fasta/HV481-merged.fasta
HV482-merged.fasta,/tigress/DONIA/data/IBD_Dutch_500FG/HC/HV482/HV482-filtered-reads-fasta/HV482-merged.fasta
HV483-merged.fasta,/tigress/DONIA/data/IBD_Dutch_500FG/HC/HV483/HV483-filtered-reads-fasta/HV483-merged.fasta
HV484-merged.fasta,/tigress/DONIA/data/IBD_Dutch_500FG/HC/HV484/HV484-filtered-reads-fasta/HV484-merged.fasta
HV485-merged.fasta,/tigress/DONIA/data/IBD_Dutch_500FG/HC/HV485/HV485-filtered-reads-fasta/HV485-merged.fasta
HV486-merged.fasta,/tigress/DONIA/data/IBD_Dutch_500FG/HC/HV486/HV486-filtered-reads-fasta/HV486-merged.fasta
HV490-merged.fasta,/tigress/DONIA/data/IBD_Dutch_500FG/HC/HV490/HV490-filtered-reads-fasta/HV490-merged.fasta
HV491-merged.fasta,/tigress/DONIA/data/IBD_Dutch_500FG/HC/HV491/HV491-filtered-reads-fasta/HV491-merged.fasta
HV492-merged.fasta,/tigress/DONIA/data/IBD_Dutch_500FG/HC/HV492/HV492-filtered-reads-fasta/HV492-merged.fasta
HV493-merged.fasta,/tigress/DONIA/data/IBD_Dutch_500FG/HC/HV493/HV493-filtered-reads-fasta/HV493-merged.fasta
HV494-merged.fasta,/tigress/DONIA/data/IBD_Dutch_500FG/HC/HV494/HV494-filtered-reads-fasta/HV494-merged.fasta
HV495-merged.fasta,/tigress/DONIA/data/IBD_Dutch_500FG/HC/HV495/HV495-filtered-reads-fasta/HV495-merged.fasta
HV496-merged.fasta,/tigress/DONIA/data/IBD_Dutch_500FG/HC/HV496/HV496-filtered-reads-fasta/HV496-merged.fasta
HV498-merged.fasta,/tigress/DONIA/data/IBD_Dutch_500FG/HC/HV498/HV498-filtered-reads-fasta/HV498-merged.fasta
HV499-merged.fasta,/tigress/DONIA/data/IBD_Dutch_500FG/HC/HV499/HV499-filtered-reads-fasta/HV499-merged.fasta
HV500-merged.fasta,/tigress/DONIA/data/IBD_Dutch_500FG/HC/HV500/HV500-filtered-reads-fasta/HV500-merged.fasta
HV501-merged.fasta,/tigress/DONIA/data/IBD_Dutch_500FG/HC/HV501/HV501-filtered-reads-fasta/HV501-merged.fasta
HV502-merged.fasta,/tigress/DONIA/data/IBD_Dutch_500FG/HC/HV502/HV502-filtered-reads-fasta/HV502-merged.fasta
HV503-merged.fasta,/tigress/DONIA/data/IBD_Dutch_500FG/HC/HV503/HV503-filtered-reads-fasta/HV503-merged.fasta
HV506-merged.fasta,/tigress/DONIA/data/IBD_Dutch_500FG/HC/HV506/HV506-filtered-reads-fasta/HV506-merged.fasta
HV507-merged.fasta,/tigress/DONIA/data/IBD_Dutch_500FG/HC/HV507/HV507-filtered-reads-fasta/HV507-merged.fasta
HV508-merged.fasta,/tigress/DONIA/data/IBD_Dutch_500FG/HC/HV508/HV508-filtered-reads-fasta/HV508-merged.fasta
HV509-merged.fasta,/tigress/DONIA/data/IBD_Dutch_500FG/HC/HV509/HV509-filtered-reads-fasta/HV509-merged.fasta
HV510-merged.fasta,/tigress/DONIA/data/IBD_Dutch_500FG/HC/HV510/HV510-filtered-reads-fasta/HV510-merged.fasta
HV511-merged.fasta,/tigress/DONIA/data/IBD_Dutch_500FG/HC/HV511/HV511-filtered-reads-fasta/HV511-merged.fasta
HV512-merged.fasta,/tigress/DONIA/data/IBD_Dutch_500FG/HC/HV512/HV512-filtered-reads-fasta/HV512-merged.fasta
HV513-merged.fasta,/tigress/DONIA/data/IBD_Dutch_500FG/HC/HV513/HV513-filtered-reads-fasta/HV513-merged.fasta
HV514-merged.fasta,/tigress/DONIA/data/IBD_Dutch_500FG/HC/HV514/HV514-filtered-reads-fasta/HV514-merged.fasta
HV515-merged.fasta,/tigress/DONIA/data/IBD_Dutch_500FG/HC/HV515/HV515-filtered-reads-fasta/HV515-merged.fasta
HV516-merged.fasta,/tigress/DONIA/data/IBD_Dutch_500FG/HC/HV516/HV516-filtered-reads-fasta/HV516-merged.fasta
HV517-merged.fasta,/tigress/DONIA/data/IBD_Dutch_500FG/HC/HV517/HV517-filtered-reads-fasta/HV517-merged.fasta
HV518-merged.fasta,/tigress/DONIA/data/IBD_Dutch_500FG/HC/HV518/HV518-filtered-reads-fasta/HV518-merged.fasta
HV519-merged.fasta,/tigress/DONIA/data/IBD_Dutch_500FG/HC/HV519/HV519-filtered-reads-fasta/HV519-merged.fasta
HV520-merged.fasta,/tigress/DONIA/data/IBD_Dutch_500FG/HC/HV520/HV520-filtered-reads-fasta/HV520-merged.fasta
HV521-merged.fasta,/tigress/DONIA/data/IBD_Dutch_500FG/HC/HV521/HV521-filtered-reads-fasta/HV521-merged.fasta
HV522-merged.fasta,/tigress/DONIA/data/IBD_Dutch_500FG/HC/HV522/HV522-filtered-reads-fasta/HV522-merged.fasta
HV523-merged.fasta,/tigress/DONIA/data/IBD_Dutch_500FG/HC/HV523/HV523-filtered-reads-fasta/HV523-merged.fasta
HV524-merged.fasta,/tigress/DONIA/data/IBD_Dutch_500FG/HC/HV524/HV524-filtered-reads-fasta/HV524-merged.fasta
HV525-merged.fasta,/tigress/DONIA/data/IBD_Dutch_500FG/HC/HV525/HV525-filtered-reads-fasta/HV525-merged.fasta
HV527-merged.fasta,/tigress/DONIA/data/IBD_Dutch_500FG/HC/HV527/HV527-filtered-reads-fasta/HV527-merged.fasta
HV530-merged.fasta,/tigress/DONIA/data/IBD_Dutch_500FG/HC/HV530/HV530-filtered-reads-fasta/HV530-merged.fasta
HV531-merged.fasta,/tigress/DONIA/data/IBD_Dutch_500FG/HC/HV531/HV531-filtered-reads-fasta/HV531-merged.fasta
HV532-merged.fasta,/tigress/DONIA/data/IBD_Dutch_500FG/HC/HV532/HV532-filtered-reads-fasta/HV532-merged.fasta
HV533-merged.fasta,/tigress/DONIA/data/IBD_Dutch_500FG/HC/HV533/HV533-filtered-reads-fasta/HV533-merged.fasta
HV534-merged.fasta,/tigress/DONIA/data/IBD_Dutch_500FG/HC/HV534/HV534-filtered-reads-fasta/HV534-merged.fasta
