HV001,/tigress/DONIA/data/IBD_Dutch_500FG/HC/HV001/HV001-spades-assembly/HV001-scaffolds.fasta
HV002,/tigress/DONIA/data/IBD_Dutch_500FG/HC/HV002/HV002-spades-assembly/HV002-scaffolds.fasta
HV003,/tigress/DONIA/data/IBD_Dutch_500FG/HC/HV003/HV003-spades-assembly/HV003-scaffolds.fasta
HV004,/tigress/DONIA/data/IBD_Dutch_500FG/HC/HV004/HV004-spades-assembly/HV004-scaffolds.fasta
HV005,/tigress/DONIA/data/IBD_Dutch_500FG/HC/HV005/HV005-spades-assembly/HV005-scaffolds.fasta
HV006,/tigress/DONIA/data/IBD_Dutch_500FG/HC/HV006/HV006-spades-assembly/HV006-scaffolds.fasta
HV007,/tigress/DONIA/data/IBD_Dutch_500FG/HC/HV007/HV007-spades-assembly/HV007-scaffolds.fasta
HV008,/tigress/DONIA/data/IBD_Dutch_500FG/HC/HV008/HV008-spades-assembly/HV008-scaffolds.fasta
HV009,/tigress/DONIA/data/IBD_Dutch_500FG/HC/HV009/HV009-spades-assembly/HV009-scaffolds.fasta
HV011,/tigress/DONIA/data/IBD_Dutch_500FG/HC/HV011/HV011-spades-assembly/HV011-scaffolds.fasta
HV012,/tigress/DONIA/data/IBD_Dutch_500FG/HC/HV012/HV012-spades-assembly/HV012-scaffolds.fasta
HV013,/tigress/DONIA/data/IBD_Dutch_500FG/HC/HV013/HV013-spades-assembly/HV013-scaffolds.fasta
HV014,/tigress/DONIA/data/IBD_Dutch_500FG/HC/HV014/HV014-spades-assembly/HV014-scaffolds.fasta
HV015,/tigress/DONIA/data/IBD_Dutch_500FG/HC/HV015/HV015-spades-assembly/HV015-scaffolds.fasta
HV016,/tigress/DONIA/data/IBD_Dutch_500FG/HC/HV016/HV016-spades-assembly/HV016-scaffolds.fasta
HV017,/tigress/DONIA/data/IBD_Dutch_500FG/HC/HV017/HV017-spades-assembly/HV017-scaffolds.fasta
HV018,/tigress/DONIA/data/IBD_Dutch_500FG/HC/HV018/HV018-spades-assembly/HV018-scaffolds.fasta
HV019,/tigress/DONIA/data/IBD_Dutch_500FG/HC/HV019/HV019-spades-assembly/HV019-scaffolds.fasta
HV020,/tigress/DONIA/data/IBD_Dutch_500FG/HC/HV020/HV020-spades-assembly/HV020-scaffolds.fasta
HV021,/tigress/DONIA/data/IBD_Dutch_500FG/HC/HV021/HV021-spades-assembly/HV021-scaffolds.fasta
HV022,/tigress/DONIA/data/IBD_Dutch_500FG/HC/HV022/HV022-spades-assembly/HV022-scaffolds.fasta
HV023,/tigress/DONIA/data/IBD_Dutch_500FG/HC/HV023/HV023-spades-assembly/HV023-scaffolds.fasta
HV024,/tigress/DONIA/data/IBD_Dutch_500FG/HC/HV024/HV024-spades-assembly/HV024-scaffolds.fasta
HV026,/tigress/DONIA/data/IBD_Dutch_500FG/HC/HV026/HV026-spades-assembly/HV026-scaffolds.fasta
HV027,/tigress/DONIA/data/IBD_Dutch_500FG/HC/HV027/HV027-spades-assembly/HV027-scaffolds.fasta
HV028,/tigress/DONIA/data/IBD_Dutch_500FG/HC/HV028/HV028-spades-assembly/HV028-scaffolds.fasta
HV029,/tigress/DONIA/data/IBD_Dutch_500FG/HC/HV029/HV029-spades-assembly/HV029-scaffolds.fasta
HV030,/tigress/DONIA/data/IBD_Dutch_500FG/HC/HV030/HV030-spades-assembly/HV030-scaffolds.fasta
HV031,/tigress/DONIA/data/IBD_Dutch_500FG/HC/HV031/HV031-spades-assembly/HV031-scaffolds.fasta
HV032,/tigress/DONIA/data/IBD_Dutch_500FG/HC/HV032/HV032-spades-assembly/HV032-scaffolds.fasta
HV033,/tigress/DONIA/data/IBD_Dutch_500FG/HC/HV033/HV033-spades-assembly/HV033-scaffolds.fasta
HV034,/tigress/DONIA/data/IBD_Dutch_500FG/HC/HV034/HV034-spades-assembly/HV034-scaffolds.fasta
HV035,/tigress/DONIA/data/IBD_Dutch_500FG/HC/HV035/HV035-spades-assembly/HV035-scaffolds.fasta
HV036,/tigress/DONIA/data/IBD_Dutch_500FG/HC/HV036/HV036-spades-assembly/HV036-scaffolds.fasta
HV037,/tigress/DONIA/data/IBD_Dutch_500FG/HC/HV037/HV037-spades-assembly/HV037-scaffolds.fasta
HV038,/tigress/DONIA/data/IBD_Dutch_500FG/HC/HV038/HV038-spades-assembly/HV038-scaffolds.fasta
HV039,/tigress/DONIA/data/IBD_Dutch_500FG/HC/HV039/HV039-spades-assembly/HV039-scaffolds.fasta
HV041,/tigress/DONIA/data/IBD_Dutch_500FG/HC/HV041/HV041-spades-assembly/HV041-scaffolds.fasta
HV042,/tigress/DONIA/data/IBD_Dutch_500FG/HC/HV042/HV042-spades-assembly/HV042-scaffolds.fasta
HV043,/tigress/DONIA/data/IBD_Dutch_500FG/HC/HV043/HV043-spades-assembly/HV043-scaffolds.fasta
HV044,/tigress/DONIA/data/IBD_Dutch_500FG/HC/HV044/HV044-spades-assembly/HV044-scaffolds.fasta
HV045,/tigress/DONIA/data/IBD_Dutch_500FG/HC/HV045/HV045-spades-assembly/HV045-scaffolds.fasta
HV046,/tigress/DONIA/data/IBD_Dutch_500FG/HC/HV046/HV046-spades-assembly/HV046-scaffolds.fasta
HV047,/tigress/DONIA/data/IBD_Dutch_500FG/HC/HV047/HV047-spades-assembly/HV047-scaffolds.fasta
HV048,/tigress/DONIA/data/IBD_Dutch_500FG/HC/HV048/HV048-spades-assembly/HV048-scaffolds.fasta
HV049,/tigress/DONIA/data/IBD_Dutch_500FG/HC/HV049/HV049-spades-assembly/HV049-scaffolds.fasta
HV050,/tigress/DONIA/data/IBD_Dutch_500FG/HC/HV050/HV050-spades-assembly/HV050-scaffolds.fasta
HV051,/tigress/DONIA/data/IBD_Dutch_500FG/HC/HV051/HV051-spades-assembly/HV051-scaffolds.fasta
HV052,/tigress/DONIA/data/IBD_Dutch_500FG/HC/HV052/HV052-spades-assembly/HV052-scaffolds.fasta
HV053,/tigress/DONIA/data/IBD_Dutch_500FG/HC/HV053/HV053-spades-assembly/HV053-scaffolds.fasta
HV054,/tigress/DONIA/data/IBD_Dutch_500FG/HC/HV054/HV054-spades-assembly/HV054-scaffolds.fasta
HV055,/tigress/DONIA/data/IBD_Dutch_500FG/HC/HV055/HV055-spades-assembly/HV055-scaffolds.fasta
HV056,/tigress/DONIA/data/IBD_Dutch_500FG/HC/HV056/HV056-spades-assembly/HV056-scaffolds.fasta
HV057,/tigress/DONIA/data/IBD_Dutch_500FG/HC/HV057/HV057-spades-assembly/HV057-scaffolds.fasta
HV058,/tigress/DONIA/data/IBD_Dutch_500FG/HC/HV058/HV058-spades-assembly/HV058-scaffolds.fasta
HV059,/tigress/DONIA/data/IBD_Dutch_500FG/HC/HV059/HV059-spades-assembly/HV059-scaffolds.fasta
HV060,/tigress/DONIA/data/IBD_Dutch_500FG/HC/HV060/HV060-spades-assembly/HV060-scaffolds.fasta
HV061,/tigress/DONIA/data/IBD_Dutch_500FG/HC/HV061/HV061-spades-assembly/HV061-scaffolds.fasta
HV062,/tigress/DONIA/data/IBD_Dutch_500FG/HC/HV062/HV062-spades-assembly/HV062-scaffolds.fasta
HV063,/tigress/DONIA/data/IBD_Dutch_500FG/HC/HV063/HV063-spades-assembly/HV063-scaffolds.fasta
HV064,/tigress/DONIA/data/IBD_Dutch_500FG/HC/HV064/HV064-spades-assembly/HV064-scaffolds.fasta
HV065,/tigress/DONIA/data/IBD_Dutch_500FG/HC/HV065/HV065-spades-assembly/HV065-scaffolds.fasta
HV067,/tigress/DONIA/data/IBD_Dutch_500FG/HC/HV067/HV067-spades-assembly/HV067-scaffolds.fasta
HV068,/tigress/DONIA/data/IBD_Dutch_500FG/HC/HV068/HV068-spades-assembly/HV068-scaffolds.fasta
HV069,/tigress/DONIA/data/IBD_Dutch_500FG/HC/HV069/HV069-spades-assembly/HV069-scaffolds.fasta
HV071,/tigress/DONIA/data/IBD_Dutch_500FG/HC/HV071/HV071-spades-assembly/HV071-scaffolds.fasta
HV072,/tigress/DONIA/data/IBD_Dutch_500FG/HC/HV072/HV072-spades-assembly/HV072-scaffolds.fasta
HV073,/tigress/DONIA/data/IBD_Dutch_500FG/HC/HV073/HV073-spades-assembly/HV073-scaffolds.fasta
HV074,/tigress/DONIA/data/IBD_Dutch_500FG/HC/HV074/HV074-spades-assembly/HV074-scaffolds.fasta
HV075,/tigress/DONIA/data/IBD_Dutch_500FG/HC/HV075/HV075-spades-assembly/HV075-scaffolds.fasta
HV076,/tigress/DONIA/data/IBD_Dutch_500FG/HC/HV076/HV076-spades-assembly/HV076-scaffolds.fasta
HV077,/tigress/DONIA/data/IBD_Dutch_500FG/HC/HV077/HV077-spades-assembly/HV077-scaffolds.fasta
HV078,/tigress/DONIA/data/IBD_Dutch_500FG/HC/HV078/HV078-spades-assembly/HV078-scaffolds.fasta
HV080,/tigress/DONIA/data/IBD_Dutch_500FG/HC/HV080/HV080-spades-assembly/HV080-scaffolds.fasta
HV081,/tigress/DONIA/data/IBD_Dutch_500FG/HC/HV081/HV081-spades-assembly/HV081-scaffolds.fasta
HV083,/tigress/DONIA/data/IBD_Dutch_500FG/HC/HV083/HV083-spades-assembly/HV083-scaffolds.fasta
HV085,/tigress/DONIA/data/IBD_Dutch_500FG/HC/HV085/HV085-spades-assembly/HV085-scaffolds.fasta
HV087,/tigress/DONIA/data/IBD_Dutch_500FG/HC/HV087/HV087-spades-assembly/HV087-scaffolds.fasta
HV088,/tigress/DONIA/data/IBD_Dutch_500FG/HC/HV088/HV088-spades-assembly/HV088-scaffolds.fasta
HV089,/tigress/DONIA/data/IBD_Dutch_500FG/HC/HV089/HV089-spades-assembly/HV089-scaffolds.fasta
HV090,/tigress/DONIA/data/IBD_Dutch_500FG/HC/HV090/HV090-spades-assembly/HV090-scaffolds.fasta
HV091,/tigress/DONIA/data/IBD_Dutch_500FG/HC/HV091/HV091-spades-assembly/HV091-scaffolds.fasta
HV092,/tigress/DONIA/data/IBD_Dutch_500FG/HC/HV092/HV092-spades-assembly/HV092-scaffolds.fasta
HV093,/tigress/DONIA/data/IBD_Dutch_500FG/HC/HV093/HV093-spades-assembly/HV093-scaffolds.fasta
HV094,/tigress/DONIA/data/IBD_Dutch_500FG/HC/HV094/HV094-spades-assembly/HV094-scaffolds.fasta
HV095,/tigress/DONIA/data/IBD_Dutch_500FG/HC/HV095/HV095-spades-assembly/HV095-scaffolds.fasta
HV096,/tigress/DONIA/data/IBD_Dutch_500FG/HC/HV096/HV096-spades-assembly/HV096-scaffolds.fasta
HV100,/tigress/DONIA/data/IBD_Dutch_500FG/HC/HV100/HV100-spades-assembly/HV100-scaffolds.fasta
HV101,/tigress/DONIA/data/IBD_Dutch_500FG/HC/HV101/HV101-spades-assembly/HV101-scaffolds.fasta
HV102,/tigress/DONIA/data/IBD_Dutch_500FG/HC/HV102/HV102-spades-assembly/HV102-scaffolds.fasta
HV103,/tigress/DONIA/data/IBD_Dutch_500FG/HC/HV103/HV103-spades-assembly/HV103-scaffolds.fasta
HV104,/tigress/DONIA/data/IBD_Dutch_500FG/HC/HV104/HV104-spades-assembly/HV104-scaffolds.fasta
HV105,/tigress/DONIA/data/IBD_Dutch_500FG/HC/HV105/HV105-spades-assembly/HV105-scaffolds.fasta
HV106,/tigress/DONIA/data/IBD_Dutch_500FG/HC/HV106/HV106-spades-assembly/HV106-scaffolds.fasta
HV107,/tigress/DONIA/data/IBD_Dutch_500FG/HC/HV107/HV107-spades-assembly/HV107-scaffolds.fasta
HV108,/tigress/DONIA/data/IBD_Dutch_500FG/HC/HV108/HV108-spades-assembly/HV108-scaffolds.fasta
HV109,/tigress/DONIA/data/IBD_Dutch_500FG/HC/HV109/HV109-spades-assembly/HV109-scaffolds.fasta
HV110,/tigress/DONIA/data/IBD_Dutch_500FG/HC/HV110/HV110-spades-assembly/HV110-scaffolds.fasta
HV111,/tigress/DONIA/data/IBD_Dutch_500FG/HC/HV111/HV111-spades-assembly/HV111-scaffolds.fasta
HV112,/tigress/DONIA/data/IBD_Dutch_500FG/HC/HV112/HV112-spades-assembly/HV112-scaffolds.fasta
HV113,/tigress/DONIA/data/IBD_Dutch_500FG/HC/HV113/HV113-spades-assembly/HV113-scaffolds.fasta
HV114,/tigress/DONIA/data/IBD_Dutch_500FG/HC/HV114/HV114-spades-assembly/HV114-scaffolds.fasta
HV115,/tigress/DONIA/data/IBD_Dutch_500FG/HC/HV115/HV115-spades-assembly/HV115-scaffolds.fasta
HV116,/tigress/DONIA/data/IBD_Dutch_500FG/HC/HV116/HV116-spades-assembly/HV116-scaffolds.fasta
HV117,/tigress/DONIA/data/IBD_Dutch_500FG/HC/HV117/HV117-spades-assembly/HV117-scaffolds.fasta
HV119,/tigress/DONIA/data/IBD_Dutch_500FG/HC/HV119/HV119-spades-assembly/HV119-scaffolds.fasta
HV120,/tigress/DONIA/data/IBD_Dutch_500FG/HC/HV120/HV120-spades-assembly/HV120-scaffolds.fasta
HV121,/tigress/DONIA/data/IBD_Dutch_500FG/HC/HV121/HV121-spades-assembly/HV121-scaffolds.fasta
HV122,/tigress/DONIA/data/IBD_Dutch_500FG/HC/HV122/HV122-spades-assembly/HV122-scaffolds.fasta
HV123,/tigress/DONIA/data/IBD_Dutch_500FG/HC/HV123/HV123-spades-assembly/HV123-scaffolds.fasta
HV124,/tigress/DONIA/data/IBD_Dutch_500FG/HC/HV124/HV124-spades-assembly/HV124-scaffolds.fasta
HV126,/tigress/DONIA/data/IBD_Dutch_500FG/HC/HV126/HV126-spades-assembly/HV126-scaffolds.fasta
HV127,/tigress/DONIA/data/IBD_Dutch_500FG/HC/HV127/HV127-spades-assembly/HV127-scaffolds.fasta
HV128,/tigress/DONIA/data/IBD_Dutch_500FG/HC/HV128/HV128-spades-assembly/HV128-scaffolds.fasta
HV129,/tigress/DONIA/data/IBD_Dutch_500FG/HC/HV129/HV129-spades-assembly/HV129-scaffolds.fasta
HV130,/tigress/DONIA/data/IBD_Dutch_500FG/HC/HV130/HV130-spades-assembly/HV130-scaffolds.fasta
HV131,/tigress/DONIA/data/IBD_Dutch_500FG/HC/HV131/HV131-spades-assembly/HV131-scaffolds.fasta
HV132,/tigress/DONIA/data/IBD_Dutch_500FG/HC/HV132/HV132-spades-assembly/HV132-scaffolds.fasta
HV133,/tigress/DONIA/data/IBD_Dutch_500FG/HC/HV133/HV133-spades-assembly/HV133-scaffolds.fasta
HV134,/tigress/DONIA/data/IBD_Dutch_500FG/HC/HV134/HV134-spades-assembly/HV134-scaffolds.fasta
HV135,/tigress/DONIA/data/IBD_Dutch_500FG/HC/HV135/HV135-spades-assembly/HV135-scaffolds.fasta
HV136,/tigress/DONIA/data/IBD_Dutch_500FG/HC/HV136/HV136-spades-assembly/HV136-scaffolds.fasta
HV137,/tigress/DONIA/data/IBD_Dutch_500FG/HC/HV137/HV137-spades-assembly/HV137-scaffolds.fasta
HV138,/tigress/DONIA/data/IBD_Dutch_500FG/HC/HV138/HV138-spades-assembly/HV138-scaffolds.fasta
HV139,/tigress/DONIA/data/IBD_Dutch_500FG/HC/HV139/HV139-spades-assembly/HV139-scaffolds.fasta
HV140,/tigress/DONIA/data/IBD_Dutch_500FG/HC/HV140/HV140-spades-assembly/HV140-scaffolds.fasta
HV141,/tigress/DONIA/data/IBD_Dutch_500FG/HC/HV141/HV141-spades-assembly/HV141-scaffolds.fasta
HV142,/tigress/DONIA/data/IBD_Dutch_500FG/HC/HV142/HV142-spades-assembly/HV142-scaffolds.fasta
HV144,/tigress/DONIA/data/IBD_Dutch_500FG/HC/HV144/HV144-spades-assembly/HV144-scaffolds.fasta
HV146,/tigress/DONIA/data/IBD_Dutch_500FG/HC/HV146/HV146-spades-assembly/HV146-scaffolds.fasta
HV147,/tigress/DONIA/data/IBD_Dutch_500FG/HC/HV147/HV147-spades-assembly/HV147-scaffolds.fasta
HV148,/tigress/DONIA/data/IBD_Dutch_500FG/HC/HV148/HV148-spades-assembly/HV148-scaffolds.fasta
HV149,/tigress/DONIA/data/IBD_Dutch_500FG/HC/HV149/HV149-spades-assembly/HV149-scaffolds.fasta
HV150,/tigress/DONIA/data/IBD_Dutch_500FG/HC/HV150/HV150-spades-assembly/HV150-scaffolds.fasta
HV151,/tigress/DONIA/data/IBD_Dutch_500FG/HC/HV151/HV151-spades-assembly/HV151-scaffolds.fasta
HV152,/tigress/DONIA/data/IBD_Dutch_500FG/HC/HV152/HV152-spades-assembly/HV152-scaffolds.fasta
HV153,/tigress/DONIA/data/IBD_Dutch_500FG/HC/HV153/HV153-spades-assembly/HV153-scaffolds.fasta
HV154,/tigress/DONIA/data/IBD_Dutch_500FG/HC/HV154/HV154-spades-assembly/HV154-scaffolds.fasta
HV155,/tigress/DONIA/data/IBD_Dutch_500FG/HC/HV155/HV155-spades-assembly/HV155-scaffolds.fasta
HV157,/tigress/DONIA/data/IBD_Dutch_500FG/HC/HV157/HV157-spades-assembly/HV157-scaffolds.fasta
HV158,/tigress/DONIA/data/IBD_Dutch_500FG/HC/HV158/HV158-spades-assembly/HV158-scaffolds.fasta
HV159,/tigress/DONIA/data/IBD_Dutch_500FG/HC/HV159/HV159-spades-assembly/HV159-scaffolds.fasta
HV160,/tigress/DONIA/data/IBD_Dutch_500FG/HC/HV160/HV160-spades-assembly/HV160-scaffolds.fasta
HV161,/tigress/DONIA/data/IBD_Dutch_500FG/HC/HV161/HV161-spades-assembly/HV161-scaffolds.fasta
HV162,/tigress/DONIA/data/IBD_Dutch_500FG/HC/HV162/HV162-spades-assembly/HV162-scaffolds.fasta
HV163,/tigress/DONIA/data/IBD_Dutch_500FG/HC/HV163/HV163-spades-assembly/HV163-scaffolds.fasta
HV164,/tigress/DONIA/data/IBD_Dutch_500FG/HC/HV164/HV164-spades-assembly/HV164-scaffolds.fasta
HV165,/tigress/DONIA/data/IBD_Dutch_500FG/HC/HV165/HV165-spades-assembly/HV165-scaffolds.fasta
HV166,/tigress/DONIA/data/IBD_Dutch_500FG/HC/HV166/HV166-spades-assembly/HV166-scaffolds.fasta
HV167,/tigress/DONIA/data/IBD_Dutch_500FG/HC/HV167/HV167-spades-assembly/HV167-scaffolds.fasta
HV168,/tigress/DONIA/data/IBD_Dutch_500FG/HC/HV168/HV168-spades-assembly/HV168-scaffolds.fasta
HV169,/tigress/DONIA/data/IBD_Dutch_500FG/HC/HV169/HV169-spades-assembly/HV169-scaffolds.fasta
HV170,/tigress/DONIA/data/IBD_Dutch_500FG/HC/HV170/HV170-spades-assembly/HV170-scaffolds.fasta
HV172,/tigress/DONIA/data/IBD_Dutch_500FG/HC/HV172/HV172-spades-assembly/HV172-scaffolds.fasta
HV173,/tigress/DONIA/data/IBD_Dutch_500FG/HC/HV173/HV173-spades-assembly/HV173-scaffolds.fasta
HV174,/tigress/DONIA/data/IBD_Dutch_500FG/HC/HV174/HV174-spades-assembly/HV174-scaffolds.fasta
HV175,/tigress/DONIA/data/IBD_Dutch_500FG/HC/HV175/HV175-spades-assembly/HV175-scaffolds.fasta
HV176,/tigress/DONIA/data/IBD_Dutch_500FG/HC/HV176/HV176-spades-assembly/HV176-scaffolds.fasta
HV177,/tigress/DONIA/data/IBD_Dutch_500FG/HC/HV177/HV177-spades-assembly/HV177-scaffolds.fasta
HV180,/tigress/DONIA/data/IBD_Dutch_500FG/HC/HV180/HV180-spades-assembly/HV180-scaffolds.fasta
HV181,/tigress/DONIA/data/IBD_Dutch_500FG/HC/HV181/HV181-spades-assembly/HV181-scaffolds.fasta
HV182,/tigress/DONIA/data/IBD_Dutch_500FG/HC/HV182/HV182-spades-assembly/HV182-scaffolds.fasta
HV183,/tigress/DONIA/data/IBD_Dutch_500FG/HC/HV183/HV183-spades-assembly/HV183-scaffolds.fasta
HV184,/tigress/DONIA/data/IBD_Dutch_500FG/HC/HV184/HV184-spades-assembly/HV184-scaffolds.fasta
HV185,/tigress/DONIA/data/IBD_Dutch_500FG/HC/HV185/HV185-spades-assembly/HV185-scaffolds.fasta
HV186,/tigress/DONIA/data/IBD_Dutch_500FG/HC/HV186/HV186-spades-assembly/HV186-scaffolds.fasta
HV187,/tigress/DONIA/data/IBD_Dutch_500FG/HC/HV187/HV187-spades-assembly/HV187-scaffolds.fasta
HV188,/tigress/DONIA/data/IBD_Dutch_500FG/HC/HV188/HV188-spades-assembly/HV188-scaffolds.fasta
HV189,/tigress/DONIA/data/IBD_Dutch_500FG/HC/HV189/HV189-spades-assembly/HV189-scaffolds.fasta
HV190,/tigress/DONIA/data/IBD_Dutch_500FG/HC/HV190/HV190-spades-assembly/HV190-scaffolds.fasta
HV191,/tigress/DONIA/data/IBD_Dutch_500FG/HC/HV191/HV191-spades-assembly/HV191-scaffolds.fasta
HV192,/tigress/DONIA/data/IBD_Dutch_500FG/HC/HV192/HV192-spades-assembly/HV192-scaffolds.fasta
HV193,/tigress/DONIA/data/IBD_Dutch_500FG/HC/HV193/HV193-spades-assembly/HV193-scaffolds.fasta
HV194,/tigress/DONIA/data/IBD_Dutch_500FG/HC/HV194/HV194-spades-assembly/HV194-scaffolds.fasta
HV195,/tigress/DONIA/data/IBD_Dutch_500FG/HC/HV195/HV195-spades-assembly/HV195-scaffolds.fasta
HV196,/tigress/DONIA/data/IBD_Dutch_500FG/HC/HV196/HV196-spades-assembly/HV196-scaffolds.fasta
HV197,/tigress/DONIA/data/IBD_Dutch_500FG/HC/HV197/HV197-spades-assembly/HV197-scaffolds.fasta
HV198,/tigress/DONIA/data/IBD_Dutch_500FG/HC/HV198/HV198-spades-assembly/HV198-scaffolds.fasta
HV199,/tigress/DONIA/data/IBD_Dutch_500FG/HC/HV199/HV199-spades-assembly/HV199-scaffolds.fasta
HV200,/tigress/DONIA/data/IBD_Dutch_500FG/HC/HV200/HV200-spades-assembly/HV200-scaffolds.fasta
HV201,/tigress/DONIA/data/IBD_Dutch_500FG/HC/HV201/HV201-spades-assembly/HV201-scaffolds.fasta
HV202,/tigress/DONIA/data/IBD_Dutch_500FG/HC/HV202/HV202-spades-assembly/HV202-scaffolds.fasta
HV203,/tigress/DONIA/data/IBD_Dutch_500FG/HC/HV203/HV203-spades-assembly/HV203-scaffolds.fasta
HV204,/tigress/DONIA/data/IBD_Dutch_500FG/HC/HV204/HV204-spades-assembly/HV204-scaffolds.fasta
HV205,/tigress/DONIA/data/IBD_Dutch_500FG/HC/HV205/HV205-spades-assembly/HV205-scaffolds.fasta
HV207,/tigress/DONIA/data/IBD_Dutch_500FG/HC/HV207/HV207-spades-assembly/HV207-scaffolds.fasta
HV208,/tigress/DONIA/data/IBD_Dutch_500FG/HC/HV208/HV208-spades-assembly/HV208-scaffolds.fasta
HV209,/tigress/DONIA/data/IBD_Dutch_500FG/HC/HV209/HV209-spades-assembly/HV209-scaffolds.fasta
HV210,/tigress/DONIA/data/IBD_Dutch_500FG/HC/HV210/HV210-spades-assembly/HV210-scaffolds.fasta
HV211,/tigress/DONIA/data/IBD_Dutch_500FG/HC/HV211/HV211-spades-assembly/HV211-scaffolds.fasta
HV212,/tigress/DONIA/data/IBD_Dutch_500FG/HC/HV212/HV212-spades-assembly/HV212-scaffolds.fasta
HV213,/tigress/DONIA/data/IBD_Dutch_500FG/HC/HV213/HV213-spades-assembly/HV213-scaffolds.fasta
HV214,/tigress/DONIA/data/IBD_Dutch_500FG/HC/HV214/HV214-spades-assembly/HV214-scaffolds.fasta
HV215,/tigress/DONIA/data/IBD_Dutch_500FG/HC/HV215/HV215-spades-assembly/HV215-scaffolds.fasta
HV216,/tigress/DONIA/data/IBD_Dutch_500FG/HC/HV216/HV216-spades-assembly/HV216-scaffolds.fasta
HV217,/tigress/DONIA/data/IBD_Dutch_500FG/HC/HV217/HV217-spades-assembly/HV217-scaffolds.fasta
HV218,/tigress/DONIA/data/IBD_Dutch_500FG/HC/HV218/HV218-spades-assembly/HV218-scaffolds.fasta
HV219,/tigress/DONIA/data/IBD_Dutch_500FG/HC/HV219/HV219-spades-assembly/HV219-scaffolds.fasta
HV220,/tigress/DONIA/data/IBD_Dutch_500FG/HC/HV220/HV220-spades-assembly/HV220-scaffolds.fasta
HV221,/tigress/DONIA/data/IBD_Dutch_500FG/HC/HV221/HV221-spades-assembly/HV221-scaffolds.fasta
HV223,/tigress/DONIA/data/IBD_Dutch_500FG/HC/HV223/HV223-spades-assembly/HV223-scaffolds.fasta
HV224,/tigress/DONIA/data/IBD_Dutch_500FG/HC/HV224/HV224-spades-assembly/HV224-scaffolds.fasta
HV226,/tigress/DONIA/data/IBD_Dutch_500FG/HC/HV226/HV226-spades-assembly/HV226-scaffolds.fasta
HV228,/tigress/DONIA/data/IBD_Dutch_500FG/HC/HV228/HV228-spades-assembly/HV228-scaffolds.fasta
HV229,/tigress/DONIA/data/IBD_Dutch_500FG/HC/HV229/HV229-spades-assembly/HV229-scaffolds.fasta
HV230,/tigress/DONIA/data/IBD_Dutch_500FG/HC/HV230/HV230-spades-assembly/HV230-scaffolds.fasta
HV232,/tigress/DONIA/data/IBD_Dutch_500FG/HC/HV232/HV232-spades-assembly/HV232-scaffolds.fasta
HV233,/tigress/DONIA/data/IBD_Dutch_500FG/HC/HV233/HV233-spades-assembly/HV233-scaffolds.fasta
HV234,/tigress/DONIA/data/IBD_Dutch_500FG/HC/HV234/HV234-spades-assembly/HV234-scaffolds.fasta
HV235,/tigress/DONIA/data/IBD_Dutch_500FG/HC/HV235/HV235-spades-assembly/HV235-scaffolds.fasta
HV236,/tigress/DONIA/data/IBD_Dutch_500FG/HC/HV236/HV236-spades-assembly/HV236-scaffolds.fasta
HV237,/tigress/DONIA/data/IBD_Dutch_500FG/HC/HV237/HV237-spades-assembly/HV237-scaffolds.fasta
HV240,/tigress/DONIA/data/IBD_Dutch_500FG/HC/HV240/HV240-spades-assembly/HV240-scaffolds.fasta
HV241,/tigress/DONIA/data/IBD_Dutch_500FG/HC/HV241/HV241-spades-assembly/HV241-scaffolds.fasta
HV242,/tigress/DONIA/data/IBD_Dutch_500FG/HC/HV242/HV242-spades-assembly/HV242-scaffolds.fasta
HV243,/tigress/DONIA/data/IBD_Dutch_500FG/HC/HV243/HV243-spades-assembly/HV243-scaffolds.fasta
HV244,/tigress/DONIA/data/IBD_Dutch_500FG/HC/HV244/HV244-spades-assembly/HV244-scaffolds.fasta
HV245,/tigress/DONIA/data/IBD_Dutch_500FG/HC/HV245/HV245-spades-assembly/HV245-scaffolds.fasta
HV246,/tigress/DONIA/data/IBD_Dutch_500FG/HC/HV246/HV246-spades-assembly/HV246-scaffolds.fasta
HV247,/tigress/DONIA/data/IBD_Dutch_500FG/HC/HV247/HV247-spades-assembly/HV247-scaffolds.fasta
HV248,/tigress/DONIA/data/IBD_Dutch_500FG/HC/HV248/HV248-spades-assembly/HV248-scaffolds.fasta
HV249,/tigress/DONIA/data/IBD_Dutch_500FG/HC/HV249/HV249-spades-assembly/HV249-scaffolds.fasta
HV251,/tigress/DONIA/data/IBD_Dutch_500FG/HC/HV251/HV251-spades-assembly/HV251-scaffolds.fasta
HV252,/tigress/DONIA/data/IBD_Dutch_500FG/HC/HV252/HV252-spades-assembly/HV252-scaffolds.fasta
HV254,/tigress/DONIA/data/IBD_Dutch_500FG/HC/HV254/HV254-spades-assembly/HV254-scaffolds.fasta
HV256,/tigress/DONIA/data/IBD_Dutch_500FG/HC/HV256/HV256-spades-assembly/HV256-scaffolds.fasta
HV257,/tigress/DONIA/data/IBD_Dutch_500FG/HC/HV257/HV257-spades-assembly/HV257-scaffolds.fasta
HV258,/tigress/DONIA/data/IBD_Dutch_500FG/HC/HV258/HV258-spades-assembly/HV258-scaffolds.fasta
HV259,/tigress/DONIA/data/IBD_Dutch_500FG/HC/HV259/HV259-spades-assembly/HV259-scaffolds.fasta
HV260,/tigress/DONIA/data/IBD_Dutch_500FG/HC/HV260/HV260-spades-assembly/HV260-scaffolds.fasta
HV261,/tigress/DONIA/data/IBD_Dutch_500FG/HC/HV261/HV261-spades-assembly/HV261-scaffolds.fasta
HV262,/tigress/DONIA/data/IBD_Dutch_500FG/HC/HV262/HV262-spades-assembly/HV262-scaffolds.fasta
HV263,/tigress/DONIA/data/IBD_Dutch_500FG/HC/HV263/HV263-spades-assembly/HV263-scaffolds.fasta
HV265,/tigress/DONIA/data/IBD_Dutch_500FG/HC/HV265/HV265-spades-assembly/HV265-scaffolds.fasta
HV266,/tigress/DONIA/data/IBD_Dutch_500FG/HC/HV266/HV266-spades-assembly/HV266-scaffolds.fasta
HV267,/tigress/DONIA/data/IBD_Dutch_500FG/HC/HV267/HV267-spades-assembly/HV267-scaffolds.fasta
HV269,/tigress/DONIA/data/IBD_Dutch_500FG/HC/HV269/HV269-spades-assembly/HV269-scaffolds.fasta
HV270,/tigress/DONIA/data/IBD_Dutch_500FG/HC/HV270/HV270-spades-assembly/HV270-scaffolds.fasta
HV271,/tigress/DONIA/data/IBD_Dutch_500FG/HC/HV271/HV271-spades-assembly/HV271-scaffolds.fasta
HV272,/tigress/DONIA/data/IBD_Dutch_500FG/HC/HV272/HV272-spades-assembly/HV272-scaffolds.fasta
HV273,/tigress/DONIA/data/IBD_Dutch_500FG/HC/HV273/HV273-spades-assembly/HV273-scaffolds.fasta
HV274,/tigress/DONIA/data/IBD_Dutch_500FG/HC/HV274/HV274-spades-assembly/HV274-scaffolds.fasta
HV276,/tigress/DONIA/data/IBD_Dutch_500FG/HC/HV276/HV276-spades-assembly/HV276-scaffolds.fasta
HV277,/tigress/DONIA/data/IBD_Dutch_500FG/HC/HV277/HV277-spades-assembly/HV277-scaffolds.fasta
HV279,/tigress/DONIA/data/IBD_Dutch_500FG/HC/HV279/HV279-spades-assembly/HV279-scaffolds.fasta
HV280,/tigress/DONIA/data/IBD_Dutch_500FG/HC/HV280/HV280-spades-assembly/HV280-scaffolds.fasta
HV282,/tigress/DONIA/data/IBD_Dutch_500FG/HC/HV282/HV282-spades-assembly/HV282-scaffolds.fasta
HV283,/tigress/DONIA/data/IBD_Dutch_500FG/HC/HV283/HV283-spades-assembly/HV283-scaffolds.fasta
HV285,/tigress/DONIA/data/IBD_Dutch_500FG/HC/HV285/HV285-spades-assembly/HV285-scaffolds.fasta
HV286,/tigress/DONIA/data/IBD_Dutch_500FG/HC/HV286/HV286-spades-assembly/HV286-scaffolds.fasta
HV287,/tigress/DONIA/data/IBD_Dutch_500FG/HC/HV287/HV287-spades-assembly/HV287-scaffolds.fasta
HV288,/tigress/DONIA/data/IBD_Dutch_500FG/HC/HV288/HV288-spades-assembly/HV288-scaffolds.fasta
HV290,/tigress/DONIA/data/IBD_Dutch_500FG/HC/HV290/HV290-spades-assembly/HV290-scaffolds.fasta
HV292,/tigress/DONIA/data/IBD_Dutch_500FG/HC/HV292/HV292-spades-assembly/HV292-scaffolds.fasta
HV293,/tigress/DONIA/data/IBD_Dutch_500FG/HC/HV293/HV293-spades-assembly/HV293-scaffolds.fasta
HV294,/tigress/DONIA/data/IBD_Dutch_500FG/HC/HV294/HV294-spades-assembly/HV294-scaffolds.fasta
HV295,/tigress/DONIA/data/IBD_Dutch_500FG/HC/HV295/HV295-spades-assembly/HV295-scaffolds.fasta
HV296,/tigress/DONIA/data/IBD_Dutch_500FG/HC/HV296/HV296-spades-assembly/HV296-scaffolds.fasta
HV297,/tigress/DONIA/data/IBD_Dutch_500FG/HC/HV297/HV297-spades-assembly/HV297-scaffolds.fasta
HV298,/tigress/DONIA/data/IBD_Dutch_500FG/HC/HV298/HV298-spades-assembly/HV298-scaffolds.fasta
HV299,/tigress/DONIA/data/IBD_Dutch_500FG/HC/HV299/HV299-spades-assembly/HV299-scaffolds.fasta
HV300,/tigress/DONIA/data/IBD_Dutch_500FG/HC/HV300/HV300-spades-assembly/HV300-scaffolds.fasta
HV301,/tigress/DONIA/data/IBD_Dutch_500FG/HC/HV301/HV301-spades-assembly/HV301-scaffolds.fasta
HV302,/tigress/DONIA/data/IBD_Dutch_500FG/HC/HV302/HV302-spades-assembly/HV302-scaffolds.fasta
HV304,/tigress/DONIA/data/IBD_Dutch_500FG/HC/HV304/HV304-spades-assembly/HV304-scaffolds.fasta
HV305,/tigress/DONIA/data/IBD_Dutch_500FG/HC/HV305/HV305-spades-assembly/HV305-scaffolds.fasta
HV306,/tigress/DONIA/data/IBD_Dutch_500FG/HC/HV306/HV306-spades-assembly/HV306-scaffolds.fasta
HV307,/tigress/DONIA/data/IBD_Dutch_500FG/HC/HV307/HV307-spades-assembly/HV307-scaffolds.fasta
HV308,/tigress/DONIA/data/IBD_Dutch_500FG/HC/HV308/HV308-spades-assembly/HV308-scaffolds.fasta
HV309,/tigress/DONIA/data/IBD_Dutch_500FG/HC/HV309/HV309-spades-assembly/HV309-scaffolds.fasta
HV310,/tigress/DONIA/data/IBD_Dutch_500FG/HC/HV310/HV310-spades-assembly/HV310-scaffolds.fasta
HV313,/tigress/DONIA/data/IBD_Dutch_500FG/HC/HV313/HV313-spades-assembly/HV313-scaffolds.fasta
HV314,/tigress/DONIA/data/IBD_Dutch_500FG/HC/HV314/HV314-spades-assembly/HV314-scaffolds.fasta
HV315,/tigress/DONIA/data/IBD_Dutch_500FG/HC/HV315/HV315-spades-assembly/HV315-scaffolds.fasta
HV316,/tigress/DONIA/data/IBD_Dutch_500FG/HC/HV316/HV316-spades-assembly/HV316-scaffolds.fasta
HV318,/tigress/DONIA/data/IBD_Dutch_500FG/HC/HV318/HV318-spades-assembly/HV318-scaffolds.fasta
HV319,/tigress/DONIA/data/IBD_Dutch_500FG/HC/HV319/HV319-spades-assembly/HV319-scaffolds.fasta
HV320,/tigress/DONIA/data/IBD_Dutch_500FG/HC/HV320/HV320-spades-assembly/HV320-scaffolds.fasta
HV321,/tigress/DONIA/data/IBD_Dutch_500FG/HC/HV321/HV321-spades-assembly/HV321-scaffolds.fasta
HV323,/tigress/DONIA/data/IBD_Dutch_500FG/HC/HV323/HV323-spades-assembly/HV323-scaffolds.fasta
HV324,/tigress/DONIA/data/IBD_Dutch_500FG/HC/HV324/HV324-spades-assembly/HV324-scaffolds.fasta
HV325,/tigress/DONIA/data/IBD_Dutch_500FG/HC/HV325/HV325-spades-assembly/HV325-scaffolds.fasta
HV326,/tigress/DONIA/data/IBD_Dutch_500FG/HC/HV326/HV326-spades-assembly/HV326-scaffolds.fasta
HV327,/tigress/DONIA/data/IBD_Dutch_500FG/HC/HV327/HV327-spades-assembly/HV327-scaffolds.fasta
HV328,/tigress/DONIA/data/IBD_Dutch_500FG/HC/HV328/HV328-spades-assembly/HV328-scaffolds.fasta
HV329,/tigress/DONIA/data/IBD_Dutch_500FG/HC/HV329/HV329-spades-assembly/HV329-scaffolds.fasta
HV330,/tigress/DONIA/data/IBD_Dutch_500FG/HC/HV330/HV330-spades-assembly/HV330-scaffolds.fasta
HV331,/tigress/DONIA/data/IBD_Dutch_500FG/HC/HV331/HV331-spades-assembly/HV331-scaffolds.fasta
HV332,/tigress/DONIA/data/IBD_Dutch_500FG/HC/HV332/HV332-spades-assembly/HV332-scaffolds.fasta
HV333,/tigress/DONIA/data/IBD_Dutch_500FG/HC/HV333/HV333-spades-assembly/HV333-scaffolds.fasta
HV334,/tigress/DONIA/data/IBD_Dutch_500FG/HC/HV334/HV334-spades-assembly/HV334-scaffolds.fasta
HV335,/tigress/DONIA/data/IBD_Dutch_500FG/HC/HV335/HV335-spades-assembly/HV335-scaffolds.fasta
HV336,/tigress/DONIA/data/IBD_Dutch_500FG/HC/HV336/HV336-spades-assembly/HV336-scaffolds.fasta
HV337,/tigress/DONIA/data/IBD_Dutch_500FG/HC/HV337/HV337-spades-assembly/HV337-scaffolds.fasta
HV338,/tigress/DONIA/data/IBD_Dutch_500FG/HC/HV338/HV338-spades-assembly/HV338-scaffolds.fasta
HV339,/tigress/DONIA/data/IBD_Dutch_500FG/HC/HV339/HV339-spades-assembly/HV339-scaffolds.fasta
HV340,/tigress/DONIA/data/IBD_Dutch_500FG/HC/HV340/HV340-spades-assembly/HV340-scaffolds.fasta
HV342,/tigress/DONIA/data/IBD_Dutch_500FG/HC/HV342/HV342-spades-assembly/HV342-scaffolds.fasta
HV343,/tigress/DONIA/data/IBD_Dutch_500FG/HC/HV343/HV343-spades-assembly/HV343-scaffolds.fasta
HV344,/tigress/DONIA/data/IBD_Dutch_500FG/HC/HV344/HV344-spades-assembly/HV344-scaffolds.fasta
HV346,/tigress/DONIA/data/IBD_Dutch_500FG/HC/HV346/HV346-spades-assembly/HV346-scaffolds.fasta
HV347,/tigress/DONIA/data/IBD_Dutch_500FG/HC/HV347/HV347-spades-assembly/HV347-scaffolds.fasta
HV348,/tigress/DONIA/data/IBD_Dutch_500FG/HC/HV348/HV348-spades-assembly/HV348-scaffolds.fasta
HV349,/tigress/DONIA/data/IBD_Dutch_500FG/HC/HV349/HV349-spades-assembly/HV349-scaffolds.fasta
HV350,/tigress/DONIA/data/IBD_Dutch_500FG/HC/HV350/HV350-spades-assembly/HV350-scaffolds.fasta
HV351,/tigress/DONIA/data/IBD_Dutch_500FG/HC/HV351/HV351-spades-assembly/HV351-scaffolds.fasta
HV352,/tigress/DONIA/data/IBD_Dutch_500FG/HC/HV352/HV352-spades-assembly/HV352-scaffolds.fasta
HV353,/tigress/DONIA/data/IBD_Dutch_500FG/HC/HV353/HV353-spades-assembly/HV353-scaffolds.fasta
HV354,/tigress/DONIA/data/IBD_Dutch_500FG/HC/HV354/HV354-spades-assembly/HV354-scaffolds.fasta
HV356,/tigress/DONIA/data/IBD_Dutch_500FG/HC/HV356/HV356-spades-assembly/HV356-scaffolds.fasta
HV357,/tigress/DONIA/data/IBD_Dutch_500FG/HC/HV357/HV357-spades-assembly/HV357-scaffolds.fasta
HV358,/tigress/DONIA/data/IBD_Dutch_500FG/HC/HV358/HV358-spades-assembly/HV358-scaffolds.fasta
HV360,/tigress/DONIA/data/IBD_Dutch_500FG/HC/HV360/HV360-spades-assembly/HV360-scaffolds.fasta
HV361,/tigress/DONIA/data/IBD_Dutch_500FG/HC/HV361/HV361-spades-assembly/HV361-scaffolds.fasta
HV362,/tigress/DONIA/data/IBD_Dutch_500FG/HC/HV362/HV362-spades-assembly/HV362-scaffolds.fasta
HV363,/tigress/DONIA/data/IBD_Dutch_500FG/HC/HV363/HV363-spades-assembly/HV363-scaffolds.fasta
HV364,/tigress/DONIA/data/IBD_Dutch_500FG/HC/HV364/HV364-spades-assembly/HV364-scaffolds.fasta
HV366,/tigress/DONIA/data/IBD_Dutch_500FG/HC/HV366/HV366-spades-assembly/HV366-scaffolds.fasta
HV368,/tigress/DONIA/data/IBD_Dutch_500FG/HC/HV368/HV368-spades-assembly/HV368-scaffolds.fasta
HV369,/tigress/DONIA/data/IBD_Dutch_500FG/HC/HV369/HV369-spades-assembly/HV369-scaffolds.fasta
HV370,/tigress/DONIA/data/IBD_Dutch_500FG/HC/HV370/HV370-spades-assembly/HV370-scaffolds.fasta
HV371,/tigress/DONIA/data/IBD_Dutch_500FG/HC/HV371/HV371-spades-assembly/HV371-scaffolds.fasta
HV372,/tigress/DONIA/data/IBD_Dutch_500FG/HC/HV372/HV372-spades-assembly/HV372-scaffolds.fasta
HV373,/tigress/DONIA/data/IBD_Dutch_500FG/HC/HV373/HV373-spades-assembly/HV373-scaffolds.fasta
HV374,/tigress/DONIA/data/IBD_Dutch_500FG/HC/HV374/HV374-spades-assembly/HV374-scaffolds.fasta
HV375,/tigress/DONIA/data/IBD_Dutch_500FG/HC/HV375/HV375-spades-assembly/HV375-scaffolds.fasta
HV376,/tigress/DONIA/data/IBD_Dutch_500FG/HC/HV376/HV376-spades-assembly/HV376-scaffolds.fasta
HV377,/tigress/DONIA/data/IBD_Dutch_500FG/HC/HV377/HV377-spades-assembly/HV377-scaffolds.fasta
HV378,/tigress/DONIA/data/IBD_Dutch_500FG/HC/HV378/HV378-spades-assembly/HV378-scaffolds.fasta
HV379,/tigress/DONIA/data/IBD_Dutch_500FG/HC/HV379/HV379-spades-assembly/HV379-scaffolds.fasta
HV380,/tigress/DONIA/data/IBD_Dutch_500FG/HC/HV380/HV380-spades-assembly/HV380-scaffolds.fasta
HV382,/tigress/DONIA/data/IBD_Dutch_500FG/HC/HV382/HV382-spades-assembly/HV382-scaffolds.fasta
HV383,/tigress/DONIA/data/IBD_Dutch_500FG/HC/HV383/HV383-spades-assembly/HV383-scaffolds.fasta
HV384,/tigress/DONIA/data/IBD_Dutch_500FG/HC/HV384/HV384-spades-assembly/HV384-scaffolds.fasta
HV385,/tigress/DONIA/data/IBD_Dutch_500FG/HC/HV385/HV385-spades-assembly/HV385-scaffolds.fasta
HV386,/tigress/DONIA/data/IBD_Dutch_500FG/HC/HV386/HV386-spades-assembly/HV386-scaffolds.fasta
HV387,/tigress/DONIA/data/IBD_Dutch_500FG/HC/HV387/HV387-spades-assembly/HV387-scaffolds.fasta
HV388,/tigress/DONIA/data/IBD_Dutch_500FG/HC/HV388/HV388-spades-assembly/HV388-scaffolds.fasta
HV389,/tigress/DONIA/data/IBD_Dutch_500FG/HC/HV389/HV389-spades-assembly/HV389-scaffolds.fasta
HV390,/tigress/DONIA/data/IBD_Dutch_500FG/HC/HV390/HV390-spades-assembly/HV390-scaffolds.fasta
HV391,/tigress/DONIA/data/IBD_Dutch_500FG/HC/HV391/HV391-spades-assembly/HV391-scaffolds.fasta
HV392,/tigress/DONIA/data/IBD_Dutch_500FG/HC/HV392/HV392-spades-assembly/HV392-scaffolds.fasta
HV393,/tigress/DONIA/data/IBD_Dutch_500FG/HC/HV393/HV393-spades-assembly/HV393-scaffolds.fasta
HV394,/tigress/DONIA/data/IBD_Dutch_500FG/HC/HV394/HV394-spades-assembly/HV394-scaffolds.fasta
HV395,/tigress/DONIA/data/IBD_Dutch_500FG/HC/HV395/HV395-spades-assembly/HV395-scaffolds.fasta
HV396,/tigress/DONIA/data/IBD_Dutch_500FG/HC/HV396/HV396-spades-assembly/HV396-scaffolds.fasta
HV397,/tigress/DONIA/data/IBD_Dutch_500FG/HC/HV397/HV397-spades-assembly/HV397-scaffolds.fasta
HV398,/tigress/DONIA/data/IBD_Dutch_500FG/HC/HV398/HV398-spades-assembly/HV398-scaffolds.fasta
HV399,/tigress/DONIA/data/IBD_Dutch_500FG/HC/HV399/HV399-spades-assembly/HV399-scaffolds.fasta
HV400,/tigress/DONIA/data/IBD_Dutch_500FG/HC/HV400/HV400-spades-assembly/HV400-scaffolds.fasta
HV401,/tigress/DONIA/data/IBD_Dutch_500FG/HC/HV401/HV401-spades-assembly/HV401-scaffolds.fasta
HV402,/tigress/DONIA/data/IBD_Dutch_500FG/HC/HV402/HV402-spades-assembly/HV402-scaffolds.fasta
HV403,/tigress/DONIA/data/IBD_Dutch_500FG/HC/HV403/HV403-spades-assembly/HV403-scaffolds.fasta
HV404,/tigress/DONIA/data/IBD_Dutch_500FG/HC/HV404/HV404-spades-assembly/HV404-scaffolds.fasta
HV405,/tigress/DONIA/data/IBD_Dutch_500FG/HC/HV405/HV405-spades-assembly/HV405-scaffolds.fasta
HV406,/tigress/DONIA/data/IBD_Dutch_500FG/HC/HV406/HV406-spades-assembly/HV406-scaffolds.fasta
HV407,/tigress/DONIA/data/IBD_Dutch_500FG/HC/HV407/HV407-spades-assembly/HV407-scaffolds.fasta
HV408,/tigress/DONIA/data/IBD_Dutch_500FG/HC/HV408/HV408-spades-assembly/HV408-scaffolds.fasta
HV409,/tigress/DONIA/data/IBD_Dutch_500FG/HC/HV409/HV409-spades-assembly/HV409-scaffolds.fasta
HV410,/tigress/DONIA/data/IBD_Dutch_500FG/HC/HV410/HV410-spades-assembly/HV410-scaffolds.fasta
HV412,/tigress/DONIA/data/IBD_Dutch_500FG/HC/HV412/HV412-spades-assembly/HV412-scaffolds.fasta
HV413,/tigress/DONIA/data/IBD_Dutch_500FG/HC/HV413/HV413-spades-assembly/HV413-scaffolds.fasta
HV414,/tigress/DONIA/data/IBD_Dutch_500FG/HC/HV414/HV414-spades-assembly/HV414-scaffolds.fasta
HV415,/tigress/DONIA/data/IBD_Dutch_500FG/HC/HV415/HV415-spades-assembly/HV415-scaffolds.fasta
HV416,/tigress/DONIA/data/IBD_Dutch_500FG/HC/HV416/HV416-spades-assembly/HV416-scaffolds.fasta
HV417,/tigress/DONIA/data/IBD_Dutch_500FG/HC/HV417/HV417-spades-assembly/HV417-scaffolds.fasta
HV418,/tigress/DONIA/data/IBD_Dutch_500FG/HC/HV418/HV418-spades-assembly/HV418-scaffolds.fasta
HV419,/tigress/DONIA/data/IBD_Dutch_500FG/HC/HV419/HV419-spades-assembly/HV419-scaffolds.fasta
HV421,/tigress/DONIA/data/IBD_Dutch_500FG/HC/HV421/HV421-spades-assembly/HV421-scaffolds.fasta
HV423,/tigress/DONIA/data/IBD_Dutch_500FG/HC/HV423/HV423-spades-assembly/HV423-scaffolds.fasta
HV424,/tigress/DONIA/data/IBD_Dutch_500FG/HC/HV424/HV424-spades-assembly/HV424-scaffolds.fasta
HV425,/tigress/DONIA/data/IBD_Dutch_500FG/HC/HV425/HV425-spades-assembly/HV425-scaffolds.fasta
HV426,/tigress/DONIA/data/IBD_Dutch_500FG/HC/HV426/HV426-spades-assembly/HV426-scaffolds.fasta
HV427,/tigress/DONIA/data/IBD_Dutch_500FG/HC/HV427/HV427-spades-assembly/HV427-scaffolds.fasta
HV428,/tigress/DONIA/data/IBD_Dutch_500FG/HC/HV428/HV428-spades-assembly/HV428-scaffolds.fasta
HV429,/tigress/DONIA/data/IBD_Dutch_500FG/HC/HV429/HV429-spades-assembly/HV429-scaffolds.fasta
HV430,/tigress/DONIA/data/IBD_Dutch_500FG/HC/HV430/HV430-spades-assembly/HV430-scaffolds.fasta
HV431,/tigress/DONIA/data/IBD_Dutch_500FG/HC/HV431/HV431-spades-assembly/HV431-scaffolds.fasta
HV432,/tigress/DONIA/data/IBD_Dutch_500FG/HC/HV432/HV432-spades-assembly/HV432-scaffolds.fasta
HV433,/tigress/DONIA/data/IBD_Dutch_500FG/HC/HV433/HV433-spades-assembly/HV433-scaffolds.fasta
HV434,/tigress/DONIA/data/IBD_Dutch_500FG/HC/HV434/HV434-spades-assembly/HV434-scaffolds.fasta
HV435,/tigress/DONIA/data/IBD_Dutch_500FG/HC/HV435/HV435-spades-assembly/HV435-scaffolds.fasta
HV436,/tigress/DONIA/data/IBD_Dutch_500FG/HC/HV436/HV436-spades-assembly/HV436-scaffolds.fasta
HV437,/tigress/DONIA/data/IBD_Dutch_500FG/HC/HV437/HV437-spades-assembly/HV437-scaffolds.fasta
HV438,/tigress/DONIA/data/IBD_Dutch_500FG/HC/HV438/HV438-spades-assembly/HV438-scaffolds.fasta
HV439,/tigress/DONIA/data/IBD_Dutch_500FG/HC/HV439/HV439-spades-assembly/HV439-scaffolds.fasta
HV440,/tigress/DONIA/data/IBD_Dutch_500FG/HC/HV440/HV440-spades-assembly/HV440-scaffolds.fasta
HV441,/tigress/DONIA/data/IBD_Dutch_500FG/HC/HV441/HV441-spades-assembly/HV441-scaffolds.fasta
HV442,/tigress/DONIA/data/IBD_Dutch_500FG/HC/HV442/HV442-spades-assembly/HV442-scaffolds.fasta
HV443,/tigress/DONIA/data/IBD_Dutch_500FG/HC/HV443/HV443-spades-assembly/HV443-scaffolds.fasta
HV445,/tigress/DONIA/data/IBD_Dutch_500FG/HC/HV445/HV445-spades-assembly/HV445-scaffolds.fasta
HV446,/tigress/DONIA/data/IBD_Dutch_500FG/HC/HV446/HV446-spades-assembly/HV446-scaffolds.fasta
HV447,/tigress/DONIA/data/IBD_Dutch_500FG/HC/HV447/HV447-spades-assembly/HV447-scaffolds.fasta
HV448,/tigress/DONIA/data/IBD_Dutch_500FG/HC/HV448/HV448-spades-assembly/HV448-scaffolds.fasta
HV449,/tigress/DONIA/data/IBD_Dutch_500FG/HC/HV449/HV449-spades-assembly/HV449-scaffolds.fasta
HV450,/tigress/DONIA/data/IBD_Dutch_500FG/HC/HV450/HV450-spades-assembly/HV450-scaffolds.fasta
HV451,/tigress/DONIA/data/IBD_Dutch_500FG/HC/HV451/HV451-spades-assembly/HV451-scaffolds.fasta
HV452,/tigress/DONIA/data/IBD_Dutch_500FG/HC/HV452/HV452-spades-assembly/HV452-scaffolds.fasta
HV453,/tigress/DONIA/data/IBD_Dutch_500FG/HC/HV453/HV453-spades-assembly/HV453-scaffolds.fasta
HV454,/tigress/DONIA/data/IBD_Dutch_500FG/HC/HV454/HV454-spades-assembly/HV454-scaffolds.fasta
HV455,/tigress/DONIA/data/IBD_Dutch_500FG/HC/HV455/HV455-spades-assembly/HV455-scaffolds.fasta
HV456,/tigress/DONIA/data/IBD_Dutch_500FG/HC/HV456/HV456-spades-assembly/HV456-scaffolds.fasta
HV457,/tigress/DONIA/data/IBD_Dutch_500FG/HC/HV457/HV457-spades-assembly/HV457-scaffolds.fasta
HV458,/tigress/DONIA/data/IBD_Dutch_500FG/HC/HV458/HV458-spades-assembly/HV458-scaffolds.fasta
HV459,/tigress/DONIA/data/IBD_Dutch_500FG/HC/HV459/HV459-spades-assembly/HV459-scaffolds.fasta
HV460,/tigress/DONIA/data/IBD_Dutch_500FG/HC/HV460/HV460-spades-assembly/HV460-scaffolds.fasta
HV461,/tigress/DONIA/data/IBD_Dutch_500FG/HC/HV461/HV461-spades-assembly/HV461-scaffolds.fasta
HV462,/tigress/DONIA/data/IBD_Dutch_500FG/HC/HV462/HV462-spades-assembly/HV462-scaffolds.fasta
HV463,/tigress/DONIA/data/IBD_Dutch_500FG/HC/HV463/HV463-spades-assembly/HV463-scaffolds.fasta
HV464,/tigress/DONIA/data/IBD_Dutch_500FG/HC/HV464/HV464-spades-assembly/HV464-scaffolds.fasta
HV465,/tigress/DONIA/data/IBD_Dutch_500FG/HC/HV465/HV465-spades-assembly/HV465-scaffolds.fasta
HV466,/tigress/DONIA/data/IBD_Dutch_500FG/HC/HV466/HV466-spades-assembly/HV466-scaffolds.fasta
HV467,/tigress/DONIA/data/IBD_Dutch_500FG/HC/HV467/HV467-spades-assembly/HV467-scaffolds.fasta
HV468,/tigress/DONIA/data/IBD_Dutch_500FG/HC/HV468/HV468-spades-assembly/HV468-scaffolds.fasta
HV469,/tigress/DONIA/data/IBD_Dutch_500FG/HC/HV469/HV469-spades-assembly/HV469-scaffolds.fasta
HV470,/tigress/DONIA/data/IBD_Dutch_500FG/HC/HV470/HV470-spades-assembly/HV470-scaffolds.fasta
HV471,/tigress/DONIA/data/IBD_Dutch_500FG/HC/HV471/HV471-spades-assembly/HV471-scaffolds.fasta
HV472,/tigress/DONIA/data/IBD_Dutch_500FG/HC/HV472/HV472-spades-assembly/HV472-scaffolds.fasta
HV473,/tigress/DONIA/data/IBD_Dutch_500FG/HC/HV473/HV473-spades-assembly/HV473-scaffolds.fasta
HV474,/tigress/DONIA/data/IBD_Dutch_500FG/HC/HV474/HV474-spades-assembly/HV474-scaffolds.fasta
HV475,/tigress/DONIA/data/IBD_Dutch_500FG/HC/HV475/HV475-spades-assembly/HV475-scaffolds.fasta
HV476,/tigress/DONIA/data/IBD_Dutch_500FG/HC/HV476/HV476-spades-assembly/HV476-scaffolds.fasta
HV477,/tigress/DONIA/data/IBD_Dutch_500FG/HC/HV477/HV477-spades-assembly/HV477-scaffolds.fasta
HV478,/tigress/DONIA/data/IBD_Dutch_500FG/HC/HV478/HV478-spades-assembly/HV478-scaffolds.fasta
HV479,/tigress/DONIA/data/IBD_Dutch_500FG/HC/HV479/HV479-spades-assembly/HV479-scaffolds.fasta
HV480,/tigress/DONIA/data/IBD_Dutch_500FG/HC/HV480/HV480-spades-assembly/HV480-scaffolds.fasta
HV481,/tigress/DONIA/data/IBD_Dutch_500FG/HC/HV481/HV481-spades-assembly/HV481-scaffolds.fasta
HV482,/tigress/DONIA/data/IBD_Dutch_500FG/HC/HV482/HV482-spades-assembly/HV482-scaffolds.fasta
HV483,/tigress/DONIA/data/IBD_Dutch_500FG/HC/HV483/HV483-spades-assembly/HV483-scaffolds.fasta
HV484,/tigress/DONIA/data/IBD_Dutch_500FG/HC/HV484/HV484-spades-assembly/HV484-scaffolds.fasta
HV485,/tigress/DONIA/data/IBD_Dutch_500FG/HC/HV485/HV485-spades-assembly/HV485-scaffolds.fasta
HV486,/tigress/DONIA/data/IBD_Dutch_500FG/HC/HV486/HV486-spades-assembly/HV486-scaffolds.fasta
HV490,/tigress/DONIA/data/IBD_Dutch_500FG/HC/HV490/HV490-spades-assembly/HV490-scaffolds.fasta
HV491,/tigress/DONIA/data/IBD_Dutch_500FG/HC/HV491/HV491-spades-assembly/HV491-scaffolds.fasta
HV492,/tigress/DONIA/data/IBD_Dutch_500FG/HC/HV492/HV492-spades-assembly/HV492-scaffolds.fasta
HV493,/tigress/DONIA/data/IBD_Dutch_500FG/HC/HV493/HV493-spades-assembly/HV493-scaffolds.fasta
HV494,/tigress/DONIA/data/IBD_Dutch_500FG/HC/HV494/HV494-spades-assembly/HV494-scaffolds.fasta
HV495,/tigress/DONIA/data/IBD_Dutch_500FG/HC/HV495/HV495-spades-assembly/HV495-scaffolds.fasta
HV496,/tigress/DONIA/data/IBD_Dutch_500FG/HC/HV496/HV496-spades-assembly/HV496-scaffolds.fasta
HV498,/tigress/DONIA/data/IBD_Dutch_500FG/HC/HV498/HV498-spades-assembly/HV498-scaffolds.fasta
HV499,/tigress/DONIA/data/IBD_Dutch_500FG/HC/HV499/HV499-spades-assembly/HV499-scaffolds.fasta
HV500,/tigress/DONIA/data/IBD_Dutch_500FG/HC/HV500/HV500-spades-assembly/HV500-scaffolds.fasta
HV501,/tigress/DONIA/data/IBD_Dutch_500FG/HC/HV501/HV501-spades-assembly/HV501-scaffolds.fasta
HV502,/tigress/DONIA/data/IBD_Dutch_500FG/HC/HV502/HV502-spades-assembly/HV502-scaffolds.fasta
HV503,/tigress/DONIA/data/IBD_Dutch_500FG/HC/HV503/HV503-spades-assembly/HV503-scaffolds.fasta
HV506,/tigress/DONIA/data/IBD_Dutch_500FG/HC/HV506/HV506-spades-assembly/HV506-scaffolds.fasta
HV507,/tigress/DONIA/data/IBD_Dutch_500FG/HC/HV507/HV507-spades-assembly/HV507-scaffolds.fasta
HV508,/tigress/DONIA/data/IBD_Dutch_500FG/HC/HV508/HV508-spades-assembly/HV508-scaffolds.fasta
HV509,/tigress/DONIA/data/IBD_Dutch_500FG/HC/HV509/HV509-spades-assembly/HV509-scaffolds.fasta
HV510,/tigress/DONIA/data/IBD_Dutch_500FG/HC/HV510/HV510-spades-assembly/HV510-scaffolds.fasta
HV511,/tigress/DONIA/data/IBD_Dutch_500FG/HC/HV511/HV511-spades-assembly/HV511-scaffolds.fasta
HV512,/tigress/DONIA/data/IBD_Dutch_500FG/HC/HV512/HV512-spades-assembly/HV512-scaffolds.fasta
HV513,/tigress/DONIA/data/IBD_Dutch_500FG/HC/HV513/HV513-spades-assembly/HV513-scaffolds.fasta
HV514,/tigress/DONIA/data/IBD_Dutch_500FG/HC/HV514/HV514-spades-assembly/HV514-scaffolds.fasta
HV515,/tigress/DONIA/data/IBD_Dutch_500FG/HC/HV515/HV515-spades-assembly/HV515-scaffolds.fasta
HV516,/tigress/DONIA/data/IBD_Dutch_500FG/HC/HV516/HV516-spades-assembly/HV516-scaffolds.fasta
HV517,/tigress/DONIA/data/IBD_Dutch_500FG/HC/HV517/HV517-spades-assembly/HV517-scaffolds.fasta
HV518,/tigress/DONIA/data/IBD_Dutch_500FG/HC/HV518/HV518-spades-assembly/HV518-scaffolds.fasta
HV519,/tigress/DONIA/data/IBD_Dutch_500FG/HC/HV519/HV519-spades-assembly/HV519-scaffolds.fasta
HV520,/tigress/DONIA/data/IBD_Dutch_500FG/HC/HV520/HV520-spades-assembly/HV520-scaffolds.fasta
HV521,/tigress/DONIA/data/IBD_Dutch_500FG/HC/HV521/HV521-spades-assembly/HV521-scaffolds.fasta
HV522,/tigress/DONIA/data/IBD_Dutch_500FG/HC/HV522/HV522-spades-assembly/HV522-scaffolds.fasta
HV523,/tigress/DONIA/data/IBD_Dutch_500FG/HC/HV523/HV523-spades-assembly/HV523-scaffolds.fasta
HV524,/tigress/DONIA/data/IBD_Dutch_500FG/HC/HV524/HV524-spades-assembly/HV524-scaffolds.fasta
HV525,/tigress/DONIA/data/IBD_Dutch_500FG/HC/HV525/HV525-spades-assembly/HV525-scaffolds.fasta
HV527,/tigress/DONIA/data/IBD_Dutch_500FG/HC/HV527/HV527-spades-assembly/HV527-scaffolds.fasta
HV530,/tigress/DONIA/data/IBD_Dutch_500FG/HC/HV530/HV530-spades-assembly/HV530-scaffolds.fasta
HV531,/tigress/DONIA/data/IBD_Dutch_500FG/HC/HV531/HV531-spades-assembly/HV531-scaffolds.fasta
HV532,/tigress/DONIA/data/IBD_Dutch_500FG/HC/HV532/HV532-spades-assembly/HV532-scaffolds.fasta
HV533,/tigress/DONIA/data/IBD_Dutch_500FG/HC/HV533/HV533-spades-assembly/HV533-scaffolds.fasta
HV534,/tigress/DONIA/data/IBD_Dutch_500FG/HC/HV534/HV534-spades-assembly/HV534-scaffolds.fasta
