MH0001,/tigress/DONIA/data/MetaHIT_Gut/danish-healthy/MH0001/MH0001-spades-assembly/MH0001-scaffolds.fasta
MH0002,/tigress/DONIA/data/MetaHIT_Gut/danish-healthy/MH0002/MH0002-spades-assembly/MH0002-scaffolds.fasta
MH0003,/tigress/DONIA/data/MetaHIT_Gut/danish-healthy/MH0003/MH0003-spades-assembly/MH0003-scaffolds.fasta
MH0004,/tigress/DONIA/data/MetaHIT_Gut/danish-healthy/MH0004/MH0004-spades-assembly/MH0004-scaffolds.fasta
MH0005,/tigress/DONIA/data/MetaHIT_Gut/danish-healthy/MH0005/MH0005-spades-assembly/MH0005-scaffolds.fasta
MH0006,/tigress/DONIA/data/MetaHIT_Gut/danish-healthy/MH0006/MH0006-spades-assembly/MH0006-scaffolds.fasta
MH0007,/tigress/DONIA/data/MetaHIT_Gut/danish-healthy/MH0007/MH0007-spades-assembly/MH0007-scaffolds.fasta
MH0008,/tigress/DONIA/data/MetaHIT_Gut/danish-healthy/MH0008/MH0008-spades-assembly/MH0008-scaffolds.fasta
MH0009,/tigress/DONIA/data/MetaHIT_Gut/danish-healthy/MH0009/MH0009-spades-assembly/MH0009-scaffolds.fasta
MH0010,/tigress/DONIA/data/MetaHIT_Gut/danish-healthy/MH0010/MH0010-spades-assembly/MH0010-scaffolds.fasta
MH0011,/tigress/DONIA/data/MetaHIT_Gut/danish-healthy/MH0011/MH0011-spades-assembly/MH0011-scaffolds.fasta
MH0012,/tigress/DONIA/data/MetaHIT_Gut/danish-healthy/MH0012/MH0012-spades-assembly/MH0012-scaffolds.fasta
MH0013,/tigress/DONIA/data/MetaHIT_Gut/danish-healthy/MH0013/MH0013-spades-assembly/MH0013-scaffolds.fasta
MH0014,/tigress/DONIA/data/MetaHIT_Gut/danish-healthy/MH0014/MH0014-spades-assembly/MH0014-scaffolds.fasta
MH0015,/tigress/DONIA/data/MetaHIT_Gut/danish-healthy/MH0015/MH0015-spades-assembly/MH0015-scaffolds.fasta
MH0016,/tigress/DONIA/data/MetaHIT_Gut/danish-healthy/MH0016/MH0016-spades-assembly/MH0016-scaffolds.fasta
MH0017,/tigress/DONIA/data/MetaHIT_Gut/danish-healthy/MH0017/MH0017-spades-assembly/MH0017-scaffolds.fasta
MH0018,/tigress/DONIA/data/MetaHIT_Gut/danish-healthy/MH0018/MH0018-spades-assembly/MH0018-scaffolds.fasta
MH0019,/tigress/DONIA/data/MetaHIT_Gut/danish-healthy/MH0019/MH0019-spades-assembly/MH0019-scaffolds.fasta
MH0020,/tigress/DONIA/data/MetaHIT_Gut/danish-healthy/MH0020/MH0020-spades-assembly/MH0020-scaffolds.fasta
MH0021,/tigress/DONIA/data/MetaHIT_Gut/danish-healthy/MH0021/MH0021-spades-assembly/MH0021-scaffolds.fasta
MH0023,/tigress/DONIA/data/MetaHIT_Gut/danish-healthy/MH0023/MH0023-spades-assembly/MH0023-scaffolds.fasta
MH0024,/tigress/DONIA/data/MetaHIT_Gut/danish-healthy/MH0024/MH0024-spades-assembly/MH0024-scaffolds.fasta
MH0025,/tigress/DONIA/data/MetaHIT_Gut/danish-healthy/MH0025/MH0025-spades-assembly/MH0025-scaffolds.fasta
MH0026,/tigress/DONIA/data/MetaHIT_Gut/danish-healthy/MH0026/MH0026-spades-assembly/MH0026-scaffolds.fasta
MH0027,/tigress/DONIA/data/MetaHIT_Gut/danish-healthy/MH0027/MH0027-spades-assembly/MH0027-scaffolds.fasta
MH0028,/tigress/DONIA/data/MetaHIT_Gut/danish-healthy/MH0028/MH0028-spades-assembly/MH0028-scaffolds.fasta
MH0030,/tigress/DONIA/data/MetaHIT_Gut/danish-healthy/MH0030/MH0030-spades-assembly/MH0030-scaffolds.fasta
MH0031,/tigress/DONIA/data/MetaHIT_Gut/danish-healthy/MH0031/MH0031-spades-assembly/MH0031-scaffolds.fasta
MH0032,/tigress/DONIA/data/MetaHIT_Gut/danish-healthy/MH0032/MH0032-spades-assembly/MH0032-scaffolds.fasta
MH0033,/tigress/DONIA/data/MetaHIT_Gut/danish-healthy/MH0033/MH0033-spades-assembly/MH0033-scaffolds.fasta
MH0034,/tigress/DONIA/data/MetaHIT_Gut/danish-healthy/MH0034/MH0034-spades-assembly/MH0034-scaffolds.fasta
MH0035,/tigress/DONIA/data/MetaHIT_Gut/danish-healthy/MH0035/MH0035-spades-assembly/MH0035-scaffolds.fasta
MH0036,/tigress/DONIA/data/MetaHIT_Gut/danish-healthy/MH0036/MH0036-spades-assembly/MH0036-scaffolds.fasta
MH0037,/tigress/DONIA/data/MetaHIT_Gut/danish-healthy/MH0037/MH0037-spades-assembly/MH0037-scaffolds.fasta
MH0038,/tigress/DONIA/data/MetaHIT_Gut/danish-healthy/MH0038/MH0038-spades-assembly/MH0038-scaffolds.fasta
MH0039,/tigress/DONIA/data/MetaHIT_Gut/danish-healthy/MH0039/MH0039-spades-assembly/MH0039-scaffolds.fasta
MH0040,/tigress/DONIA/data/MetaHIT_Gut/danish-healthy/MH0040/MH0040-spades-assembly/MH0040-scaffolds.fasta
MH0041,/tigress/DONIA/data/MetaHIT_Gut/danish-healthy/MH0041/MH0041-spades-assembly/MH0041-scaffolds.fasta
MH0042,/tigress/DONIA/data/MetaHIT_Gut/danish-healthy/MH0042/MH0042-spades-assembly/MH0042-scaffolds.fasta
MH0043,/tigress/DONIA/data/MetaHIT_Gut/danish-healthy/MH0043/MH0043-spades-assembly/MH0043-scaffolds.fasta
MH0044,/tigress/DONIA/data/MetaHIT_Gut/danish-healthy/MH0044/MH0044-spades-assembly/MH0044-scaffolds.fasta
MH0045,/tigress/DONIA/data/MetaHIT_Gut/danish-healthy/MH0045/MH0045-spades-assembly/MH0045-scaffolds.fasta
MH0046,/tigress/DONIA/data/MetaHIT_Gut/danish-healthy/MH0046/MH0046-spades-assembly/MH0046-scaffolds.fasta
MH0047,/tigress/DONIA/data/MetaHIT_Gut/danish-healthy/MH0047/MH0047-spades-assembly/MH0047-scaffolds.fasta
MH0048,/tigress/DONIA/data/MetaHIT_Gut/danish-healthy/MH0048/MH0048-spades-assembly/MH0048-scaffolds.fasta
MH0049,/tigress/DONIA/data/MetaHIT_Gut/danish-healthy/MH0049/MH0049-spades-assembly/MH0049-scaffolds.fasta
MH0050,/tigress/DONIA/data/MetaHIT_Gut/danish-healthy/MH0050/MH0050-spades-assembly/MH0050-scaffolds.fasta
MH0051,/tigress/DONIA/data/MetaHIT_Gut/danish-healthy/MH0051/MH0051-spades-assembly/MH0051-scaffolds.fasta
MH0052,/tigress/DONIA/data/MetaHIT_Gut/danish-healthy/MH0052/MH0052-spades-assembly/MH0052-scaffolds.fasta
MH0053,/tigress/DONIA/data/MetaHIT_Gut/danish-healthy/MH0053/MH0053-spades-assembly/MH0053-scaffolds.fasta
MH0054,/tigress/DONIA/data/MetaHIT_Gut/danish-healthy/MH0054/MH0054-spades-assembly/MH0054-scaffolds.fasta
MH0055,/tigress/DONIA/data/MetaHIT_Gut/danish-healthy/MH0055/MH0055-spades-assembly/MH0055-scaffolds.fasta
MH0056,/tigress/DONIA/data/MetaHIT_Gut/danish-healthy/MH0056/MH0056-spades-assembly/MH0056-scaffolds.fasta
MH0057,/tigress/DONIA/data/MetaHIT_Gut/danish-healthy/MH0057/MH0057-spades-assembly/MH0057-scaffolds.fasta
MH0058,/tigress/DONIA/data/MetaHIT_Gut/danish-healthy/MH0058/MH0058-spades-assembly/MH0058-scaffolds.fasta
MH0059,/tigress/DONIA/data/MetaHIT_Gut/danish-healthy/MH0059/MH0059-spades-assembly/MH0059-scaffolds.fasta
MH0060,/tigress/DONIA/data/MetaHIT_Gut/danish-healthy/MH0060/MH0060-spades-assembly/MH0060-scaffolds.fasta
MH0061,/tigress/DONIA/data/MetaHIT_Gut/danish-healthy/MH0061/MH0061-spades-assembly/MH0061-scaffolds.fasta
MH0062,/tigress/DONIA/data/MetaHIT_Gut/danish-healthy/MH0062/MH0062-spades-assembly/MH0062-scaffolds.fasta
MH0063,/tigress/DONIA/data/MetaHIT_Gut/danish-healthy/MH0063/MH0063-spades-assembly/MH0063-scaffolds.fasta
MH0064,/tigress/DONIA/data/MetaHIT_Gut/danish-healthy/MH0064/MH0064-spades-assembly/MH0064-scaffolds.fasta
MH0065,/tigress/DONIA/data/MetaHIT_Gut/danish-healthy/MH0065/MH0065-spades-assembly/MH0065-scaffolds.fasta
MH0066,/tigress/DONIA/data/MetaHIT_Gut/danish-healthy/MH0066/MH0066-spades-assembly/MH0066-scaffolds.fasta
MH0067,/tigress/DONIA/data/MetaHIT_Gut/danish-healthy/MH0067/MH0067-spades-assembly/MH0067-scaffolds.fasta
MH0068,/tigress/DONIA/data/MetaHIT_Gut/danish-healthy/MH0068/MH0068-spades-assembly/MH0068-scaffolds.fasta
MH0069,/tigress/DONIA/data/MetaHIT_Gut/danish-healthy/MH0069/MH0069-spades-assembly/MH0069-scaffolds.fasta
MH0070,/tigress/DONIA/data/MetaHIT_Gut/danish-healthy/MH0070/MH0070-spades-assembly/MH0070-scaffolds.fasta
MH0071,/tigress/DONIA/data/MetaHIT_Gut/danish-healthy/MH0071/MH0071-spades-assembly/MH0071-scaffolds.fasta
MH0072,/tigress/DONIA/data/MetaHIT_Gut/danish-healthy/MH0072/MH0072-spades-assembly/MH0072-scaffolds.fasta
MH0073,/tigress/DONIA/data/MetaHIT_Gut/danish-healthy/MH0073/MH0073-spades-assembly/MH0073-scaffolds.fasta
MH0074,/tigress/DONIA/data/MetaHIT_Gut/danish-healthy/MH0074/MH0074-spades-assembly/MH0074-scaffolds.fasta
MH0075,/tigress/DONIA/data/MetaHIT_Gut/danish-healthy/MH0075/MH0075-spades-assembly/MH0075-scaffolds.fasta
MH0076,/tigress/DONIA/data/MetaHIT_Gut/danish-healthy/MH0076/MH0076-spades-assembly/MH0076-scaffolds.fasta
MH0077,/tigress/DONIA/data/MetaHIT_Gut/danish-healthy/MH0077/MH0077-spades-assembly/MH0077-scaffolds.fasta
MH0078,/tigress/DONIA/data/MetaHIT_Gut/danish-healthy/MH0078/MH0078-spades-assembly/MH0078-scaffolds.fasta
MH0079,/tigress/DONIA/data/MetaHIT_Gut/danish-healthy/MH0079/MH0079-spades-assembly/MH0079-scaffolds.fasta
MH0080,/tigress/DONIA/data/MetaHIT_Gut/danish-healthy/MH0080/MH0080-spades-assembly/MH0080-scaffolds.fasta
MH0081,/tigress/DONIA/data/MetaHIT_Gut/danish-healthy/MH0081/MH0081-spades-assembly/MH0081-scaffolds.fasta
MH0082,/tigress/DONIA/data/MetaHIT_Gut/danish-healthy/MH0082/MH0082-spades-assembly/MH0082-scaffolds.fasta
MH0083,/tigress/DONIA/data/MetaHIT_Gut/danish-healthy/MH0083/MH0083-spades-assembly/MH0083-scaffolds.fasta
MH0084,/tigress/DONIA/data/MetaHIT_Gut/danish-healthy/MH0084/MH0084-spades-assembly/MH0084-scaffolds.fasta
MH0085,/tigress/DONIA/data/MetaHIT_Gut/danish-healthy/MH0085/MH0085-spades-assembly/MH0085-scaffolds.fasta
MH0086,/tigress/DONIA/data/MetaHIT_Gut/danish-healthy/MH0086/MH0086-spades-assembly/MH0086-scaffolds.fasta
MH0087,/tigress/DONIA/data/MetaHIT_Gut/danish-healthy/MH0087/MH0087-spades-assembly/MH0087-scaffolds.fasta
MH0088,/tigress/DONIA/data/MetaHIT_Gut/danish-healthy/MH0088/MH0088-spades-assembly/MH0088-scaffolds.fasta
MH0089,/tigress/DONIA/data/MetaHIT_Gut/danish-healthy/MH0089/MH0089-spades-assembly/MH0089-scaffolds.fasta
MH0090,/tigress/DONIA/data/MetaHIT_Gut/danish-healthy/MH0090/MH0090-spades-assembly/MH0090-scaffolds.fasta
MH0091,/tigress/DONIA/data/MetaHIT_Gut/danish-healthy/MH0091/MH0091-spades-assembly/MH0091-scaffolds.fasta
MH0092,/tigress/DONIA/data/MetaHIT_Gut/danish-healthy/MH0092/MH0092-spades-assembly/MH0092-scaffolds.fasta
MH0093,/tigress/DONIA/data/MetaHIT_Gut/danish-healthy/MH0093/MH0093-spades-assembly/MH0093-scaffolds.fasta
MH0094,/tigress/DONIA/data/MetaHIT_Gut/danish-healthy/MH0094/MH0094-spades-assembly/MH0094-scaffolds.fasta
MH0095,/tigress/DONIA/data/MetaHIT_Gut/danish-healthy/MH0095/MH0095-spades-assembly/MH0095-scaffolds.fasta
MH0096,/tigress/DONIA/data/MetaHIT_Gut/danish-healthy/MH0096/MH0096-spades-assembly/MH0096-scaffolds.fasta
MH0097,/tigress/DONIA/data/MetaHIT_Gut/danish-healthy/MH0097/MH0097-spades-assembly/MH0097-scaffolds.fasta
MH0098,/tigress/DONIA/data/MetaHIT_Gut/danish-healthy/MH0098/MH0098-spades-assembly/MH0098-scaffolds.fasta
MH0099,/tigress/DONIA/data/MetaHIT_Gut/danish-healthy/MH0099/MH0099-spades-assembly/MH0099-scaffolds.fasta
MH0100,/tigress/DONIA/data/MetaHIT_Gut/danish-healthy/MH0100/MH0100-spades-assembly/MH0100-scaffolds.fasta
MH0101,/tigress/DONIA/data/MetaHIT_Gut/danish-healthy/MH0101/MH0101-spades-assembly/MH0101-scaffolds.fasta
MH0102,/tigress/DONIA/data/MetaHIT_Gut/danish-healthy/MH0102/MH0102-spades-assembly/MH0102-scaffolds.fasta
MH0103,/tigress/DONIA/data/MetaHIT_Gut/danish-healthy/MH0103/MH0103-spades-assembly/MH0103-scaffolds.fasta
MH0104,/tigress/DONIA/data/MetaHIT_Gut/danish-healthy/MH0104/MH0104-spades-assembly/MH0104-scaffolds.fasta
MH0105,/tigress/DONIA/data/MetaHIT_Gut/danish-healthy/MH0105/MH0105-spades-assembly/MH0105-scaffolds.fasta
MH0106,/tigress/DONIA/data/MetaHIT_Gut/danish-healthy/MH0106/MH0106-spades-assembly/MH0106-scaffolds.fasta
MH0107,/tigress/DONIA/data/MetaHIT_Gut/danish-healthy/MH0107/MH0107-spades-assembly/MH0107-scaffolds.fasta
MH0109,/tigress/DONIA/data/MetaHIT_Gut/danish-healthy/MH0109/MH0109-spades-assembly/MH0109-scaffolds.fasta
MH0110,/tigress/DONIA/data/MetaHIT_Gut/danish-healthy/MH0110/MH0110-spades-assembly/MH0110-scaffolds.fasta
MH0111,/tigress/DONIA/data/MetaHIT_Gut/danish-healthy/MH0111/MH0111-spades-assembly/MH0111-scaffolds.fasta
MH0113,/tigress/DONIA/data/MetaHIT_Gut/danish-healthy/MH0113/MH0113-spades-assembly/MH0113-scaffolds.fasta
MH0114,/tigress/DONIA/data/MetaHIT_Gut/danish-healthy/MH0114/MH0114-spades-assembly/MH0114-scaffolds.fasta
MH0115,/tigress/DONIA/data/MetaHIT_Gut/danish-healthy/MH0115/MH0115-spades-assembly/MH0115-scaffolds.fasta
MH0116,/tigress/DONIA/data/MetaHIT_Gut/danish-healthy/MH0116/MH0116-spades-assembly/MH0116-scaffolds.fasta
MH0117,/tigress/DONIA/data/MetaHIT_Gut/danish-healthy/MH0117/MH0117-spades-assembly/MH0117-scaffolds.fasta
MH0118,/tigress/DONIA/data/MetaHIT_Gut/danish-healthy/MH0118/MH0118-spades-assembly/MH0118-scaffolds.fasta
MH0120,/tigress/DONIA/data/MetaHIT_Gut/danish-healthy/MH0120/MH0120-spades-assembly/MH0120-scaffolds.fasta
MH0121,/tigress/DONIA/data/MetaHIT_Gut/danish-healthy/MH0121/MH0121-spades-assembly/MH0121-scaffolds.fasta
MH0122,/tigress/DONIA/data/MetaHIT_Gut/danish-healthy/MH0122/MH0122-spades-assembly/MH0122-scaffolds.fasta
MH0123,/tigress/DONIA/data/MetaHIT_Gut/danish-healthy/MH0123/MH0123-spades-assembly/MH0123-scaffolds.fasta
MH0124,/tigress/DONIA/data/MetaHIT_Gut/danish-healthy/MH0124/MH0124-spades-assembly/MH0124-scaffolds.fasta
MH0125,/tigress/DONIA/data/MetaHIT_Gut/danish-healthy/MH0125/MH0125-spades-assembly/MH0125-scaffolds.fasta
MH0126,/tigress/DONIA/data/MetaHIT_Gut/danish-healthy/MH0126/MH0126-spades-assembly/MH0126-scaffolds.fasta
MH0127,/tigress/DONIA/data/MetaHIT_Gut/danish-healthy/MH0127/MH0127-spades-assembly/MH0127-scaffolds.fasta
MH0128,/tigress/DONIA/data/MetaHIT_Gut/danish-healthy/MH0128/MH0128-spades-assembly/MH0128-scaffolds.fasta
MH0129,/tigress/DONIA/data/MetaHIT_Gut/danish-healthy/MH0129/MH0129-spades-assembly/MH0129-scaffolds.fasta
MH0130,/tigress/DONIA/data/MetaHIT_Gut/danish-healthy/MH0130/MH0130-spades-assembly/MH0130-scaffolds.fasta
MH0132,/tigress/DONIA/data/MetaHIT_Gut/danish-healthy/MH0132/MH0132-spades-assembly/MH0132-scaffolds.fasta
MH0133,/tigress/DONIA/data/MetaHIT_Gut/danish-healthy/MH0133/MH0133-spades-assembly/MH0133-scaffolds.fasta
MH0134,/tigress/DONIA/data/MetaHIT_Gut/danish-healthy/MH0134/MH0134-spades-assembly/MH0134-scaffolds.fasta
MH0135,/tigress/DONIA/data/MetaHIT_Gut/danish-healthy/MH0135/MH0135-spades-assembly/MH0135-scaffolds.fasta
MH0136,/tigress/DONIA/data/MetaHIT_Gut/danish-healthy/MH0136/MH0136-spades-assembly/MH0136-scaffolds.fasta
MH0137,/tigress/DONIA/data/MetaHIT_Gut/danish-healthy/MH0137/MH0137-spades-assembly/MH0137-scaffolds.fasta
MH0138,/tigress/DONIA/data/MetaHIT_Gut/danish-healthy/MH0138/MH0138-spades-assembly/MH0138-scaffolds.fasta
MH0139,/tigress/DONIA/data/MetaHIT_Gut/danish-healthy/MH0139/MH0139-spades-assembly/MH0139-scaffolds.fasta
MH0140,/tigress/DONIA/data/MetaHIT_Gut/danish-healthy/MH0140/MH0140-spades-assembly/MH0140-scaffolds.fasta
MH0141,/tigress/DONIA/data/MetaHIT_Gut/danish-healthy/MH0141/MH0141-spades-assembly/MH0141-scaffolds.fasta
MH0142,/tigress/DONIA/data/MetaHIT_Gut/danish-healthy/MH0142/MH0142-spades-assembly/MH0142-scaffolds.fasta
MH0143,/tigress/DONIA/data/MetaHIT_Gut/danish-healthy/MH0143/MH0143-spades-assembly/MH0143-scaffolds.fasta
MH0144,/tigress/DONIA/data/MetaHIT_Gut/danish-healthy/MH0144/MH0144-spades-assembly/MH0144-scaffolds.fasta
MH0145,/tigress/DONIA/data/MetaHIT_Gut/danish-healthy/MH0145/MH0145-spades-assembly/MH0145-scaffolds.fasta
MH0146,/tigress/DONIA/data/MetaHIT_Gut/danish-healthy/MH0146/MH0146-spades-assembly/MH0146-scaffolds.fasta
MH0147,/tigress/DONIA/data/MetaHIT_Gut/danish-healthy/MH0147/MH0147-spades-assembly/MH0147-scaffolds.fasta
MH0148,/tigress/DONIA/data/MetaHIT_Gut/danish-healthy/MH0148/MH0148-spades-assembly/MH0148-scaffolds.fasta
MH0149,/tigress/DONIA/data/MetaHIT_Gut/danish-healthy/MH0149/MH0149-spades-assembly/MH0149-scaffolds.fasta
MH0151,/tigress/DONIA/data/MetaHIT_Gut/danish-healthy/MH0151/MH0151-spades-assembly/MH0151-scaffolds.fasta
MH0152,/tigress/DONIA/data/MetaHIT_Gut/danish-healthy/MH0152/MH0152-spades-assembly/MH0152-scaffolds.fasta
MH0153,/tigress/DONIA/data/MetaHIT_Gut/danish-healthy/MH0153/MH0153-spades-assembly/MH0153-scaffolds.fasta
MH0154,/tigress/DONIA/data/MetaHIT_Gut/danish-healthy/MH0154/MH0154-spades-assembly/MH0154-scaffolds.fasta
MH0155,/tigress/DONIA/data/MetaHIT_Gut/danish-healthy/MH0155/MH0155-spades-assembly/MH0155-scaffolds.fasta
MH0156,/tigress/DONIA/data/MetaHIT_Gut/danish-healthy/MH0156/MH0156-spades-assembly/MH0156-scaffolds.fasta
MH0157,/tigress/DONIA/data/MetaHIT_Gut/danish-healthy/MH0157/MH0157-spades-assembly/MH0157-scaffolds.fasta
MH0158,/tigress/DONIA/data/MetaHIT_Gut/danish-healthy/MH0158/MH0158-spades-assembly/MH0158-scaffolds.fasta
MH0159,/tigress/DONIA/data/MetaHIT_Gut/danish-healthy/MH0159/MH0159-spades-assembly/MH0159-scaffolds.fasta
MH0160,/tigress/DONIA/data/MetaHIT_Gut/danish-healthy/MH0160/MH0160-spades-assembly/MH0160-scaffolds.fasta
MH0162,/tigress/DONIA/data/MetaHIT_Gut/danish-healthy/MH0162/MH0162-spades-assembly/MH0162-scaffolds.fasta
MH0163,/tigress/DONIA/data/MetaHIT_Gut/danish-healthy/MH0163/MH0163-spades-assembly/MH0163-scaffolds.fasta
MH0164,/tigress/DONIA/data/MetaHIT_Gut/danish-healthy/MH0164/MH0164-spades-assembly/MH0164-scaffolds.fasta
MH0165,/tigress/DONIA/data/MetaHIT_Gut/danish-healthy/MH0165/MH0165-spades-assembly/MH0165-scaffolds.fasta
MH0166,/tigress/DONIA/data/MetaHIT_Gut/danish-healthy/MH0166/MH0166-spades-assembly/MH0166-scaffolds.fasta
MH0167,/tigress/DONIA/data/MetaHIT_Gut/danish-healthy/MH0167/MH0167-spades-assembly/MH0167-scaffolds.fasta
MH0168,/tigress/DONIA/data/MetaHIT_Gut/danish-healthy/MH0168/MH0168-spades-assembly/MH0168-scaffolds.fasta
MH0169,/tigress/DONIA/data/MetaHIT_Gut/danish-healthy/MH0169/MH0169-spades-assembly/MH0169-scaffolds.fasta
MH0170,/tigress/DONIA/data/MetaHIT_Gut/danish-healthy/MH0170/MH0170-spades-assembly/MH0170-scaffolds.fasta
MH0172,/tigress/DONIA/data/MetaHIT_Gut/danish-healthy/MH0172/MH0172-spades-assembly/MH0172-scaffolds.fasta
MH0173,/tigress/DONIA/data/MetaHIT_Gut/danish-healthy/MH0173/MH0173-spades-assembly/MH0173-scaffolds.fasta
MH0174,/tigress/DONIA/data/MetaHIT_Gut/danish-healthy/MH0174/MH0174-spades-assembly/MH0174-scaffolds.fasta
MH0175,/tigress/DONIA/data/MetaHIT_Gut/danish-healthy/MH0175/MH0175-spades-assembly/MH0175-scaffolds.fasta
MH0177,/tigress/DONIA/data/MetaHIT_Gut/danish-healthy/MH0177/MH0177-spades-assembly/MH0177-scaffolds.fasta
MH0178,/tigress/DONIA/data/MetaHIT_Gut/danish-healthy/MH0178/MH0178-spades-assembly/MH0178-scaffolds.fasta
MH0179,/tigress/DONIA/data/MetaHIT_Gut/danish-healthy/MH0179/MH0179-spades-assembly/MH0179-scaffolds.fasta
MH0180,/tigress/DONIA/data/MetaHIT_Gut/danish-healthy/MH0180/MH0180-spades-assembly/MH0180-scaffolds.fasta
MH0181,/tigress/DONIA/data/MetaHIT_Gut/danish-healthy/MH0181/MH0181-spades-assembly/MH0181-scaffolds.fasta
MH0182,/tigress/DONIA/data/MetaHIT_Gut/danish-healthy/MH0182/MH0182-spades-assembly/MH0182-scaffolds.fasta
MH0183,/tigress/DONIA/data/MetaHIT_Gut/danish-healthy/MH0183/MH0183-spades-assembly/MH0183-scaffolds.fasta
MH0184,/tigress/DONIA/data/MetaHIT_Gut/danish-healthy/MH0184/MH0184-spades-assembly/MH0184-scaffolds.fasta
MH0185,/tigress/DONIA/data/MetaHIT_Gut/danish-healthy/MH0185/MH0185-spades-assembly/MH0185-scaffolds.fasta
MH0186,/tigress/DONIA/data/MetaHIT_Gut/danish-healthy/MH0186/MH0186-spades-assembly/MH0186-scaffolds.fasta
V1.CD10.0,/tigress/DONIA/data/MetaHIT_Gut/spanish-CD/V1.CD10.0/V1.CD10.0-spades-assembly/V1.CD10.0-scaffolds.fasta
V1.CD1.0,/tigress/DONIA/data/MetaHIT_Gut/spanish-CD/V1.CD1.0/V1.CD1.0-spades-assembly/V1.CD1.0-scaffolds.fasta
V1.CD12.0,/tigress/DONIA/data/MetaHIT_Gut/spanish-CD/V1.CD12.0/V1.CD12.0-spades-assembly/V1.CD12.0-scaffolds.fasta
V1.CD15.0,/tigress/DONIA/data/MetaHIT_Gut/spanish-CD/V1.CD15.0/V1.CD15.0-spades-assembly/V1.CD15.0-scaffolds.fasta
V1.CD15.3,/tigress/DONIA/data/MetaHIT_Gut/spanish-CD/V1.CD15.3/V1.CD15.3-spades-assembly/V1.CD15.3-scaffolds.fasta
V1.CD17.0,/tigress/DONIA/data/MetaHIT_Gut/spanish-CD/V1.CD17.0/V1.CD17.0-spades-assembly/V1.CD17.0-scaffolds.fasta
V1.CD17.4,/tigress/DONIA/data/MetaHIT_Gut/spanish-CD/V1.CD17.4/V1.CD17.4-spades-assembly/V1.CD17.4-scaffolds.fasta
V1.CD18.0,/tigress/DONIA/data/MetaHIT_Gut/spanish-CD/V1.CD18.0/V1.CD18.0-spades-assembly/V1.CD18.0-scaffolds.fasta
V1.CD18.3,/tigress/DONIA/data/MetaHIT_Gut/spanish-CD/V1.CD18.3/V1.CD18.3-spades-assembly/V1.CD18.3-scaffolds.fasta
V1.CD20.4,/tigress/DONIA/data/MetaHIT_Gut/spanish-CD/V1.CD20.4/V1.CD20.4-spades-assembly/V1.CD20.4-scaffolds.fasta
V1.CD21.0,/tigress/DONIA/data/MetaHIT_Gut/spanish-CD/V1.CD21.0/V1.CD21.0-spades-assembly/V1.CD21.0-scaffolds.fasta
V1.CD21.4,/tigress/DONIA/data/MetaHIT_Gut/spanish-CD/V1.CD21.4/V1.CD21.4-spades-assembly/V1.CD21.4-scaffolds.fasta
V1.CD25.0,/tigress/DONIA/data/MetaHIT_Gut/spanish-CD/V1.CD25.0/V1.CD25.0-spades-assembly/V1.CD25.0-scaffolds.fasta
V1.CD25.4,/tigress/DONIA/data/MetaHIT_Gut/spanish-CD/V1.CD25.4/V1.CD25.4-spades-assembly/V1.CD25.4-scaffolds.fasta
V1.CD35.0,/tigress/DONIA/data/MetaHIT_Gut/spanish-CD/V1.CD35.0/V1.CD35.0-spades-assembly/V1.CD35.0-scaffolds.fasta
V1.CD35.1,/tigress/DONIA/data/MetaHIT_Gut/spanish-CD/V1.CD35.1/V1.CD35.1-spades-assembly/V1.CD35.1-scaffolds.fasta
V1.CD41.0,/tigress/DONIA/data/MetaHIT_Gut/spanish-CD/V1.CD41.0/V1.CD41.0-spades-assembly/V1.CD41.0-scaffolds.fasta
V1.CD6.0,/tigress/DONIA/data/MetaHIT_Gut/spanish-CD/V1.CD6.0/V1.CD6.0-spades-assembly/V1.CD6.0-scaffolds.fasta
V1.CD6.4,/tigress/DONIA/data/MetaHIT_Gut/spanish-CD/V1.CD6.4/V1.CD6.4-spades-assembly/V1.CD6.4-scaffolds.fasta
V1.CD7.0,/tigress/DONIA/data/MetaHIT_Gut/spanish-CD/V1.CD7.0/V1.CD7.0-spades-assembly/V1.CD7.0-scaffolds.fasta
V1.CD7.4,/tigress/DONIA/data/MetaHIT_Gut/spanish-CD/V1.CD7.4/V1.CD7.4-spades-assembly/V1.CD7.4-scaffolds.fasta
O2.UC49.0,/tigress/DONIA/data/MetaHIT_Gut/spanish-healthy/O2.UC49.0/O2.UC49.0-spades-assembly/O2.UC49.0-scaffolds.fasta
O2.UC49.2,/tigress/DONIA/data/MetaHIT_Gut/spanish-healthy/O2.UC49.2/O2.UC49.2-spades-assembly/O2.UC49.2-scaffolds.fasta
O2.UC50.0,/tigress/DONIA/data/MetaHIT_Gut/spanish-healthy/O2.UC50.0/O2.UC50.0-spades-assembly/O2.UC50.0-scaffolds.fasta
O2.UC50.2,/tigress/DONIA/data/MetaHIT_Gut/spanish-healthy/O2.UC50.2/O2.UC50.2-spades-assembly/O2.UC50.2-scaffolds.fasta
O2.UC51.0,/tigress/DONIA/data/MetaHIT_Gut/spanish-healthy/O2.UC51.0/O2.UC51.0-spades-assembly/O2.UC51.0-scaffolds.fasta
O2.UC51.2,/tigress/DONIA/data/MetaHIT_Gut/spanish-healthy/O2.UC51.2/O2.UC51.2-spades-assembly/O2.UC51.2-scaffolds.fasta
O2.UC52.0,/tigress/DONIA/data/MetaHIT_Gut/spanish-healthy/O2.UC52.0/O2.UC52.0-spades-assembly/O2.UC52.0-scaffolds.fasta
O2.UC52.2,/tigress/DONIA/data/MetaHIT_Gut/spanish-healthy/O2.UC52.2/O2.UC52.2-spades-assembly/O2.UC52.2-scaffolds.fasta
O2.UC53.0,/tigress/DONIA/data/MetaHIT_Gut/spanish-healthy/O2.UC53.0/O2.UC53.0-spades-assembly/O2.UC53.0-scaffolds.fasta
O2.UC53.2,/tigress/DONIA/data/MetaHIT_Gut/spanish-healthy/O2.UC53.2/O2.UC53.2-spades-assembly/O2.UC53.2-scaffolds.fasta
O2.UC54.0,/tigress/DONIA/data/MetaHIT_Gut/spanish-healthy/O2.UC54.0/O2.UC54.0-spades-assembly/O2.UC54.0-scaffolds.fasta
O2.UC54.2,/tigress/DONIA/data/MetaHIT_Gut/spanish-healthy/O2.UC54.2/O2.UC54.2-spades-assembly/O2.UC54.2-scaffolds.fasta
O2.UC55.0,/tigress/DONIA/data/MetaHIT_Gut/spanish-healthy/O2.UC55.0/O2.UC55.0-spades-assembly/O2.UC55.0-scaffolds.fasta
O2.UC55.2,/tigress/DONIA/data/MetaHIT_Gut/spanish-healthy/O2.UC55.2/O2.UC55.2-spades-assembly/O2.UC55.2-scaffolds.fasta
O2.UC56.0,/tigress/DONIA/data/MetaHIT_Gut/spanish-healthy/O2.UC56.0/O2.UC56.0-spades-assembly/O2.UC56.0-scaffolds.fasta
O2.UC56.2,/tigress/DONIA/data/MetaHIT_Gut/spanish-healthy/O2.UC56.2/O2.UC56.2-spades-assembly/O2.UC56.2-scaffolds.fasta
O2.UC57.0,/tigress/DONIA/data/MetaHIT_Gut/spanish-healthy/O2.UC57.0/O2.UC57.0-spades-assembly/O2.UC57.0-scaffolds.fasta
O2.UC57.2,/tigress/DONIA/data/MetaHIT_Gut/spanish-healthy/O2.UC57.2/O2.UC57.2-spades-assembly/O2.UC57.2-scaffolds.fasta
O2.UC58.0,/tigress/DONIA/data/MetaHIT_Gut/spanish-healthy/O2.UC58.0/O2.UC58.0-spades-assembly/O2.UC58.0-scaffolds.fasta
O2.UC58.2,/tigress/DONIA/data/MetaHIT_Gut/spanish-healthy/O2.UC58.2/O2.UC58.2-spades-assembly/O2.UC58.2-scaffolds.fasta
O2.UC59.0,/tigress/DONIA/data/MetaHIT_Gut/spanish-healthy/O2.UC59.0/O2.UC59.0-spades-assembly/O2.UC59.0-scaffolds.fasta
O2.UC59.2,/tigress/DONIA/data/MetaHIT_Gut/spanish-healthy/O2.UC59.2/O2.UC59.2-spades-assembly/O2.UC59.2-scaffolds.fasta
O2.UC60.0,/tigress/DONIA/data/MetaHIT_Gut/spanish-healthy/O2.UC60.0/O2.UC60.0-spades-assembly/O2.UC60.0-scaffolds.fasta
O2.UC60.2,/tigress/DONIA/data/MetaHIT_Gut/spanish-healthy/O2.UC60.2/O2.UC60.2-spades-assembly/O2.UC60.2-scaffolds.fasta
V1.CD11.0,/tigress/DONIA/data/MetaHIT_Gut/spanish-healthy/V1.CD11.0/V1.CD11.0-spades-assembly/V1.CD11.0-scaffolds.fasta
V1.CD13.0,/tigress/DONIA/data/MetaHIT_Gut/spanish-healthy/V1.CD13.0/V1.CD13.0-spades-assembly/V1.CD13.0-scaffolds.fasta
V1.CD14.0,/tigress/DONIA/data/MetaHIT_Gut/spanish-healthy/V1.CD14.0/V1.CD14.0-spades-assembly/V1.CD14.0-scaffolds.fasta
V1.CD16.0,/tigress/DONIA/data/MetaHIT_Gut/spanish-healthy/V1.CD16.0/V1.CD16.0-spades-assembly/V1.CD16.0-scaffolds.fasta
V1.CD19.0,/tigress/DONIA/data/MetaHIT_Gut/spanish-healthy/V1.CD19.0/V1.CD19.0-spades-assembly/V1.CD19.0-scaffolds.fasta
V1.CD2.0,/tigress/DONIA/data/MetaHIT_Gut/spanish-healthy/V1.CD2.0/V1.CD2.0-spades-assembly/V1.CD2.0-scaffolds.fasta
V1.CD22.0,/tigress/DONIA/data/MetaHIT_Gut/spanish-healthy/V1.CD22.0/V1.CD22.0-spades-assembly/V1.CD22.0-scaffolds.fasta
V1.CD24.0,/tigress/DONIA/data/MetaHIT_Gut/spanish-healthy/V1.CD24.0/V1.CD24.0-spades-assembly/V1.CD24.0-scaffolds.fasta
V1.CD27.0,/tigress/DONIA/data/MetaHIT_Gut/spanish-healthy/V1.CD27.0/V1.CD27.0-spades-assembly/V1.CD27.0-scaffolds.fasta
V1.CD28.0,/tigress/DONIA/data/MetaHIT_Gut/spanish-healthy/V1.CD28.0/V1.CD28.0-spades-assembly/V1.CD28.0-scaffolds.fasta
V1.CD29.0,/tigress/DONIA/data/MetaHIT_Gut/spanish-healthy/V1.CD29.0/V1.CD29.0-spades-assembly/V1.CD29.0-scaffolds.fasta
V1.CD30.0,/tigress/DONIA/data/MetaHIT_Gut/spanish-healthy/V1.CD30.0/V1.CD30.0-spades-assembly/V1.CD30.0-scaffolds.fasta
V1.CD3.0,/tigress/DONIA/data/MetaHIT_Gut/spanish-healthy/V1.CD3.0/V1.CD3.0-spades-assembly/V1.CD3.0-scaffolds.fasta
V1.CD31.0,/tigress/DONIA/data/MetaHIT_Gut/spanish-healthy/V1.CD31.0/V1.CD31.0-spades-assembly/V1.CD31.0-scaffolds.fasta
V1.CD34.0,/tigress/DONIA/data/MetaHIT_Gut/spanish-healthy/V1.CD34.0/V1.CD34.0-spades-assembly/V1.CD34.0-scaffolds.fasta
V1.CD36.0,/tigress/DONIA/data/MetaHIT_Gut/spanish-healthy/V1.CD36.0/V1.CD36.0-spades-assembly/V1.CD36.0-scaffolds.fasta
V1.CD38.0,/tigress/DONIA/data/MetaHIT_Gut/spanish-healthy/V1.CD38.0/V1.CD38.0-spades-assembly/V1.CD38.0-scaffolds.fasta
V1.CD4.0,/tigress/DONIA/data/MetaHIT_Gut/spanish-healthy/V1.CD4.0/V1.CD4.0-spades-assembly/V1.CD4.0-scaffolds.fasta
V1.CD42.0,/tigress/DONIA/data/MetaHIT_Gut/spanish-healthy/V1.CD42.0/V1.CD42.0-spades-assembly/V1.CD42.0-scaffolds.fasta
V1.CD8.0,/tigress/DONIA/data/MetaHIT_Gut/spanish-healthy/V1.CD8.0/V1.CD8.0-spades-assembly/V1.CD8.0-scaffolds.fasta
V1.CD9.0,/tigress/DONIA/data/MetaHIT_Gut/spanish-healthy/V1.CD9.0/V1.CD9.0-spades-assembly/V1.CD9.0-scaffolds.fasta
V1.UC16.0,/tigress/DONIA/data/MetaHIT_Gut/spanish-healthy/V1.UC16.0/V1.UC16.0-spades-assembly/V1.UC16.0-scaffolds.fasta
V1.UC18.0,/tigress/DONIA/data/MetaHIT_Gut/spanish-healthy/V1.UC18.0/V1.UC18.0-spades-assembly/V1.UC18.0-scaffolds.fasta
V1.UC19.0,/tigress/DONIA/data/MetaHIT_Gut/spanish-healthy/V1.UC19.0/V1.UC19.0-spades-assembly/V1.UC19.0-scaffolds.fasta
V1.UC24.0,/tigress/DONIA/data/MetaHIT_Gut/spanish-healthy/V1.UC24.0/V1.UC24.0-spades-assembly/V1.UC24.0-scaffolds.fasta
V1.UC27.0,/tigress/DONIA/data/MetaHIT_Gut/spanish-healthy/V1.UC27.0/V1.UC27.0-spades-assembly/V1.UC27.0-scaffolds.fasta
V1.UC28.0,/tigress/DONIA/data/MetaHIT_Gut/spanish-healthy/V1.UC28.0/V1.UC28.0-spades-assembly/V1.UC28.0-scaffolds.fasta
V1.UC29.0,/tigress/DONIA/data/MetaHIT_Gut/spanish-healthy/V1.UC29.0/V1.UC29.0-spades-assembly/V1.UC29.0-scaffolds.fasta
V1.UC30.0,/tigress/DONIA/data/MetaHIT_Gut/spanish-healthy/V1.UC30.0/V1.UC30.0-spades-assembly/V1.UC30.0-scaffolds.fasta
V1.UC32.0,/tigress/DONIA/data/MetaHIT_Gut/spanish-healthy/V1.UC32.0/V1.UC32.0-spades-assembly/V1.UC32.0-scaffolds.fasta
V1.UC33.0,/tigress/DONIA/data/MetaHIT_Gut/spanish-healthy/V1.UC33.0/V1.UC33.0-spades-assembly/V1.UC33.0-scaffolds.fasta
V1.UC34.0,/tigress/DONIA/data/MetaHIT_Gut/spanish-healthy/V1.UC34.0/V1.UC34.0-spades-assembly/V1.UC34.0-scaffolds.fasta
V1.UC36.0,/tigress/DONIA/data/MetaHIT_Gut/spanish-healthy/V1.UC36.0/V1.UC36.0-spades-assembly/V1.UC36.0-scaffolds.fasta
V1.UC37.0,/tigress/DONIA/data/MetaHIT_Gut/spanish-healthy/V1.UC37.0/V1.UC37.0-spades-assembly/V1.UC37.0-scaffolds.fasta
V1.UC41.0,/tigress/DONIA/data/MetaHIT_Gut/spanish-healthy/V1.UC41.0/V1.UC41.0-spades-assembly/V1.UC41.0-scaffolds.fasta
V1.UC42.0,/tigress/DONIA/data/MetaHIT_Gut/spanish-healthy/V1.UC42.0/V1.UC42.0-spades-assembly/V1.UC42.0-scaffolds.fasta
V1.UC43.0,/tigress/DONIA/data/MetaHIT_Gut/spanish-healthy/V1.UC43.0/V1.UC43.0-spades-assembly/V1.UC43.0-scaffolds.fasta
V1.UC44.0,/tigress/DONIA/data/MetaHIT_Gut/spanish-healthy/V1.UC44.0/V1.UC44.0-spades-assembly/V1.UC44.0-scaffolds.fasta
V1.UC46.0,/tigress/DONIA/data/MetaHIT_Gut/spanish-healthy/V1.UC46.0/V1.UC46.0-spades-assembly/V1.UC46.0-scaffolds.fasta
V1.UC48.0,/tigress/DONIA/data/MetaHIT_Gut/spanish-healthy/V1.UC48.0/V1.UC48.0-spades-assembly/V1.UC48.0-scaffolds.fasta
V1.UC57.0,/tigress/DONIA/data/MetaHIT_Gut/spanish-healthy/V1.UC57.0/V1.UC57.0-spades-assembly/V1.UC57.0-scaffolds.fasta
V1.UC6.0,/tigress/DONIA/data/MetaHIT_Gut/spanish-healthy/V1.UC6.0/V1.UC6.0-spades-assembly/V1.UC6.0-scaffolds.fasta
V1.UC61.0,/tigress/DONIA/data/MetaHIT_Gut/spanish-healthy/V1.UC61.0/V1.UC61.0-spades-assembly/V1.UC61.0-scaffolds.fasta
V1.UC62.0,/tigress/DONIA/data/MetaHIT_Gut/spanish-healthy/V1.UC62.0/V1.UC62.0-spades-assembly/V1.UC62.0-scaffolds.fasta
V1.UC7.0,/tigress/DONIA/data/MetaHIT_Gut/spanish-healthy/V1.UC7.0/V1.UC7.0-spades-assembly/V1.UC7.0-scaffolds.fasta
V1.UC8.0,/tigress/DONIA/data/MetaHIT_Gut/spanish-healthy/V1.UC8.0/V1.UC8.0-spades-assembly/V1.UC8.0-scaffolds.fasta
V1.UC9.0,/tigress/DONIA/data/MetaHIT_Gut/spanish-healthy/V1.UC9.0/V1.UC9.0-spades-assembly/V1.UC9.0-scaffolds.fasta
O2.UC1.0,/tigress/DONIA/data/MetaHIT_Gut/spanish-UC/O2.UC1.0/O2.UC1.0-spades-assembly/O2.UC1.0-scaffolds.fasta
O2.UC11.0,/tigress/DONIA/data/MetaHIT_Gut/spanish-UC/O2.UC11.0/O2.UC11.0-spades-assembly/O2.UC11.0-scaffolds.fasta
O2.UC11.2,/tigress/DONIA/data/MetaHIT_Gut/spanish-UC/O2.UC11.2/O2.UC11.2-spades-assembly/O2.UC11.2-scaffolds.fasta
O2.UC12.0,/tigress/DONIA/data/MetaHIT_Gut/spanish-UC/O2.UC12.0/O2.UC12.0-spades-assembly/O2.UC12.0-scaffolds.fasta
O2.UC12.2,/tigress/DONIA/data/MetaHIT_Gut/spanish-UC/O2.UC12.2/O2.UC12.2-spades-assembly/O2.UC12.2-scaffolds.fasta
O2.UC1.2,/tigress/DONIA/data/MetaHIT_Gut/spanish-UC/O2.UC1.2/O2.UC1.2-spades-assembly/O2.UC1.2-scaffolds.fasta
O2.UC13.0,/tigress/DONIA/data/MetaHIT_Gut/spanish-UC/O2.UC13.0/O2.UC13.0-spades-assembly/O2.UC13.0-scaffolds.fasta
O2.UC13.2,/tigress/DONIA/data/MetaHIT_Gut/spanish-UC/O2.UC13.2/O2.UC13.2-spades-assembly/O2.UC13.2-scaffolds.fasta
O2.UC14.0,/tigress/DONIA/data/MetaHIT_Gut/spanish-UC/O2.UC14.0/O2.UC14.0-spades-assembly/O2.UC14.0-scaffolds.fasta
O2.UC14.2,/tigress/DONIA/data/MetaHIT_Gut/spanish-UC/O2.UC14.2/O2.UC14.2-spades-assembly/O2.UC14.2-scaffolds.fasta
O2.UC16.0,/tigress/DONIA/data/MetaHIT_Gut/spanish-UC/O2.UC16.0/O2.UC16.0-spades-assembly/O2.UC16.0-scaffolds.fasta
O2.UC16.2,/tigress/DONIA/data/MetaHIT_Gut/spanish-UC/O2.UC16.2/O2.UC16.2-spades-assembly/O2.UC16.2-scaffolds.fasta
O2.UC17.0,/tigress/DONIA/data/MetaHIT_Gut/spanish-UC/O2.UC17.0/O2.UC17.0-spades-assembly/O2.UC17.0-scaffolds.fasta
O2.UC17.2,/tigress/DONIA/data/MetaHIT_Gut/spanish-UC/O2.UC17.2/O2.UC17.2-spades-assembly/O2.UC17.2-scaffolds.fasta
O2.UC18.0,/tigress/DONIA/data/MetaHIT_Gut/spanish-UC/O2.UC18.0/O2.UC18.0-spades-assembly/O2.UC18.0-scaffolds.fasta
O2.UC18.2,/tigress/DONIA/data/MetaHIT_Gut/spanish-UC/O2.UC18.2/O2.UC18.2-spades-assembly/O2.UC18.2-scaffolds.fasta
O2.UC19.0,/tigress/DONIA/data/MetaHIT_Gut/spanish-UC/O2.UC19.0/O2.UC19.0-spades-assembly/O2.UC19.0-scaffolds.fasta
O2.UC19.2,/tigress/DONIA/data/MetaHIT_Gut/spanish-UC/O2.UC19.2/O2.UC19.2-spades-assembly/O2.UC19.2-scaffolds.fasta
O2.UC20.0,/tigress/DONIA/data/MetaHIT_Gut/spanish-UC/O2.UC20.0/O2.UC20.0-spades-assembly/O2.UC20.0-scaffolds.fasta
O2.UC20.2,/tigress/DONIA/data/MetaHIT_Gut/spanish-UC/O2.UC20.2/O2.UC20.2-spades-assembly/O2.UC20.2-scaffolds.fasta
O2.UC2.0,/tigress/DONIA/data/MetaHIT_Gut/spanish-UC/O2.UC2.0/O2.UC2.0-spades-assembly/O2.UC2.0-scaffolds.fasta
O2.UC21.0,/tigress/DONIA/data/MetaHIT_Gut/spanish-UC/O2.UC21.0/O2.UC21.0-spades-assembly/O2.UC21.0-scaffolds.fasta
O2.UC21.2,/tigress/DONIA/data/MetaHIT_Gut/spanish-UC/O2.UC21.2/O2.UC21.2-spades-assembly/O2.UC21.2-scaffolds.fasta
O2.UC22.0,/tigress/DONIA/data/MetaHIT_Gut/spanish-UC/O2.UC22.0/O2.UC22.0-spades-assembly/O2.UC22.0-scaffolds.fasta
O2.UC22.2,/tigress/DONIA/data/MetaHIT_Gut/spanish-UC/O2.UC22.2/O2.UC22.2-spades-assembly/O2.UC22.2-scaffolds.fasta
O2.UC2.2,/tigress/DONIA/data/MetaHIT_Gut/spanish-UC/O2.UC2.2/O2.UC2.2-spades-assembly/O2.UC2.2-scaffolds.fasta
O2.UC23.0,/tigress/DONIA/data/MetaHIT_Gut/spanish-UC/O2.UC23.0/O2.UC23.0-spades-assembly/O2.UC23.0-scaffolds.fasta
O2.UC23.2,/tigress/DONIA/data/MetaHIT_Gut/spanish-UC/O2.UC23.2/O2.UC23.2-spades-assembly/O2.UC23.2-scaffolds.fasta
O2.UC24.0,/tigress/DONIA/data/MetaHIT_Gut/spanish-UC/O2.UC24.0/O2.UC24.0-spades-assembly/O2.UC24.0-scaffolds.fasta
O2.UC24.2,/tigress/DONIA/data/MetaHIT_Gut/spanish-UC/O2.UC24.2/O2.UC24.2-spades-assembly/O2.UC24.2-scaffolds.fasta
O2.UC26.0,/tigress/DONIA/data/MetaHIT_Gut/spanish-UC/O2.UC26.0/O2.UC26.0-spades-assembly/O2.UC26.0-scaffolds.fasta
O2.UC26.2,/tigress/DONIA/data/MetaHIT_Gut/spanish-UC/O2.UC26.2/O2.UC26.2-spades-assembly/O2.UC26.2-scaffolds.fasta
O2.UC27.0,/tigress/DONIA/data/MetaHIT_Gut/spanish-UC/O2.UC27.0/O2.UC27.0-spades-assembly/O2.UC27.0-scaffolds.fasta
O2.UC27.2,/tigress/DONIA/data/MetaHIT_Gut/spanish-UC/O2.UC27.2/O2.UC27.2-spades-assembly/O2.UC27.2-scaffolds.fasta
O2.UC29.0,/tigress/DONIA/data/MetaHIT_Gut/spanish-UC/O2.UC29.0/O2.UC29.0-spades-assembly/O2.UC29.0-scaffolds.fasta
O2.UC29.2,/tigress/DONIA/data/MetaHIT_Gut/spanish-UC/O2.UC29.2/O2.UC29.2-spades-assembly/O2.UC29.2-scaffolds.fasta
O2.UC30.0,/tigress/DONIA/data/MetaHIT_Gut/spanish-UC/O2.UC30.0/O2.UC30.0-spades-assembly/O2.UC30.0-scaffolds.fasta
O2.UC30.2,/tigress/DONIA/data/MetaHIT_Gut/spanish-UC/O2.UC30.2/O2.UC30.2-spades-assembly/O2.UC30.2-scaffolds.fasta
O2.UC3.0,/tigress/DONIA/data/MetaHIT_Gut/spanish-UC/O2.UC3.0/O2.UC3.0-spades-assembly/O2.UC3.0-scaffolds.fasta
O2.UC31.0,/tigress/DONIA/data/MetaHIT_Gut/spanish-UC/O2.UC31.0/O2.UC31.0-spades-assembly/O2.UC31.0-scaffolds.fasta
O2.UC31.2,/tigress/DONIA/data/MetaHIT_Gut/spanish-UC/O2.UC31.2/O2.UC31.2-spades-assembly/O2.UC31.2-scaffolds.fasta
O2.UC32.0,/tigress/DONIA/data/MetaHIT_Gut/spanish-UC/O2.UC32.0/O2.UC32.0-spades-assembly/O2.UC32.0-scaffolds.fasta
O2.UC32.2,/tigress/DONIA/data/MetaHIT_Gut/spanish-UC/O2.UC32.2/O2.UC32.2-spades-assembly/O2.UC32.2-scaffolds.fasta
O2.UC3.2,/tigress/DONIA/data/MetaHIT_Gut/spanish-UC/O2.UC3.2/O2.UC3.2-spades-assembly/O2.UC3.2-scaffolds.fasta
O2.UC34.0,/tigress/DONIA/data/MetaHIT_Gut/spanish-UC/O2.UC34.0/O2.UC34.0-spades-assembly/O2.UC34.0-scaffolds.fasta
O2.UC34.2,/tigress/DONIA/data/MetaHIT_Gut/spanish-UC/O2.UC34.2/O2.UC34.2-spades-assembly/O2.UC34.2-scaffolds.fasta
O2.UC35.0,/tigress/DONIA/data/MetaHIT_Gut/spanish-UC/O2.UC35.0/O2.UC35.0-spades-assembly/O2.UC35.0-scaffolds.fasta
O2.UC35.2,/tigress/DONIA/data/MetaHIT_Gut/spanish-UC/O2.UC35.2/O2.UC35.2-spades-assembly/O2.UC35.2-scaffolds.fasta
O2.UC36.2,/tigress/DONIA/data/MetaHIT_Gut/spanish-UC/O2.UC36.2/O2.UC36.2-spades-assembly/O2.UC36.2-scaffolds.fasta
O2.UC37.0,/tigress/DONIA/data/MetaHIT_Gut/spanish-UC/O2.UC37.0/O2.UC37.0-spades-assembly/O2.UC37.0-scaffolds.fasta
O2.UC37.2,/tigress/DONIA/data/MetaHIT_Gut/spanish-UC/O2.UC37.2/O2.UC37.2-spades-assembly/O2.UC37.2-scaffolds.fasta
O2.UC38.0,/tigress/DONIA/data/MetaHIT_Gut/spanish-UC/O2.UC38.0/O2.UC38.0-spades-assembly/O2.UC38.0-scaffolds.fasta
O2.UC38.2,/tigress/DONIA/data/MetaHIT_Gut/spanish-UC/O2.UC38.2/O2.UC38.2-spades-assembly/O2.UC38.2-scaffolds.fasta
O2.UC40.0,/tigress/DONIA/data/MetaHIT_Gut/spanish-UC/O2.UC40.0/O2.UC40.0-spades-assembly/O2.UC40.0-scaffolds.fasta
O2.UC40.2,/tigress/DONIA/data/MetaHIT_Gut/spanish-UC/O2.UC40.2/O2.UC40.2-spades-assembly/O2.UC40.2-scaffolds.fasta
O2.UC4.0,/tigress/DONIA/data/MetaHIT_Gut/spanish-UC/O2.UC4.0/O2.UC4.0-spades-assembly/O2.UC4.0-scaffolds.fasta
O2.UC41.0,/tigress/DONIA/data/MetaHIT_Gut/spanish-UC/O2.UC41.0/O2.UC41.0-spades-assembly/O2.UC41.0-scaffolds.fasta
O2.UC41.2,/tigress/DONIA/data/MetaHIT_Gut/spanish-UC/O2.UC41.2/O2.UC41.2-spades-assembly/O2.UC41.2-scaffolds.fasta
O2.UC4.2,/tigress/DONIA/data/MetaHIT_Gut/spanish-UC/O2.UC4.2/O2.UC4.2-spades-assembly/O2.UC4.2-scaffolds.fasta
O2.UC43.0,/tigress/DONIA/data/MetaHIT_Gut/spanish-UC/O2.UC43.0/O2.UC43.0-spades-assembly/O2.UC43.0-scaffolds.fasta
O2.UC43.2,/tigress/DONIA/data/MetaHIT_Gut/spanish-UC/O2.UC43.2/O2.UC43.2-spades-assembly/O2.UC43.2-scaffolds.fasta
O2.UC44.0,/tigress/DONIA/data/MetaHIT_Gut/spanish-UC/O2.UC44.0/O2.UC44.0-spades-assembly/O2.UC44.0-scaffolds.fasta
O2.UC44.2,/tigress/DONIA/data/MetaHIT_Gut/spanish-UC/O2.UC44.2/O2.UC44.2-spades-assembly/O2.UC44.2-scaffolds.fasta
O2.UC46.0,/tigress/DONIA/data/MetaHIT_Gut/spanish-UC/O2.UC46.0/O2.UC46.0-spades-assembly/O2.UC46.0-scaffolds.fasta
O2.UC46.2,/tigress/DONIA/data/MetaHIT_Gut/spanish-UC/O2.UC46.2/O2.UC46.2-spades-assembly/O2.UC46.2-scaffolds.fasta
O2.UC47.0,/tigress/DONIA/data/MetaHIT_Gut/spanish-UC/O2.UC47.0/O2.UC47.0-spades-assembly/O2.UC47.0-scaffolds.fasta
O2.UC47.2,/tigress/DONIA/data/MetaHIT_Gut/spanish-UC/O2.UC47.2/O2.UC47.2-spades-assembly/O2.UC47.2-scaffolds.fasta
O2.UC48.0,/tigress/DONIA/data/MetaHIT_Gut/spanish-UC/O2.UC48.0/O2.UC48.0-spades-assembly/O2.UC48.0-scaffolds.fasta
O2.UC48.2,/tigress/DONIA/data/MetaHIT_Gut/spanish-UC/O2.UC48.2/O2.UC48.2-spades-assembly/O2.UC48.2-scaffolds.fasta
O2.UC5.0,/tigress/DONIA/data/MetaHIT_Gut/spanish-UC/O2.UC5.0/O2.UC5.0-spades-assembly/O2.UC5.0-scaffolds.fasta
O2.UC5.2,/tigress/DONIA/data/MetaHIT_Gut/spanish-UC/O2.UC5.2/O2.UC5.2-spades-assembly/O2.UC5.2-scaffolds.fasta
O2.UC9.0,/tigress/DONIA/data/MetaHIT_Gut/spanish-UC/O2.UC9.0/O2.UC9.0-spades-assembly/O2.UC9.0-scaffolds.fasta
O2.UC9.2,/tigress/DONIA/data/MetaHIT_Gut/spanish-UC/O2.UC9.2/O2.UC9.2-spades-assembly/O2.UC9.2-scaffolds.fasta
V1.UC10.0,/tigress/DONIA/data/MetaHIT_Gut/spanish-UC/V1.UC10.0/V1.UC10.0-spades-assembly/V1.UC10.0-scaffolds.fasta
V1.UC10.2,/tigress/DONIA/data/MetaHIT_Gut/spanish-UC/V1.UC10.2/V1.UC10.2-spades-assembly/V1.UC10.2-scaffolds.fasta
V1.UC1.0,/tigress/DONIA/data/MetaHIT_Gut/spanish-UC/V1.UC1.0/V1.UC1.0-spades-assembly/V1.UC1.0-scaffolds.fasta
V1.UC11.0,/tigress/DONIA/data/MetaHIT_Gut/spanish-UC/V1.UC11.0/V1.UC11.0-spades-assembly/V1.UC11.0-scaffolds.fasta
V1.UC11.5,/tigress/DONIA/data/MetaHIT_Gut/spanish-UC/V1.UC11.5/V1.UC11.5-spades-assembly/V1.UC11.5-scaffolds.fasta
V1.UC12.0,/tigress/DONIA/data/MetaHIT_Gut/spanish-UC/V1.UC12.0/V1.UC12.0-spades-assembly/V1.UC12.0-scaffolds.fasta
V1.UC12.4,/tigress/DONIA/data/MetaHIT_Gut/spanish-UC/V1.UC12.4/V1.UC12.4-spades-assembly/V1.UC12.4-scaffolds.fasta
V1.UC13.0,/tigress/DONIA/data/MetaHIT_Gut/spanish-UC/V1.UC13.0/V1.UC13.0-spades-assembly/V1.UC13.0-scaffolds.fasta
V1.UC13.3,/tigress/DONIA/data/MetaHIT_Gut/spanish-UC/V1.UC13.3/V1.UC13.3-spades-assembly/V1.UC13.3-scaffolds.fasta
V1.UC14.0,/tigress/DONIA/data/MetaHIT_Gut/spanish-UC/V1.UC14.0/V1.UC14.0-spades-assembly/V1.UC14.0-scaffolds.fasta
V1.UC14.1,/tigress/DONIA/data/MetaHIT_Gut/spanish-UC/V1.UC14.1/V1.UC14.1-spades-assembly/V1.UC14.1-scaffolds.fasta
V1.UC15.0,/tigress/DONIA/data/MetaHIT_Gut/spanish-UC/V1.UC15.0/V1.UC15.0-spades-assembly/V1.UC15.0-scaffolds.fasta
V1.UC15.3,/tigress/DONIA/data/MetaHIT_Gut/spanish-UC/V1.UC15.3/V1.UC15.3-spades-assembly/V1.UC15.3-scaffolds.fasta
V1.UC17.0,/tigress/DONIA/data/MetaHIT_Gut/spanish-UC/V1.UC17.0/V1.UC17.0-spades-assembly/V1.UC17.0-scaffolds.fasta
V1.UC17.2,/tigress/DONIA/data/MetaHIT_Gut/spanish-UC/V1.UC17.2/V1.UC17.2-spades-assembly/V1.UC17.2-scaffolds.fasta
V1.UC2.0,/tigress/DONIA/data/MetaHIT_Gut/spanish-UC/V1.UC2.0/V1.UC2.0-spades-assembly/V1.UC2.0-scaffolds.fasta
V1.UC21.0,/tigress/DONIA/data/MetaHIT_Gut/spanish-UC/V1.UC21.0/V1.UC21.0-spades-assembly/V1.UC21.0-scaffolds.fasta
V1.UC21.4,/tigress/DONIA/data/MetaHIT_Gut/spanish-UC/V1.UC21.4/V1.UC21.4-spades-assembly/V1.UC21.4-scaffolds.fasta
V1.UC23.0,/tigress/DONIA/data/MetaHIT_Gut/spanish-UC/V1.UC23.0/V1.UC23.0-spades-assembly/V1.UC23.0-scaffolds.fasta
V1.UC23.1,/tigress/DONIA/data/MetaHIT_Gut/spanish-UC/V1.UC23.1/V1.UC23.1-spades-assembly/V1.UC23.1-scaffolds.fasta
V1.UC2.4,/tigress/DONIA/data/MetaHIT_Gut/spanish-UC/V1.UC2.4/V1.UC2.4-spades-assembly/V1.UC2.4-scaffolds.fasta
V1.UC25.0,/tigress/DONIA/data/MetaHIT_Gut/spanish-UC/V1.UC25.0/V1.UC25.0-spades-assembly/V1.UC25.0-scaffolds.fasta
V1.UC25.1,/tigress/DONIA/data/MetaHIT_Gut/spanish-UC/V1.UC25.1/V1.UC25.1-spades-assembly/V1.UC25.1-scaffolds.fasta
V1.UC26.0,/tigress/DONIA/data/MetaHIT_Gut/spanish-UC/V1.UC26.0/V1.UC26.0-spades-assembly/V1.UC26.0-scaffolds.fasta
V1.UC26.4,/tigress/DONIA/data/MetaHIT_Gut/spanish-UC/V1.UC26.4/V1.UC26.4-spades-assembly/V1.UC26.4-scaffolds.fasta
V1.UC3.0,/tigress/DONIA/data/MetaHIT_Gut/spanish-UC/V1.UC3.0/V1.UC3.0-spades-assembly/V1.UC3.0-scaffolds.fasta
V1.UC31.0,/tigress/DONIA/data/MetaHIT_Gut/spanish-UC/V1.UC31.0/V1.UC31.0-spades-assembly/V1.UC31.0-scaffolds.fasta
V1.UC31.4,/tigress/DONIA/data/MetaHIT_Gut/spanish-UC/V1.UC31.4/V1.UC31.4-spades-assembly/V1.UC31.4-scaffolds.fasta
V1.UC3.2,/tigress/DONIA/data/MetaHIT_Gut/spanish-UC/V1.UC3.2/V1.UC3.2-spades-assembly/V1.UC3.2-scaffolds.fasta
V1.UC35.0,/tigress/DONIA/data/MetaHIT_Gut/spanish-UC/V1.UC35.0/V1.UC35.0-spades-assembly/V1.UC35.0-scaffolds.fasta
V1.UC35.4,/tigress/DONIA/data/MetaHIT_Gut/spanish-UC/V1.UC35.4/V1.UC35.4-spades-assembly/V1.UC35.4-scaffolds.fasta
V1.UC38.0,/tigress/DONIA/data/MetaHIT_Gut/spanish-UC/V1.UC38.0/V1.UC38.0-spades-assembly/V1.UC38.0-scaffolds.fasta
V1.UC39.0,/tigress/DONIA/data/MetaHIT_Gut/spanish-UC/V1.UC39.0/V1.UC39.0-spades-assembly/V1.UC39.0-scaffolds.fasta
V1.UC40.0,/tigress/DONIA/data/MetaHIT_Gut/spanish-UC/V1.UC40.0/V1.UC40.0-spades-assembly/V1.UC40.0-scaffolds.fasta
V1.UC4.0,/tigress/DONIA/data/MetaHIT_Gut/spanish-UC/V1.UC4.0/V1.UC4.0-spades-assembly/V1.UC4.0-scaffolds.fasta
V1.UC45.0,/tigress/DONIA/data/MetaHIT_Gut/spanish-UC/V1.UC45.0/V1.UC45.0-spades-assembly/V1.UC45.0-scaffolds.fasta
V1.UC4.5,/tigress/DONIA/data/MetaHIT_Gut/spanish-UC/V1.UC4.5/V1.UC4.5-spades-assembly/V1.UC4.5-scaffolds.fasta
V1.UC47.0,/tigress/DONIA/data/MetaHIT_Gut/spanish-UC/V1.UC47.0/V1.UC47.0-spades-assembly/V1.UC47.0-scaffolds.fasta
V1.UC49.0,/tigress/DONIA/data/MetaHIT_Gut/spanish-UC/V1.UC49.0/V1.UC49.0-spades-assembly/V1.UC49.0-scaffolds.fasta
V1.UC49.1,/tigress/DONIA/data/MetaHIT_Gut/spanish-UC/V1.UC49.1/V1.UC49.1-spades-assembly/V1.UC49.1-scaffolds.fasta
V1.UC50.1,/tigress/DONIA/data/MetaHIT_Gut/spanish-UC/V1.UC50.1/V1.UC50.1-spades-assembly/V1.UC50.1-scaffolds.fasta
V1.UC5.0,/tigress/DONIA/data/MetaHIT_Gut/spanish-UC/V1.UC5.0/V1.UC5.0-spades-assembly/V1.UC5.0-scaffolds.fasta
V1.UC51.0,/tigress/DONIA/data/MetaHIT_Gut/spanish-UC/V1.UC51.0/V1.UC51.0-spades-assembly/V1.UC51.0-scaffolds.fasta
V1.UC51.4,/tigress/DONIA/data/MetaHIT_Gut/spanish-UC/V1.UC51.4/V1.UC51.4-spades-assembly/V1.UC51.4-scaffolds.fasta
V1.UC52.0,/tigress/DONIA/data/MetaHIT_Gut/spanish-UC/V1.UC52.0/V1.UC52.0-spades-assembly/V1.UC52.0-scaffolds.fasta
V1.UC52.1,/tigress/DONIA/data/MetaHIT_Gut/spanish-UC/V1.UC52.1/V1.UC52.1-spades-assembly/V1.UC52.1-scaffolds.fasta
V1.UC53.0,/tigress/DONIA/data/MetaHIT_Gut/spanish-UC/V1.UC53.0/V1.UC53.0-spades-assembly/V1.UC53.0-scaffolds.fasta
V1.UC53.4,/tigress/DONIA/data/MetaHIT_Gut/spanish-UC/V1.UC53.4/V1.UC53.4-spades-assembly/V1.UC53.4-scaffolds.fasta
V1.UC5.3,/tigress/DONIA/data/MetaHIT_Gut/spanish-UC/V1.UC5.3/V1.UC5.3-spades-assembly/V1.UC5.3-scaffolds.fasta
V1.UC54.0,/tigress/DONIA/data/MetaHIT_Gut/spanish-UC/V1.UC54.0/V1.UC54.0-spades-assembly/V1.UC54.0-scaffolds.fasta
V1.UC55.0,/tigress/DONIA/data/MetaHIT_Gut/spanish-UC/V1.UC55.0/V1.UC55.0-spades-assembly/V1.UC55.0-scaffolds.fasta
V1.UC55.4,/tigress/DONIA/data/MetaHIT_Gut/spanish-UC/V1.UC55.4/V1.UC55.4-spades-assembly/V1.UC55.4-scaffolds.fasta
V1.UC56.0,/tigress/DONIA/data/MetaHIT_Gut/spanish-UC/V1.UC56.0/V1.UC56.0-spades-assembly/V1.UC56.0-scaffolds.fasta
V1.UC58.0,/tigress/DONIA/data/MetaHIT_Gut/spanish-UC/V1.UC58.0/V1.UC58.0-spades-assembly/V1.UC58.0-scaffolds.fasta
