ERR1430425-merged.fasta,/tigress/DONIA/data/T2D_Acarbose/GUT2D/AC_USD/2U001/visit-01/ERR1430425/ERR1430425-filtered-reads-fasta/ERR1430425-merged.fasta
ERR1430426-merged.fasta,/tigress/DONIA/data/T2D_Acarbose/GUT2D/AC_USD/2U001/visit-02/ERR1430426/ERR1430426-filtered-reads-fasta/ERR1430426-merged.fasta
ERR1430427-merged.fasta,/tigress/DONIA/data/T2D_Acarbose/GUT2D/AC_USD/2U001/visit-03/ERR1430427/ERR1430427-filtered-reads-fasta/ERR1430427-merged.fasta
ERR1430428-merged.fasta,/tigress/DONIA/data/T2D_Acarbose/GUT2D/AC_USD/2U001/visit-04/ERR1430428/ERR1430428-filtered-reads-fasta/ERR1430428-merged.fasta
ERR1430429-merged.fasta,/tigress/DONIA/data/T2D_Acarbose/GUT2D/AC_USD/2U002/visit-01/ERR1430429/ERR1430429-filtered-reads-fasta/ERR1430429-merged.fasta
ERR1430430-merged.fasta,/tigress/DONIA/data/T2D_Acarbose/GUT2D/AC_USD/2U002/visit-02/ERR1430430/ERR1430430-filtered-reads-fasta/ERR1430430-merged.fasta
ERR1430431-merged.fasta,/tigress/DONIA/data/T2D_Acarbose/GUT2D/AC_USD/2U002/visit-03/ERR1430431/ERR1430431-filtered-reads-fasta/ERR1430431-merged.fasta
ERR1430432-merged.fasta,/tigress/DONIA/data/T2D_Acarbose/GUT2D/AC_USD/2U002/visit-04/ERR1430432/ERR1430432-filtered-reads-fasta/ERR1430432-merged.fasta
ERR1430433-merged.fasta,/tigress/DONIA/data/T2D_Acarbose/GUT2D/AC_USD/2U003/visit-01/ERR1430433/ERR1430433-filtered-reads-fasta/ERR1430433-merged.fasta
ERR1430434-merged.fasta,/tigress/DONIA/data/T2D_Acarbose/GUT2D/AC_USD/2U003/visit-02/ERR1430434/ERR1430434-filtered-reads-fasta/ERR1430434-merged.fasta
ERR1430435-merged.fasta,/tigress/DONIA/data/T2D_Acarbose/GUT2D/AC_USD/2U003/visit-03/ERR1430435/ERR1430435-filtered-reads-fasta/ERR1430435-merged.fasta
ERR1430436-merged.fasta,/tigress/DONIA/data/T2D_Acarbose/GUT2D/AC_USD/2U003/visit-04/ERR1430436/ERR1430436-filtered-reads-fasta/ERR1430436-merged.fasta
ERR1430437-merged.fasta,/tigress/DONIA/data/T2D_Acarbose/GUT2D/AC_USD/2U004/visit-01/ERR1430437/ERR1430437-filtered-reads-fasta/ERR1430437-merged.fasta
ERR1430438-merged.fasta,/tigress/DONIA/data/T2D_Acarbose/GUT2D/AC_USD/2U004/visit-02/ERR1430438/ERR1430438-filtered-reads-fasta/ERR1430438-merged.fasta
ERR1430439-merged.fasta,/tigress/DONIA/data/T2D_Acarbose/GUT2D/AC_USD/2U004/visit-03/ERR1430439/ERR1430439-filtered-reads-fasta/ERR1430439-merged.fasta
ERR1430440-merged.fasta,/tigress/DONIA/data/T2D_Acarbose/GUT2D/AC_USD/2U004/visit-04/ERR1430440/ERR1430440-filtered-reads-fasta/ERR1430440-merged.fasta
ERR1430441-merged.fasta,/tigress/DONIA/data/T2D_Acarbose/GUT2D/AC_USD/2U005/visit-01/ERR1430441/ERR1430441-filtered-reads-fasta/ERR1430441-merged.fasta
ERR1430442-merged.fasta,/tigress/DONIA/data/T2D_Acarbose/GUT2D/AC_USD/2U005/visit-02/ERR1430442/ERR1430442-filtered-reads-fasta/ERR1430442-merged.fasta
ERR1430443-merged.fasta,/tigress/DONIA/data/T2D_Acarbose/GUT2D/AC_USD/2U005/visit-03/ERR1430443/ERR1430443-filtered-reads-fasta/ERR1430443-merged.fasta
ERR1430444-merged.fasta,/tigress/DONIA/data/T2D_Acarbose/GUT2D/AC_USD/2U005/visit-04/ERR1430444/ERR1430444-filtered-reads-fasta/ERR1430444-merged.fasta
ERR1430445-merged.fasta,/tigress/DONIA/data/T2D_Acarbose/GUT2D/AC_USD/2U007/visit-01/ERR1430445/ERR1430445-filtered-reads-fasta/ERR1430445-merged.fasta
ERR1430446-merged.fasta,/tigress/DONIA/data/T2D_Acarbose/GUT2D/AC_USD/2U007/visit-02/ERR1430446/ERR1430446-filtered-reads-fasta/ERR1430446-merged.fasta
ERR1430447-merged.fasta,/tigress/DONIA/data/T2D_Acarbose/GUT2D/AC_USD/2U007/visit-03/ERR1430447/ERR1430447-filtered-reads-fasta/ERR1430447-merged.fasta
ERR1430448-merged.fasta,/tigress/DONIA/data/T2D_Acarbose/GUT2D/AC_USD/2U007/visit-04/ERR1430448/ERR1430448-filtered-reads-fasta/ERR1430448-merged.fasta
ERR1430449-merged.fasta,/tigress/DONIA/data/T2D_Acarbose/GUT2D/AC_USD/2U008/visit-01/ERR1430449/ERR1430449-filtered-reads-fasta/ERR1430449-merged.fasta
ERR1430450-merged.fasta,/tigress/DONIA/data/T2D_Acarbose/GUT2D/AC_USD/2U008/visit-02/ERR1430450/ERR1430450-filtered-reads-fasta/ERR1430450-merged.fasta
ERR1430451-merged.fasta,/tigress/DONIA/data/T2D_Acarbose/GUT2D/AC_USD/2U008/visit-03/ERR1430451/ERR1430451-filtered-reads-fasta/ERR1430451-merged.fasta
ERR1430452-merged.fasta,/tigress/DONIA/data/T2D_Acarbose/GUT2D/AC_USD/2U008/visit-04/ERR1430452/ERR1430452-filtered-reads-fasta/ERR1430452-merged.fasta
ERR1430453-merged.fasta,/tigress/DONIA/data/T2D_Acarbose/GUT2D/AC_USD/2U009/visit-01/ERR1430453/ERR1430453-filtered-reads-fasta/ERR1430453-merged.fasta
ERR1430454-merged.fasta,/tigress/DONIA/data/T2D_Acarbose/GUT2D/AC_USD/2U009/visit-02/ERR1430454/ERR1430454-filtered-reads-fasta/ERR1430454-merged.fasta
ERR1430455-merged.fasta,/tigress/DONIA/data/T2D_Acarbose/GUT2D/AC_USD/2U009/visit-03/ERR1430455/ERR1430455-filtered-reads-fasta/ERR1430455-merged.fasta
ERR1430456-merged.fasta,/tigress/DONIA/data/T2D_Acarbose/GUT2D/AC_USD/2U009/visit-04/ERR1430456/ERR1430456-filtered-reads-fasta/ERR1430456-merged.fasta
ERR1430457-merged.fasta,/tigress/DONIA/data/T2D_Acarbose/GUT2D/AC_USD/2U010/visit-01/ERR1430457/ERR1430457-filtered-reads-fasta/ERR1430457-merged.fasta
ERR1430458-merged.fasta,/tigress/DONIA/data/T2D_Acarbose/GUT2D/AC_USD/2U010/visit-02/ERR1430458/ERR1430458-filtered-reads-fasta/ERR1430458-merged.fasta
ERR1430459-merged.fasta,/tigress/DONIA/data/T2D_Acarbose/GUT2D/AC_USD/2U010/visit-03/ERR1430459/ERR1430459-filtered-reads-fasta/ERR1430459-merged.fasta
ERR1430460-merged.fasta,/tigress/DONIA/data/T2D_Acarbose/GUT2D/AC_USD/2U010/visit-04/ERR1430460/ERR1430460-filtered-reads-fasta/ERR1430460-merged.fasta
ERR1430461-merged.fasta,/tigress/DONIA/data/T2D_Acarbose/GUT2D/AC_USD/2U011/visit-01/ERR1430461/ERR1430461-filtered-reads-fasta/ERR1430461-merged.fasta
ERR1430462-merged.fasta,/tigress/DONIA/data/T2D_Acarbose/GUT2D/AC_USD/2U011/visit-02/ERR1430462/ERR1430462-filtered-reads-fasta/ERR1430462-merged.fasta
ERR1430463-merged.fasta,/tigress/DONIA/data/T2D_Acarbose/GUT2D/AC_USD/2U011/visit-03/ERR1430463/ERR1430463-filtered-reads-fasta/ERR1430463-merged.fasta
ERR1430464-merged.fasta,/tigress/DONIA/data/T2D_Acarbose/GUT2D/AC_USD/2U011/visit-04/ERR1430464/ERR1430464-filtered-reads-fasta/ERR1430464-merged.fasta
ERR1430465-merged.fasta,/tigress/DONIA/data/T2D_Acarbose/GUT2D/AC_USD/2U012/visit-01/ERR1430465/ERR1430465-filtered-reads-fasta/ERR1430465-merged.fasta
ERR1430466-merged.fasta,/tigress/DONIA/data/T2D_Acarbose/GUT2D/AC_USD/2U012/visit-02/ERR1430466/ERR1430466-filtered-reads-fasta/ERR1430466-merged.fasta
ERR1430467-merged.fasta,/tigress/DONIA/data/T2D_Acarbose/GUT2D/AC_USD/2U012/visit-03/ERR1430467/ERR1430467-filtered-reads-fasta/ERR1430467-merged.fasta
ERR1430468-merged.fasta,/tigress/DONIA/data/T2D_Acarbose/GUT2D/AC_USD/2U012/visit-04/ERR1430468/ERR1430468-filtered-reads-fasta/ERR1430468-merged.fasta
ERR1430469-merged.fasta,/tigress/DONIA/data/T2D_Acarbose/GUT2D/AC_USD/2U013/visit-01/ERR1430469/ERR1430469-filtered-reads-fasta/ERR1430469-merged.fasta
ERR1430470-merged.fasta,/tigress/DONIA/data/T2D_Acarbose/GUT2D/AC_USD/2U013/visit-02/ERR1430470/ERR1430470-filtered-reads-fasta/ERR1430470-merged.fasta
ERR1430471-merged.fasta,/tigress/DONIA/data/T2D_Acarbose/GUT2D/AC_USD/2U013/visit-03/ERR1430471/ERR1430471-filtered-reads-fasta/ERR1430471-merged.fasta
ERR1430472-merged.fasta,/tigress/DONIA/data/T2D_Acarbose/GUT2D/AC_USD/2U013/visit-04/ERR1430472/ERR1430472-filtered-reads-fasta/ERR1430472-merged.fasta
ERR1430473-merged.fasta,/tigress/DONIA/data/T2D_Acarbose/GUT2D/AC_USD/2U014/visit-01/ERR1430473/ERR1430473-filtered-reads-fasta/ERR1430473-merged.fasta
ERR1430474-merged.fasta,/tigress/DONIA/data/T2D_Acarbose/GUT2D/AC_USD/2U014/visit-02/ERR1430474/ERR1430474-filtered-reads-fasta/ERR1430474-merged.fasta
ERR1430475-merged.fasta,/tigress/DONIA/data/T2D_Acarbose/GUT2D/AC_USD/2U014/visit-03/ERR1430475/ERR1430475-filtered-reads-fasta/ERR1430475-merged.fasta
ERR1430476-merged.fasta,/tigress/DONIA/data/T2D_Acarbose/GUT2D/AC_USD/2U014/visit-04/ERR1430476/ERR1430476-filtered-reads-fasta/ERR1430476-merged.fasta
ERR1430477-merged.fasta,/tigress/DONIA/data/T2D_Acarbose/GUT2D/AC_USD/2U015/visit-01/ERR1430477/ERR1430477-filtered-reads-fasta/ERR1430477-merged.fasta
ERR1430478-merged.fasta,/tigress/DONIA/data/T2D_Acarbose/GUT2D/AC_USD/2U015/visit-02/ERR1430478/ERR1430478-filtered-reads-fasta/ERR1430478-merged.fasta
ERR1430479-merged.fasta,/tigress/DONIA/data/T2D_Acarbose/GUT2D/AC_USD/2U015/visit-03/ERR1430479/ERR1430479-filtered-reads-fasta/ERR1430479-merged.fasta
ERR1430480-merged.fasta,/tigress/DONIA/data/T2D_Acarbose/GUT2D/AC_USD/2U015/visit-04/ERR1430480/ERR1430480-filtered-reads-fasta/ERR1430480-merged.fasta
ERR1430481-merged.fasta,/tigress/DONIA/data/T2D_Acarbose/GUT2D/AC_USD/2U016/visit-01/ERR1430481/ERR1430481-filtered-reads-fasta/ERR1430481-merged.fasta
ERR1430482-merged.fasta,/tigress/DONIA/data/T2D_Acarbose/GUT2D/AC_USD/2U016/visit-02/ERR1430482/ERR1430482-filtered-reads-fasta/ERR1430482-merged.fasta
ERR1430483-merged.fasta,/tigress/DONIA/data/T2D_Acarbose/GUT2D/AC_USD/2U016/visit-03/ERR1430483/ERR1430483-filtered-reads-fasta/ERR1430483-merged.fasta
ERR1430484-merged.fasta,/tigress/DONIA/data/T2D_Acarbose/GUT2D/AC_USD/2U016/visit-04/ERR1430484/ERR1430484-filtered-reads-fasta/ERR1430484-merged.fasta
ERR1430541-merged.fasta,/tigress/DONIA/data/T2D_Acarbose/GUT2D/AC_USD/3U0010/visit-01/ERR1430541/ERR1430541-filtered-reads-fasta/ERR1430541-merged.fasta
ERR1430542-merged.fasta,/tigress/DONIA/data/T2D_Acarbose/GUT2D/AC_USD/3U0010/visit-02/ERR1430542/ERR1430542-filtered-reads-fasta/ERR1430542-merged.fasta
ERR1430543-merged.fasta,/tigress/DONIA/data/T2D_Acarbose/GUT2D/AC_USD/3U0010/visit-03/ERR1430543/ERR1430543-filtered-reads-fasta/ERR1430543-merged.fasta
ERR1430544-merged.fasta,/tigress/DONIA/data/T2D_Acarbose/GUT2D/AC_USD/3U0010/visit-04/ERR1430544/ERR1430544-filtered-reads-fasta/ERR1430544-merged.fasta
ERR1430397-merged.fasta,/tigress/DONIA/data/T2D_Acarbose/GUT2D/AC_WTPD/1W001/visit-01/ERR1430397/ERR1430397-filtered-reads-fasta/ERR1430397-merged.fasta
ERR1430398-merged.fasta,/tigress/DONIA/data/T2D_Acarbose/GUT2D/AC_WTPD/1W001/visit-02/ERR1430398/ERR1430398-filtered-reads-fasta/ERR1430398-merged.fasta
ERR1430399-merged.fasta,/tigress/DONIA/data/T2D_Acarbose/GUT2D/AC_WTPD/1W001/visit-03/ERR1430399/ERR1430399-filtered-reads-fasta/ERR1430399-merged.fasta
ERR1430400-merged.fasta,/tigress/DONIA/data/T2D_Acarbose/GUT2D/AC_WTPD/1W001/visit-04/ERR1430400/ERR1430400-filtered-reads-fasta/ERR1430400-merged.fasta
ERR1430401-merged.fasta,/tigress/DONIA/data/T2D_Acarbose/GUT2D/AC_WTPD/1W002/visit-01/ERR1430401/ERR1430401-filtered-reads-fasta/ERR1430401-merged.fasta
ERR1430402-merged.fasta,/tigress/DONIA/data/T2D_Acarbose/GUT2D/AC_WTPD/1W002/visit-02/ERR1430402/ERR1430402-filtered-reads-fasta/ERR1430402-merged.fasta
ERR1430403-merged.fasta,/tigress/DONIA/data/T2D_Acarbose/GUT2D/AC_WTPD/1W002/visit-03/ERR1430403/ERR1430403-filtered-reads-fasta/ERR1430403-merged.fasta
ERR1430404-merged.fasta,/tigress/DONIA/data/T2D_Acarbose/GUT2D/AC_WTPD/1W002/visit-04/ERR1430404/ERR1430404-filtered-reads-fasta/ERR1430404-merged.fasta
ERR1430405-merged.fasta,/tigress/DONIA/data/T2D_Acarbose/GUT2D/AC_WTPD/1W003/visit-01/ERR1430405/ERR1430405-filtered-reads-fasta/ERR1430405-merged.fasta
ERR1430406-merged.fasta,/tigress/DONIA/data/T2D_Acarbose/GUT2D/AC_WTPD/1W003/visit-02/ERR1430406/ERR1430406-filtered-reads-fasta/ERR1430406-merged.fasta
ERR1430407-merged.fasta,/tigress/DONIA/data/T2D_Acarbose/GUT2D/AC_WTPD/1W003/visit-03/ERR1430407/ERR1430407-filtered-reads-fasta/ERR1430407-merged.fasta
ERR1430408-merged.fasta,/tigress/DONIA/data/T2D_Acarbose/GUT2D/AC_WTPD/1W003/visit-04/ERR1430408/ERR1430408-filtered-reads-fasta/ERR1430408-merged.fasta
ERR1430409-merged.fasta,/tigress/DONIA/data/T2D_Acarbose/GUT2D/AC_WTPD/1W004/visit-01/ERR1430409/ERR1430409-filtered-reads-fasta/ERR1430409-merged.fasta
ERR1430410-merged.fasta,/tigress/DONIA/data/T2D_Acarbose/GUT2D/AC_WTPD/1W004/visit-02/ERR1430410/ERR1430410-filtered-reads-fasta/ERR1430410-merged.fasta
ERR1430411-merged.fasta,/tigress/DONIA/data/T2D_Acarbose/GUT2D/AC_WTPD/1W004/visit-03/ERR1430411/ERR1430411-filtered-reads-fasta/ERR1430411-merged.fasta
ERR1430412-merged.fasta,/tigress/DONIA/data/T2D_Acarbose/GUT2D/AC_WTPD/1W004/visit-04/ERR1430412/ERR1430412-filtered-reads-fasta/ERR1430412-merged.fasta
ERR1430413-merged.fasta,/tigress/DONIA/data/T2D_Acarbose/GUT2D/AC_WTPD/1W005/visit-01/ERR1430413/ERR1430413-filtered-reads-fasta/ERR1430413-merged.fasta
ERR1430414-merged.fasta,/tigress/DONIA/data/T2D_Acarbose/GUT2D/AC_WTPD/1W005/visit-02/ERR1430414/ERR1430414-filtered-reads-fasta/ERR1430414-merged.fasta
ERR1430415-merged.fasta,/tigress/DONIA/data/T2D_Acarbose/GUT2D/AC_WTPD/1W005/visit-03/ERR1430415/ERR1430415-filtered-reads-fasta/ERR1430415-merged.fasta
ERR1430416-merged.fasta,/tigress/DONIA/data/T2D_Acarbose/GUT2D/AC_WTPD/1W005/visit-04/ERR1430416/ERR1430416-filtered-reads-fasta/ERR1430416-merged.fasta
ERR1430417-merged.fasta,/tigress/DONIA/data/T2D_Acarbose/GUT2D/AC_WTPD/1W006/visit-01/ERR1430417/ERR1430417-filtered-reads-fasta/ERR1430417-merged.fasta
ERR1430418-merged.fasta,/tigress/DONIA/data/T2D_Acarbose/GUT2D/AC_WTPD/1W006/visit-02/ERR1430418/ERR1430418-filtered-reads-fasta/ERR1430418-merged.fasta
ERR1430419-merged.fasta,/tigress/DONIA/data/T2D_Acarbose/GUT2D/AC_WTPD/1W006/visit-03/ERR1430419/ERR1430419-filtered-reads-fasta/ERR1430419-merged.fasta
ERR1430420-merged.fasta,/tigress/DONIA/data/T2D_Acarbose/GUT2D/AC_WTPD/1W006/visit-04/ERR1430420/ERR1430420-filtered-reads-fasta/ERR1430420-merged.fasta
ERR1430421-merged.fasta,/tigress/DONIA/data/T2D_Acarbose/GUT2D/AC_WTPD/1W007/visit-01/ERR1430421/ERR1430421-filtered-reads-fasta/ERR1430421-merged.fasta
ERR1430422-merged.fasta,/tigress/DONIA/data/T2D_Acarbose/GUT2D/AC_WTPD/1W007/visit-02/ERR1430422/ERR1430422-filtered-reads-fasta/ERR1430422-merged.fasta
ERR1430423-merged.fasta,/tigress/DONIA/data/T2D_Acarbose/GUT2D/AC_WTPD/1W007/visit-03/ERR1430423/ERR1430423-filtered-reads-fasta/ERR1430423-merged.fasta
ERR1430424-merged.fasta,/tigress/DONIA/data/T2D_Acarbose/GUT2D/AC_WTPD/1W007/visit-04/ERR1430424/ERR1430424-filtered-reads-fasta/ERR1430424-merged.fasta
ERR1430485-merged.fasta,/tigress/DONIA/data/T2D_Acarbose/GUT2D/AC_WTPD/2W002/visit-01/ERR1430485/ERR1430485-filtered-reads-fasta/ERR1430485-merged.fasta
ERR1430486-merged.fasta,/tigress/DONIA/data/T2D_Acarbose/GUT2D/AC_WTPD/2W002/visit-02/ERR1430486/ERR1430486-filtered-reads-fasta/ERR1430486-merged.fasta
ERR1430487-merged.fasta,/tigress/DONIA/data/T2D_Acarbose/GUT2D/AC_WTPD/2W002/visit-03/ERR1430487/ERR1430487-filtered-reads-fasta/ERR1430487-merged.fasta
ERR1430488-merged.fasta,/tigress/DONIA/data/T2D_Acarbose/GUT2D/AC_WTPD/2W002/visit-04/ERR1430488/ERR1430488-filtered-reads-fasta/ERR1430488-merged.fasta
ERR1430489-merged.fasta,/tigress/DONIA/data/T2D_Acarbose/GUT2D/AC_WTPD/2W004/visit-01/ERR1430489/ERR1430489-filtered-reads-fasta/ERR1430489-merged.fasta
ERR1430490-merged.fasta,/tigress/DONIA/data/T2D_Acarbose/GUT2D/AC_WTPD/2W004/visit-02/ERR1430490/ERR1430490-filtered-reads-fasta/ERR1430490-merged.fasta
ERR1430491-merged.fasta,/tigress/DONIA/data/T2D_Acarbose/GUT2D/AC_WTPD/2W004/visit-03/ERR1430491/ERR1430491-filtered-reads-fasta/ERR1430491-merged.fasta
ERR1430492-merged.fasta,/tigress/DONIA/data/T2D_Acarbose/GUT2D/AC_WTPD/2W004/visit-04/ERR1430492/ERR1430492-filtered-reads-fasta/ERR1430492-merged.fasta
ERR1430493-merged.fasta,/tigress/DONIA/data/T2D_Acarbose/GUT2D/AC_WTPD/2W006/visit-01/ERR1430493/ERR1430493-filtered-reads-fasta/ERR1430493-merged.fasta
ERR1430494-merged.fasta,/tigress/DONIA/data/T2D_Acarbose/GUT2D/AC_WTPD/2W006/visit-02/ERR1430494/ERR1430494-filtered-reads-fasta/ERR1430494-merged.fasta
ERR1430495-merged.fasta,/tigress/DONIA/data/T2D_Acarbose/GUT2D/AC_WTPD/2W006/visit-03/ERR1430495/ERR1430495-filtered-reads-fasta/ERR1430495-merged.fasta
ERR1430496-merged.fasta,/tigress/DONIA/data/T2D_Acarbose/GUT2D/AC_WTPD/2W006/visit-04/ERR1430496/ERR1430496-filtered-reads-fasta/ERR1430496-merged.fasta
ERR1430497-merged.fasta,/tigress/DONIA/data/T2D_Acarbose/GUT2D/AC_WTPD/2W007/visit-01/ERR1430497/ERR1430497-filtered-reads-fasta/ERR1430497-merged.fasta
ERR1430498-merged.fasta,/tigress/DONIA/data/T2D_Acarbose/GUT2D/AC_WTPD/2W007/visit-02/ERR1430498/ERR1430498-filtered-reads-fasta/ERR1430498-merged.fasta
ERR1430499-merged.fasta,/tigress/DONIA/data/T2D_Acarbose/GUT2D/AC_WTPD/2W007/visit-03/ERR1430499/ERR1430499-filtered-reads-fasta/ERR1430499-merged.fasta
ERR1430500-merged.fasta,/tigress/DONIA/data/T2D_Acarbose/GUT2D/AC_WTPD/2W007/visit-04/ERR1430500/ERR1430500-filtered-reads-fasta/ERR1430500-merged.fasta
ERR1430501-merged.fasta,/tigress/DONIA/data/T2D_Acarbose/GUT2D/AC_WTPD/2W008/visit-01/ERR1430501/ERR1430501-filtered-reads-fasta/ERR1430501-merged.fasta
ERR1430502-merged.fasta,/tigress/DONIA/data/T2D_Acarbose/GUT2D/AC_WTPD/2W008/visit-02/ERR1430502/ERR1430502-filtered-reads-fasta/ERR1430502-merged.fasta
ERR1430503-merged.fasta,/tigress/DONIA/data/T2D_Acarbose/GUT2D/AC_WTPD/2W008/visit-03/ERR1430503/ERR1430503-filtered-reads-fasta/ERR1430503-merged.fasta
ERR1430504-merged.fasta,/tigress/DONIA/data/T2D_Acarbose/GUT2D/AC_WTPD/2W008/visit-04/ERR1430504/ERR1430504-filtered-reads-fasta/ERR1430504-merged.fasta
ERR1430505-merged.fasta,/tigress/DONIA/data/T2D_Acarbose/GUT2D/AC_WTPD/2W009/visit-01/ERR1430505/ERR1430505-filtered-reads-fasta/ERR1430505-merged.fasta
ERR1430506-merged.fasta,/tigress/DONIA/data/T2D_Acarbose/GUT2D/AC_WTPD/2W009/visit-02/ERR1430506/ERR1430506-filtered-reads-fasta/ERR1430506-merged.fasta
ERR1430507-merged.fasta,/tigress/DONIA/data/T2D_Acarbose/GUT2D/AC_WTPD/2W009/visit-03/ERR1430507/ERR1430507-filtered-reads-fasta/ERR1430507-merged.fasta
ERR1430508-merged.fasta,/tigress/DONIA/data/T2D_Acarbose/GUT2D/AC_WTPD/2W009/visit-04/ERR1430508/ERR1430508-filtered-reads-fasta/ERR1430508-merged.fasta
ERR1430509-merged.fasta,/tigress/DONIA/data/T2D_Acarbose/GUT2D/AC_WTPD/2W011/visit-01/ERR1430509/ERR1430509-filtered-reads-fasta/ERR1430509-merged.fasta
ERR1430510-merged.fasta,/tigress/DONIA/data/T2D_Acarbose/GUT2D/AC_WTPD/2W011/visit-02/ERR1430510/ERR1430510-filtered-reads-fasta/ERR1430510-merged.fasta
ERR1430511-merged.fasta,/tigress/DONIA/data/T2D_Acarbose/GUT2D/AC_WTPD/2W011/visit-03/ERR1430511/ERR1430511-filtered-reads-fasta/ERR1430511-merged.fasta
ERR1430512-merged.fasta,/tigress/DONIA/data/T2D_Acarbose/GUT2D/AC_WTPD/2W011/visit-04/ERR1430512/ERR1430512-filtered-reads-fasta/ERR1430512-merged.fasta
ERR1430513-merged.fasta,/tigress/DONIA/data/T2D_Acarbose/GUT2D/AC_WTPD/2W012/visit-01/ERR1430513/ERR1430513-filtered-reads-fasta/ERR1430513-merged.fasta
ERR1430514-merged.fasta,/tigress/DONIA/data/T2D_Acarbose/GUT2D/AC_WTPD/2W012/visit-02/ERR1430514/ERR1430514-filtered-reads-fasta/ERR1430514-merged.fasta
ERR1430515-merged.fasta,/tigress/DONIA/data/T2D_Acarbose/GUT2D/AC_WTPD/2W012/visit-03/ERR1430515/ERR1430515-filtered-reads-fasta/ERR1430515-merged.fasta
ERR1430516-merged.fasta,/tigress/DONIA/data/T2D_Acarbose/GUT2D/AC_WTPD/2W012/visit-04/ERR1430516/ERR1430516-filtered-reads-fasta/ERR1430516-merged.fasta
ERR1430517-merged.fasta,/tigress/DONIA/data/T2D_Acarbose/GUT2D/AC_WTPD/2W013/visit-01/ERR1430517/ERR1430517-filtered-reads-fasta/ERR1430517-merged.fasta
ERR1430518-merged.fasta,/tigress/DONIA/data/T2D_Acarbose/GUT2D/AC_WTPD/2W013/visit-02/ERR1430518/ERR1430518-filtered-reads-fasta/ERR1430518-merged.fasta
ERR1430519-merged.fasta,/tigress/DONIA/data/T2D_Acarbose/GUT2D/AC_WTPD/2W013/visit-03/ERR1430519/ERR1430519-filtered-reads-fasta/ERR1430519-merged.fasta
ERR1430520-merged.fasta,/tigress/DONIA/data/T2D_Acarbose/GUT2D/AC_WTPD/2W013/visit-04/ERR1430520/ERR1430520-filtered-reads-fasta/ERR1430520-merged.fasta
ERR1430521-merged.fasta,/tigress/DONIA/data/T2D_Acarbose/GUT2D/AC_WTPD/2W015/visit-01/ERR1430521/ERR1430521-filtered-reads-fasta/ERR1430521-merged.fasta
ERR1430522-merged.fasta,/tigress/DONIA/data/T2D_Acarbose/GUT2D/AC_WTPD/2W015/visit-02/ERR1430522/ERR1430522-filtered-reads-fasta/ERR1430522-merged.fasta
ERR1430523-merged.fasta,/tigress/DONIA/data/T2D_Acarbose/GUT2D/AC_WTPD/2W015/visit-03/ERR1430523/ERR1430523-filtered-reads-fasta/ERR1430523-merged.fasta
ERR1430524-merged.fasta,/tigress/DONIA/data/T2D_Acarbose/GUT2D/AC_WTPD/2W015/visit-04/ERR1430524/ERR1430524-filtered-reads-fasta/ERR1430524-merged.fasta
ERR1430525-merged.fasta,/tigress/DONIA/data/T2D_Acarbose/GUT2D/AC_WTPD/2W016/visit-01/ERR1430525/ERR1430525-filtered-reads-fasta/ERR1430525-merged.fasta
ERR1430526-merged.fasta,/tigress/DONIA/data/T2D_Acarbose/GUT2D/AC_WTPD/2W016/visit-02/ERR1430526/ERR1430526-filtered-reads-fasta/ERR1430526-merged.fasta
ERR1430527-merged.fasta,/tigress/DONIA/data/T2D_Acarbose/GUT2D/AC_WTPD/2W016/visit-03/ERR1430527/ERR1430527-filtered-reads-fasta/ERR1430527-merged.fasta
ERR1430528-merged.fasta,/tigress/DONIA/data/T2D_Acarbose/GUT2D/AC_WTPD/2W016/visit-04/ERR1430528/ERR1430528-filtered-reads-fasta/ERR1430528-merged.fasta
ERR1430529-merged.fasta,/tigress/DONIA/data/T2D_Acarbose/GUT2D/AC_WTPD/2W017/visit-01/ERR1430529/ERR1430529-filtered-reads-fasta/ERR1430529-merged.fasta
ERR1430530-merged.fasta,/tigress/DONIA/data/T2D_Acarbose/GUT2D/AC_WTPD/2W017/visit-02/ERR1430530/ERR1430530-filtered-reads-fasta/ERR1430530-merged.fasta
ERR1430531-merged.fasta,/tigress/DONIA/data/T2D_Acarbose/GUT2D/AC_WTPD/2W017/visit-03/ERR1430531/ERR1430531-filtered-reads-fasta/ERR1430531-merged.fasta
ERR1430532-merged.fasta,/tigress/DONIA/data/T2D_Acarbose/GUT2D/AC_WTPD/2W017/visit-04/ERR1430532/ERR1430532-filtered-reads-fasta/ERR1430532-merged.fasta
ERR1430533-merged.fasta,/tigress/DONIA/data/T2D_Acarbose/GUT2D/AC_WTPD/2W018/visit-01/ERR1430533/ERR1430533-filtered-reads-fasta/ERR1430533-merged.fasta
ERR1430534-merged.fasta,/tigress/DONIA/data/T2D_Acarbose/GUT2D/AC_WTPD/2W018/visit-02/ERR1430534/ERR1430534-filtered-reads-fasta/ERR1430534-merged.fasta
ERR1430535-merged.fasta,/tigress/DONIA/data/T2D_Acarbose/GUT2D/AC_WTPD/2W018/visit-03/ERR1430535/ERR1430535-filtered-reads-fasta/ERR1430535-merged.fasta
ERR1430536-merged.fasta,/tigress/DONIA/data/T2D_Acarbose/GUT2D/AC_WTPD/2W018/visit-04/ERR1430536/ERR1430536-filtered-reads-fasta/ERR1430536-merged.fasta
ERR1430537-merged.fasta,/tigress/DONIA/data/T2D_Acarbose/GUT2D/AC_WTPD/2W019/visit-01/ERR1430537/ERR1430537-filtered-reads-fasta/ERR1430537-merged.fasta
ERR1430538-merged.fasta,/tigress/DONIA/data/T2D_Acarbose/GUT2D/AC_WTPD/2W019/visit-02/ERR1430538/ERR1430538-filtered-reads-fasta/ERR1430538-merged.fasta
ERR1430539-merged.fasta,/tigress/DONIA/data/T2D_Acarbose/GUT2D/AC_WTPD/2W019/visit-03/ERR1430539/ERR1430539-filtered-reads-fasta/ERR1430539-merged.fasta
ERR1430540-merged.fasta,/tigress/DONIA/data/T2D_Acarbose/GUT2D/AC_WTPD/2W019/visit-04/ERR1430540/ERR1430540-filtered-reads-fasta/ERR1430540-merged.fasta
ERR1430545-merged.fasta,/tigress/DONIA/data/T2D_Acarbose/GUT2D/AC_WTPD/3W001/visit-01/ERR1430545/ERR1430545-filtered-reads-fasta/ERR1430545-merged.fasta
ERR1430546-merged.fasta,/tigress/DONIA/data/T2D_Acarbose/GUT2D/AC_WTPD/3W001/visit-02/ERR1430546/ERR1430546-filtered-reads-fasta/ERR1430546-merged.fasta
ERR1430547-merged.fasta,/tigress/DONIA/data/T2D_Acarbose/GUT2D/AC_WTPD/3W001/visit-03/ERR1430547/ERR1430547-filtered-reads-fasta/ERR1430547-merged.fasta
ERR1430548-merged.fasta,/tigress/DONIA/data/T2D_Acarbose/GUT2D/AC_WTPD/3W001/visit-04/ERR1430548/ERR1430548-filtered-reads-fasta/ERR1430548-merged.fasta
ERR1430549-merged.fasta,/tigress/DONIA/data/T2D_Acarbose/GUT2D/AC_WTPD/3W002/visit-01/ERR1430549/ERR1430549-filtered-reads-fasta/ERR1430549-merged.fasta
ERR1430550-merged.fasta,/tigress/DONIA/data/T2D_Acarbose/GUT2D/AC_WTPD/3W002/visit-02/ERR1430550/ERR1430550-filtered-reads-fasta/ERR1430550-merged.fasta
ERR1430551-merged.fasta,/tigress/DONIA/data/T2D_Acarbose/GUT2D/AC_WTPD/3W002/visit-03/ERR1430551/ERR1430551-filtered-reads-fasta/ERR1430551-merged.fasta
ERR1430552-merged.fasta,/tigress/DONIA/data/T2D_Acarbose/GUT2D/AC_WTPD/3W002/visit-04/ERR1430552/ERR1430552-filtered-reads-fasta/ERR1430552-merged.fasta
ERR1430553-merged.fasta,/tigress/DONIA/data/T2D_Acarbose/GUT2D/AC_WTPD/3W003/visit-01/ERR1430553/ERR1430553-filtered-reads-fasta/ERR1430553-merged.fasta
ERR1430554-merged.fasta,/tigress/DONIA/data/T2D_Acarbose/GUT2D/AC_WTPD/3W003/visit-02/ERR1430554/ERR1430554-filtered-reads-fasta/ERR1430554-merged.fasta
ERR1430555-merged.fasta,/tigress/DONIA/data/T2D_Acarbose/GUT2D/AC_WTPD/3W003/visit-03/ERR1430555/ERR1430555-filtered-reads-fasta/ERR1430555-merged.fasta
ERR1430556-merged.fasta,/tigress/DONIA/data/T2D_Acarbose/GUT2D/AC_WTPD/3W003/visit-04/ERR1430556/ERR1430556-filtered-reads-fasta/ERR1430556-merged.fasta
ERR1430557-merged.fasta,/tigress/DONIA/data/T2D_Acarbose/GUT2D/AC_WTPD/3W004/visit-01/ERR1430557/ERR1430557-filtered-reads-fasta/ERR1430557-merged.fasta
ERR1430558-merged.fasta,/tigress/DONIA/data/T2D_Acarbose/GUT2D/AC_WTPD/3W004/visit-02/ERR1430558/ERR1430558-filtered-reads-fasta/ERR1430558-merged.fasta
ERR1430559-merged.fasta,/tigress/DONIA/data/T2D_Acarbose/GUT2D/AC_WTPD/3W004/visit-03/ERR1430559/ERR1430559-filtered-reads-fasta/ERR1430559-merged.fasta
ERR1430560-merged.fasta,/tigress/DONIA/data/T2D_Acarbose/GUT2D/AC_WTPD/3W004/visit-04/ERR1430560/ERR1430560-filtered-reads-fasta/ERR1430560-merged.fasta
ERR1430561-merged.fasta,/tigress/DONIA/data/T2D_Acarbose/GUT2D/AC_WTPD/3W006/visit-01/ERR1430561/ERR1430561-filtered-reads-fasta/ERR1430561-merged.fasta
ERR1430562-merged.fasta,/tigress/DONIA/data/T2D_Acarbose/GUT2D/AC_WTPD/3W006/visit-02/ERR1430562/ERR1430562-filtered-reads-fasta/ERR1430562-merged.fasta
ERR1430563-merged.fasta,/tigress/DONIA/data/T2D_Acarbose/GUT2D/AC_WTPD/3W006/visit-03/ERR1430563/ERR1430563-filtered-reads-fasta/ERR1430563-merged.fasta
ERR1430564-merged.fasta,/tigress/DONIA/data/T2D_Acarbose/GUT2D/AC_WTPD/3W006/visit-04/ERR1430564/ERR1430564-filtered-reads-fasta/ERR1430564-merged.fasta
ERR1430565-merged.fasta,/tigress/DONIA/data/T2D_Acarbose/GUT2D/AC_WTPD/3W007/visit-01/ERR1430565/ERR1430565-filtered-reads-fasta/ERR1430565-merged.fasta
ERR1430566-merged.fasta,/tigress/DONIA/data/T2D_Acarbose/GUT2D/AC_WTPD/3W007/visit-02/ERR1430566/ERR1430566-filtered-reads-fasta/ERR1430566-merged.fasta
ERR1430567-merged.fasta,/tigress/DONIA/data/T2D_Acarbose/GUT2D/AC_WTPD/3W007/visit-03/ERR1430567/ERR1430567-filtered-reads-fasta/ERR1430567-merged.fasta
ERR1430568-merged.fasta,/tigress/DONIA/data/T2D_Acarbose/GUT2D/AC_WTPD/3W007/visit-04/ERR1430568/ERR1430568-filtered-reads-fasta/ERR1430568-merged.fasta
ERR1600573-merged.fasta,/tigress/DONIA/data/T2D_Acarbose/QIDONG/WTPD/W001/visit-01/ERR1600573/ERR1600573-filtered-reads-fasta/ERR1600573-merged.fasta
ERR1600683-merged.fasta,/tigress/DONIA/data/T2D_Acarbose/QIDONG/WTPD/W001/visit-02/ERR1600683/ERR1600683-filtered-reads-fasta/ERR1600683-merged.fasta
ERR1600574-merged.fasta,/tigress/DONIA/data/T2D_Acarbose/QIDONG/WTPD/W002/visit-01/ERR1600574/ERR1600574-filtered-reads-fasta/ERR1600574-merged.fasta
ERR1600684-merged.fasta,/tigress/DONIA/data/T2D_Acarbose/QIDONG/WTPD/W002/visit-02/ERR1600684/ERR1600684-filtered-reads-fasta/ERR1600684-merged.fasta
ERR1600575-merged.fasta,/tigress/DONIA/data/T2D_Acarbose/QIDONG/WTPD/W003/visit-01/ERR1600575/ERR1600575-filtered-reads-fasta/ERR1600575-merged.fasta
ERR1600685-merged.fasta,/tigress/DONIA/data/T2D_Acarbose/QIDONG/WTPD/W003/visit-02/ERR1600685/ERR1600685-filtered-reads-fasta/ERR1600685-merged.fasta
ERR1600576-merged.fasta,/tigress/DONIA/data/T2D_Acarbose/QIDONG/WTPD/W004/visit-01/ERR1600576/ERR1600576-filtered-reads-fasta/ERR1600576-merged.fasta
ERR1600686-merged.fasta,/tigress/DONIA/data/T2D_Acarbose/QIDONG/WTPD/W004/visit-02/ERR1600686/ERR1600686-filtered-reads-fasta/ERR1600686-merged.fasta
ERR1600577-merged.fasta,/tigress/DONIA/data/T2D_Acarbose/QIDONG/WTPD/W005/visit-01/ERR1600577/ERR1600577-filtered-reads-fasta/ERR1600577-merged.fasta
ERR1600687-merged.fasta,/tigress/DONIA/data/T2D_Acarbose/QIDONG/WTPD/W005/visit-02/ERR1600687/ERR1600687-filtered-reads-fasta/ERR1600687-merged.fasta
ERR1600578-merged.fasta,/tigress/DONIA/data/T2D_Acarbose/QIDONG/WTPD/W006/visit-01/ERR1600578/ERR1600578-filtered-reads-fasta/ERR1600578-merged.fasta
ERR1600688-merged.fasta,/tigress/DONIA/data/T2D_Acarbose/QIDONG/WTPD/W006/visit-02/ERR1600688/ERR1600688-filtered-reads-fasta/ERR1600688-merged.fasta
ERR1600579-merged.fasta,/tigress/DONIA/data/T2D_Acarbose/QIDONG/WTPD/W007/visit-01/ERR1600579/ERR1600579-filtered-reads-fasta/ERR1600579-merged.fasta
ERR1600689-merged.fasta,/tigress/DONIA/data/T2D_Acarbose/QIDONG/WTPD/W007/visit-02/ERR1600689/ERR1600689-filtered-reads-fasta/ERR1600689-merged.fasta
ERR1600580-merged.fasta,/tigress/DONIA/data/T2D_Acarbose/QIDONG/WTPD/W008/visit-01/ERR1600580/ERR1600580-filtered-reads-fasta/ERR1600580-merged.fasta
ERR1600690-merged.fasta,/tigress/DONIA/data/T2D_Acarbose/QIDONG/WTPD/W008/visit-02/ERR1600690/ERR1600690-filtered-reads-fasta/ERR1600690-merged.fasta
ERR1600581-merged.fasta,/tigress/DONIA/data/T2D_Acarbose/QIDONG/WTPD/W009/visit-01/ERR1600581/ERR1600581-filtered-reads-fasta/ERR1600581-merged.fasta
ERR1600691-merged.fasta,/tigress/DONIA/data/T2D_Acarbose/QIDONG/WTPD/W009/visit-02/ERR1600691/ERR1600691-filtered-reads-fasta/ERR1600691-merged.fasta
ERR1600582-merged.fasta,/tigress/DONIA/data/T2D_Acarbose/QIDONG/WTPD/W010/visit-01/ERR1600582/ERR1600582-filtered-reads-fasta/ERR1600582-merged.fasta
ERR1600692-merged.fasta,/tigress/DONIA/data/T2D_Acarbose/QIDONG/WTPD/W010/visit-02/ERR1600692/ERR1600692-filtered-reads-fasta/ERR1600692-merged.fasta
ERR1600583-merged.fasta,/tigress/DONIA/data/T2D_Acarbose/QIDONG/WTPD/W011/visit-01/ERR1600583/ERR1600583-filtered-reads-fasta/ERR1600583-merged.fasta
ERR1600693-merged.fasta,/tigress/DONIA/data/T2D_Acarbose/QIDONG/WTPD/W011/visit-02/ERR1600693/ERR1600693-filtered-reads-fasta/ERR1600693-merged.fasta
ERR1600584-merged.fasta,/tigress/DONIA/data/T2D_Acarbose/QIDONG/WTPD/W012/visit-01/ERR1600584/ERR1600584-filtered-reads-fasta/ERR1600584-merged.fasta
ERR1600694-merged.fasta,/tigress/DONIA/data/T2D_Acarbose/QIDONG/WTPD/W012/visit-02/ERR1600694/ERR1600694-filtered-reads-fasta/ERR1600694-merged.fasta
ERR1600585-merged.fasta,/tigress/DONIA/data/T2D_Acarbose/QIDONG/WTPD/W014/visit-01/ERR1600585/ERR1600585-filtered-reads-fasta/ERR1600585-merged.fasta
ERR1600695-merged.fasta,/tigress/DONIA/data/T2D_Acarbose/QIDONG/WTPD/W014/visit-02/ERR1600695/ERR1600695-filtered-reads-fasta/ERR1600695-merged.fasta
ERR1600586-merged.fasta,/tigress/DONIA/data/T2D_Acarbose/QIDONG/WTPD/W015/visit-01/ERR1600586/ERR1600586-filtered-reads-fasta/ERR1600586-merged.fasta
ERR1600696-merged.fasta,/tigress/DONIA/data/T2D_Acarbose/QIDONG/WTPD/W015/visit-02/ERR1600696/ERR1600696-filtered-reads-fasta/ERR1600696-merged.fasta
ERR1600587-merged.fasta,/tigress/DONIA/data/T2D_Acarbose/QIDONG/WTPD/W017/visit-01/ERR1600587/ERR1600587-filtered-reads-fasta/ERR1600587-merged.fasta
ERR1600697-merged.fasta,/tigress/DONIA/data/T2D_Acarbose/QIDONG/WTPD/W017/visit-02/ERR1600697/ERR1600697-filtered-reads-fasta/ERR1600697-merged.fasta
ERR1600588-merged.fasta,/tigress/DONIA/data/T2D_Acarbose/QIDONG/WTPD/W018/visit-01/ERR1600588/ERR1600588-filtered-reads-fasta/ERR1600588-merged.fasta
ERR1600698-merged.fasta,/tigress/DONIA/data/T2D_Acarbose/QIDONG/WTPD/W018/visit-02/ERR1600698/ERR1600698-filtered-reads-fasta/ERR1600698-merged.fasta
ERR1600589-merged.fasta,/tigress/DONIA/data/T2D_Acarbose/QIDONG/WTPD/W019/visit-01/ERR1600589/ERR1600589-filtered-reads-fasta/ERR1600589-merged.fasta
ERR1600699-merged.fasta,/tigress/DONIA/data/T2D_Acarbose/QIDONG/WTPD/W019/visit-02/ERR1600699/ERR1600699-filtered-reads-fasta/ERR1600699-merged.fasta
ERR1600590-merged.fasta,/tigress/DONIA/data/T2D_Acarbose/QIDONG/WTPD/W020/visit-01/ERR1600590/ERR1600590-filtered-reads-fasta/ERR1600590-merged.fasta
ERR1600700-merged.fasta,/tigress/DONIA/data/T2D_Acarbose/QIDONG/WTPD/W020/visit-02/ERR1600700/ERR1600700-filtered-reads-fasta/ERR1600700-merged.fasta
ERR1600591-merged.fasta,/tigress/DONIA/data/T2D_Acarbose/QIDONG/WTPD/W021/visit-01/ERR1600591/ERR1600591-filtered-reads-fasta/ERR1600591-merged.fasta
ERR1600701-merged.fasta,/tigress/DONIA/data/T2D_Acarbose/QIDONG/WTPD/W021/visit-02/ERR1600701/ERR1600701-filtered-reads-fasta/ERR1600701-merged.fasta
ERR1600592-merged.fasta,/tigress/DONIA/data/T2D_Acarbose/QIDONG/WTPD/W022/visit-01/ERR1600592/ERR1600592-filtered-reads-fasta/ERR1600592-merged.fasta
ERR1600702-merged.fasta,/tigress/DONIA/data/T2D_Acarbose/QIDONG/WTPD/W022/visit-02/ERR1600702/ERR1600702-filtered-reads-fasta/ERR1600702-merged.fasta
ERR1600593-merged.fasta,/tigress/DONIA/data/T2D_Acarbose/QIDONG/WTPD/W023/visit-01/ERR1600593/ERR1600593-filtered-reads-fasta/ERR1600593-merged.fasta
ERR1600703-merged.fasta,/tigress/DONIA/data/T2D_Acarbose/QIDONG/WTPD/W023/visit-02/ERR1600703/ERR1600703-filtered-reads-fasta/ERR1600703-merged.fasta
ERR1600594-merged.fasta,/tigress/DONIA/data/T2D_Acarbose/QIDONG/WTPD/W024/visit-01/ERR1600594/ERR1600594-filtered-reads-fasta/ERR1600594-merged.fasta
ERR1600704-merged.fasta,/tigress/DONIA/data/T2D_Acarbose/QIDONG/WTPD/W024/visit-02/ERR1600704/ERR1600704-filtered-reads-fasta/ERR1600704-merged.fasta
ERR1600595-merged.fasta,/tigress/DONIA/data/T2D_Acarbose/QIDONG/WTPD/W025/visit-01/ERR1600595/ERR1600595-filtered-reads-fasta/ERR1600595-merged.fasta
ERR1600705-merged.fasta,/tigress/DONIA/data/T2D_Acarbose/QIDONG/WTPD/W025/visit-02/ERR1600705/ERR1600705-filtered-reads-fasta/ERR1600705-merged.fasta
ERR1600596-merged.fasta,/tigress/DONIA/data/T2D_Acarbose/QIDONG/WTPD/W026/visit-01/ERR1600596/ERR1600596-filtered-reads-fasta/ERR1600596-merged.fasta
ERR1600706-merged.fasta,/tigress/DONIA/data/T2D_Acarbose/QIDONG/WTPD/W026/visit-02/ERR1600706/ERR1600706-filtered-reads-fasta/ERR1600706-merged.fasta
ERR1600597-merged.fasta,/tigress/DONIA/data/T2D_Acarbose/QIDONG/WTPD/W027/visit-01/ERR1600597/ERR1600597-filtered-reads-fasta/ERR1600597-merged.fasta
ERR1600707-merged.fasta,/tigress/DONIA/data/T2D_Acarbose/QIDONG/WTPD/W027/visit-02/ERR1600707/ERR1600707-filtered-reads-fasta/ERR1600707-merged.fasta
ERR1600598-merged.fasta,/tigress/DONIA/data/T2D_Acarbose/QIDONG/WTPD/W028/visit-01/ERR1600598/ERR1600598-filtered-reads-fasta/ERR1600598-merged.fasta
ERR1600708-merged.fasta,/tigress/DONIA/data/T2D_Acarbose/QIDONG/WTPD/W028/visit-02/ERR1600708/ERR1600708-filtered-reads-fasta/ERR1600708-merged.fasta
ERR1600599-merged.fasta,/tigress/DONIA/data/T2D_Acarbose/QIDONG/WTPD/W029/visit-01/ERR1600599/ERR1600599-filtered-reads-fasta/ERR1600599-merged.fasta
ERR1600709-merged.fasta,/tigress/DONIA/data/T2D_Acarbose/QIDONG/WTPD/W029/visit-02/ERR1600709/ERR1600709-filtered-reads-fasta/ERR1600709-merged.fasta
ERR1600600-merged.fasta,/tigress/DONIA/data/T2D_Acarbose/QIDONG/WTPD/W030/visit-01/ERR1600600/ERR1600600-filtered-reads-fasta/ERR1600600-merged.fasta
ERR1600710-merged.fasta,/tigress/DONIA/data/T2D_Acarbose/QIDONG/WTPD/W030/visit-02/ERR1600710/ERR1600710-filtered-reads-fasta/ERR1600710-merged.fasta
ERR1600601-merged.fasta,/tigress/DONIA/data/T2D_Acarbose/QIDONG/WTPD/W031/visit-01/ERR1600601/ERR1600601-filtered-reads-fasta/ERR1600601-merged.fasta
ERR1600711-merged.fasta,/tigress/DONIA/data/T2D_Acarbose/QIDONG/WTPD/W031/visit-02/ERR1600711/ERR1600711-filtered-reads-fasta/ERR1600711-merged.fasta
ERR1600602-merged.fasta,/tigress/DONIA/data/T2D_Acarbose/QIDONG/WTPD/W032/visit-01/ERR1600602/ERR1600602-filtered-reads-fasta/ERR1600602-merged.fasta
ERR1600712-merged.fasta,/tigress/DONIA/data/T2D_Acarbose/QIDONG/WTPD/W032/visit-02/ERR1600712/ERR1600712-filtered-reads-fasta/ERR1600712-merged.fasta
ERR1600603-merged.fasta,/tigress/DONIA/data/T2D_Acarbose/QIDONG/WTPD/W033/visit-01/ERR1600603/ERR1600603-filtered-reads-fasta/ERR1600603-merged.fasta
ERR1600713-merged.fasta,/tigress/DONIA/data/T2D_Acarbose/QIDONG/WTPD/W033/visit-02/ERR1600713/ERR1600713-filtered-reads-fasta/ERR1600713-merged.fasta
ERR1600604-merged.fasta,/tigress/DONIA/data/T2D_Acarbose/QIDONG/WTPD/W034/visit-01/ERR1600604/ERR1600604-filtered-reads-fasta/ERR1600604-merged.fasta
ERR1600714-merged.fasta,/tigress/DONIA/data/T2D_Acarbose/QIDONG/WTPD/W034/visit-02/ERR1600714/ERR1600714-filtered-reads-fasta/ERR1600714-merged.fasta
ERR1600605-merged.fasta,/tigress/DONIA/data/T2D_Acarbose/QIDONG/WTPD/W036/visit-01/ERR1600605/ERR1600605-filtered-reads-fasta/ERR1600605-merged.fasta
ERR1600715-merged.fasta,/tigress/DONIA/data/T2D_Acarbose/QIDONG/WTPD/W036/visit-02/ERR1600715/ERR1600715-filtered-reads-fasta/ERR1600715-merged.fasta
ERR1600606-merged.fasta,/tigress/DONIA/data/T2D_Acarbose/QIDONG/WTPD/W037/visit-01/ERR1600606/ERR1600606-filtered-reads-fasta/ERR1600606-merged.fasta
ERR1600716-merged.fasta,/tigress/DONIA/data/T2D_Acarbose/QIDONG/WTPD/W037/visit-02/ERR1600716/ERR1600716-filtered-reads-fasta/ERR1600716-merged.fasta
ERR1600607-merged.fasta,/tigress/DONIA/data/T2D_Acarbose/QIDONG/WTPD/W038/visit-01/ERR1600607/ERR1600607-filtered-reads-fasta/ERR1600607-merged.fasta
ERR1600717-merged.fasta,/tigress/DONIA/data/T2D_Acarbose/QIDONG/WTPD/W038/visit-02/ERR1600717/ERR1600717-filtered-reads-fasta/ERR1600717-merged.fasta
ERR1600608-merged.fasta,/tigress/DONIA/data/T2D_Acarbose/QIDONG/WTPD/W039/visit-01/ERR1600608/ERR1600608-filtered-reads-fasta/ERR1600608-merged.fasta
ERR1600718-merged.fasta,/tigress/DONIA/data/T2D_Acarbose/QIDONG/WTPD/W039/visit-02/ERR1600718/ERR1600718-filtered-reads-fasta/ERR1600718-merged.fasta
ERR1600609-merged.fasta,/tigress/DONIA/data/T2D_Acarbose/QIDONG/WTPD/W040/visit-01/ERR1600609/ERR1600609-filtered-reads-fasta/ERR1600609-merged.fasta
ERR1600719-merged.fasta,/tigress/DONIA/data/T2D_Acarbose/QIDONG/WTPD/W040/visit-02/ERR1600719/ERR1600719-filtered-reads-fasta/ERR1600719-merged.fasta
ERR1600610-merged.fasta,/tigress/DONIA/data/T2D_Acarbose/QIDONG/WTPD/W042/visit-01/ERR1600610/ERR1600610-filtered-reads-fasta/ERR1600610-merged.fasta
ERR1600720-merged.fasta,/tigress/DONIA/data/T2D_Acarbose/QIDONG/WTPD/W042/visit-02/ERR1600720/ERR1600720-filtered-reads-fasta/ERR1600720-merged.fasta
ERR1600611-merged.fasta,/tigress/DONIA/data/T2D_Acarbose/QIDONG/WTPD/W043/visit-01/ERR1600611/ERR1600611-filtered-reads-fasta/ERR1600611-merged.fasta
ERR1600721-merged.fasta,/tigress/DONIA/data/T2D_Acarbose/QIDONG/WTPD/W043/visit-02/ERR1600721/ERR1600721-filtered-reads-fasta/ERR1600721-merged.fasta
ERR1600612-merged.fasta,/tigress/DONIA/data/T2D_Acarbose/QIDONG/WTPD/W045/visit-01/ERR1600612/ERR1600612-filtered-reads-fasta/ERR1600612-merged.fasta
ERR1600722-merged.fasta,/tigress/DONIA/data/T2D_Acarbose/QIDONG/WTPD/W045/visit-02/ERR1600722/ERR1600722-filtered-reads-fasta/ERR1600722-merged.fasta
ERR1600613-merged.fasta,/tigress/DONIA/data/T2D_Acarbose/QIDONG/WTPD/W046/visit-01/ERR1600613/ERR1600613-filtered-reads-fasta/ERR1600613-merged.fasta
ERR1600723-merged.fasta,/tigress/DONIA/data/T2D_Acarbose/QIDONG/WTPD/W046/visit-02/ERR1600723/ERR1600723-filtered-reads-fasta/ERR1600723-merged.fasta
ERR1600614-merged.fasta,/tigress/DONIA/data/T2D_Acarbose/QIDONG/WTPD/W047/visit-01/ERR1600614/ERR1600614-filtered-reads-fasta/ERR1600614-merged.fasta
ERR1600724-merged.fasta,/tigress/DONIA/data/T2D_Acarbose/QIDONG/WTPD/W047/visit-02/ERR1600724/ERR1600724-filtered-reads-fasta/ERR1600724-merged.fasta
ERR1600615-merged.fasta,/tigress/DONIA/data/T2D_Acarbose/QIDONG/WTPD/W048/visit-01/ERR1600615/ERR1600615-filtered-reads-fasta/ERR1600615-merged.fasta
ERR1600725-merged.fasta,/tigress/DONIA/data/T2D_Acarbose/QIDONG/WTPD/W048/visit-02/ERR1600725/ERR1600725-filtered-reads-fasta/ERR1600725-merged.fasta
ERR1600616-merged.fasta,/tigress/DONIA/data/T2D_Acarbose/QIDONG/WTPD/W049/visit-01/ERR1600616/ERR1600616-filtered-reads-fasta/ERR1600616-merged.fasta
ERR1600726-merged.fasta,/tigress/DONIA/data/T2D_Acarbose/QIDONG/WTPD/W049/visit-02/ERR1600726/ERR1600726-filtered-reads-fasta/ERR1600726-merged.fasta
ERR1600617-merged.fasta,/tigress/DONIA/data/T2D_Acarbose/QIDONG/WTPD/W050/visit-01/ERR1600617/ERR1600617-filtered-reads-fasta/ERR1600617-merged.fasta
ERR1600727-merged.fasta,/tigress/DONIA/data/T2D_Acarbose/QIDONG/WTPD/W050/visit-02/ERR1600727/ERR1600727-filtered-reads-fasta/ERR1600727-merged.fasta
ERR1600618-merged.fasta,/tigress/DONIA/data/T2D_Acarbose/QIDONG/WTPD/W051/visit-01/ERR1600618/ERR1600618-filtered-reads-fasta/ERR1600618-merged.fasta
ERR1600728-merged.fasta,/tigress/DONIA/data/T2D_Acarbose/QIDONG/WTPD/W051/visit-02/ERR1600728/ERR1600728-filtered-reads-fasta/ERR1600728-merged.fasta
ERR1600619-merged.fasta,/tigress/DONIA/data/T2D_Acarbose/QIDONG/WTPD/W052/visit-01/ERR1600619/ERR1600619-filtered-reads-fasta/ERR1600619-merged.fasta
ERR1600729-merged.fasta,/tigress/DONIA/data/T2D_Acarbose/QIDONG/WTPD/W052/visit-02/ERR1600729/ERR1600729-filtered-reads-fasta/ERR1600729-merged.fasta
ERR1600620-merged.fasta,/tigress/DONIA/data/T2D_Acarbose/QIDONG/WTPD/W053/visit-01/ERR1600620/ERR1600620-filtered-reads-fasta/ERR1600620-merged.fasta
ERR1600730-merged.fasta,/tigress/DONIA/data/T2D_Acarbose/QIDONG/WTPD/W053/visit-02/ERR1600730/ERR1600730-filtered-reads-fasta/ERR1600730-merged.fasta
ERR1600621-merged.fasta,/tigress/DONIA/data/T2D_Acarbose/QIDONG/WTPD/W054/visit-01/ERR1600621/ERR1600621-filtered-reads-fasta/ERR1600621-merged.fasta
ERR1600731-merged.fasta,/tigress/DONIA/data/T2D_Acarbose/QIDONG/WTPD/W054/visit-02/ERR1600731/ERR1600731-filtered-reads-fasta/ERR1600731-merged.fasta
ERR1600622-merged.fasta,/tigress/DONIA/data/T2D_Acarbose/QIDONG/WTPD/W055/visit-01/ERR1600622/ERR1600622-filtered-reads-fasta/ERR1600622-merged.fasta
ERR1600732-merged.fasta,/tigress/DONIA/data/T2D_Acarbose/QIDONG/WTPD/W055/visit-02/ERR1600732/ERR1600732-filtered-reads-fasta/ERR1600732-merged.fasta
ERR1600623-merged.fasta,/tigress/DONIA/data/T2D_Acarbose/QIDONG/WTPD/W057/visit-01/ERR1600623/ERR1600623-filtered-reads-fasta/ERR1600623-merged.fasta
ERR1600733-merged.fasta,/tigress/DONIA/data/T2D_Acarbose/QIDONG/WTPD/W057/visit-02/ERR1600733/ERR1600733-filtered-reads-fasta/ERR1600733-merged.fasta
ERR1600624-merged.fasta,/tigress/DONIA/data/T2D_Acarbose/QIDONG/WTPD/W058/visit-01/ERR1600624/ERR1600624-filtered-reads-fasta/ERR1600624-merged.fasta
ERR1600734-merged.fasta,/tigress/DONIA/data/T2D_Acarbose/QIDONG/WTPD/W058/visit-02/ERR1600734/ERR1600734-filtered-reads-fasta/ERR1600734-merged.fasta
ERR1600625-merged.fasta,/tigress/DONIA/data/T2D_Acarbose/QIDONG/WTPD/W059/visit-01/ERR1600625/ERR1600625-filtered-reads-fasta/ERR1600625-merged.fasta
ERR1600735-merged.fasta,/tigress/DONIA/data/T2D_Acarbose/QIDONG/WTPD/W059/visit-02/ERR1600735/ERR1600735-filtered-reads-fasta/ERR1600735-merged.fasta
ERR1600626-merged.fasta,/tigress/DONIA/data/T2D_Acarbose/QIDONG/WTPD/W060/visit-01/ERR1600626/ERR1600626-filtered-reads-fasta/ERR1600626-merged.fasta
ERR1600736-merged.fasta,/tigress/DONIA/data/T2D_Acarbose/QIDONG/WTPD/W060/visit-02/ERR1600736/ERR1600736-filtered-reads-fasta/ERR1600736-merged.fasta
ERR1600627-merged.fasta,/tigress/DONIA/data/T2D_Acarbose/QIDONG/WTPD/W061/visit-01/ERR1600627/ERR1600627-filtered-reads-fasta/ERR1600627-merged.fasta
ERR1600737-merged.fasta,/tigress/DONIA/data/T2D_Acarbose/QIDONG/WTPD/W061/visit-02/ERR1600737/ERR1600737-filtered-reads-fasta/ERR1600737-merged.fasta
ERR1600628-merged.fasta,/tigress/DONIA/data/T2D_Acarbose/QIDONG/WTPD/W062/visit-01/ERR1600628/ERR1600628-filtered-reads-fasta/ERR1600628-merged.fasta
ERR1600738-merged.fasta,/tigress/DONIA/data/T2D_Acarbose/QIDONG/WTPD/W062/visit-02/ERR1600738/ERR1600738-filtered-reads-fasta/ERR1600738-merged.fasta
ERR1600629-merged.fasta,/tigress/DONIA/data/T2D_Acarbose/QIDONG/WTPD/W063/visit-01/ERR1600629/ERR1600629-filtered-reads-fasta/ERR1600629-merged.fasta
ERR1600739-merged.fasta,/tigress/DONIA/data/T2D_Acarbose/QIDONG/WTPD/W063/visit-02/ERR1600739/ERR1600739-filtered-reads-fasta/ERR1600739-merged.fasta
ERR1600630-merged.fasta,/tigress/DONIA/data/T2D_Acarbose/QIDONG/WTPD/W064/visit-01/ERR1600630/ERR1600630-filtered-reads-fasta/ERR1600630-merged.fasta
ERR1600740-merged.fasta,/tigress/DONIA/data/T2D_Acarbose/QIDONG/WTPD/W064/visit-02/ERR1600740/ERR1600740-filtered-reads-fasta/ERR1600740-merged.fasta
ERR1600631-merged.fasta,/tigress/DONIA/data/T2D_Acarbose/QIDONG/WTPD/W065/visit-01/ERR1600631/ERR1600631-filtered-reads-fasta/ERR1600631-merged.fasta
ERR1600741-merged.fasta,/tigress/DONIA/data/T2D_Acarbose/QIDONG/WTPD/W065/visit-02/ERR1600741/ERR1600741-filtered-reads-fasta/ERR1600741-merged.fasta
ERR1600632-merged.fasta,/tigress/DONIA/data/T2D_Acarbose/QIDONG/WTPD/W066/visit-01/ERR1600632/ERR1600632-filtered-reads-fasta/ERR1600632-merged.fasta
ERR1600742-merged.fasta,/tigress/DONIA/data/T2D_Acarbose/QIDONG/WTPD/W066/visit-02/ERR1600742/ERR1600742-filtered-reads-fasta/ERR1600742-merged.fasta
ERR1600633-merged.fasta,/tigress/DONIA/data/T2D_Acarbose/QIDONG/WTPD/W067/visit-01/ERR1600633/ERR1600633-filtered-reads-fasta/ERR1600633-merged.fasta
ERR1600743-merged.fasta,/tigress/DONIA/data/T2D_Acarbose/QIDONG/WTPD/W067/visit-02/ERR1600743/ERR1600743-filtered-reads-fasta/ERR1600743-merged.fasta
ERR1600634-merged.fasta,/tigress/DONIA/data/T2D_Acarbose/QIDONG/WTPD/W068/visit-01/ERR1600634/ERR1600634-filtered-reads-fasta/ERR1600634-merged.fasta
ERR1600744-merged.fasta,/tigress/DONIA/data/T2D_Acarbose/QIDONG/WTPD/W068/visit-02/ERR1600744/ERR1600744-filtered-reads-fasta/ERR1600744-merged.fasta
ERR1600635-merged.fasta,/tigress/DONIA/data/T2D_Acarbose/QIDONG/WTPD/W070/visit-01/ERR1600635/ERR1600635-filtered-reads-fasta/ERR1600635-merged.fasta
ERR1600745-merged.fasta,/tigress/DONIA/data/T2D_Acarbose/QIDONG/WTPD/W070/visit-02/ERR1600745/ERR1600745-filtered-reads-fasta/ERR1600745-merged.fasta
ERR1600636-merged.fasta,/tigress/DONIA/data/T2D_Acarbose/QIDONG/WTPD/W071/visit-01/ERR1600636/ERR1600636-filtered-reads-fasta/ERR1600636-merged.fasta
ERR1600746-merged.fasta,/tigress/DONIA/data/T2D_Acarbose/QIDONG/WTPD/W071/visit-02/ERR1600746/ERR1600746-filtered-reads-fasta/ERR1600746-merged.fasta
ERR1600637-merged.fasta,/tigress/DONIA/data/T2D_Acarbose/QIDONG/WTPD/W072/visit-01/ERR1600637/ERR1600637-filtered-reads-fasta/ERR1600637-merged.fasta
ERR1600747-merged.fasta,/tigress/DONIA/data/T2D_Acarbose/QIDONG/WTPD/W072/visit-02/ERR1600747/ERR1600747-filtered-reads-fasta/ERR1600747-merged.fasta
ERR1600638-merged.fasta,/tigress/DONIA/data/T2D_Acarbose/QIDONG/WTPD/W073/visit-01/ERR1600638/ERR1600638-filtered-reads-fasta/ERR1600638-merged.fasta
ERR1600748-merged.fasta,/tigress/DONIA/data/T2D_Acarbose/QIDONG/WTPD/W073/visit-02/ERR1600748/ERR1600748-filtered-reads-fasta/ERR1600748-merged.fasta
ERR1600639-merged.fasta,/tigress/DONIA/data/T2D_Acarbose/QIDONG/WTPD/W074/visit-01/ERR1600639/ERR1600639-filtered-reads-fasta/ERR1600639-merged.fasta
ERR1600749-merged.fasta,/tigress/DONIA/data/T2D_Acarbose/QIDONG/WTPD/W074/visit-02/ERR1600749/ERR1600749-filtered-reads-fasta/ERR1600749-merged.fasta
ERR1600640-merged.fasta,/tigress/DONIA/data/T2D_Acarbose/QIDONG/WTPD/W075/visit-01/ERR1600640/ERR1600640-filtered-reads-fasta/ERR1600640-merged.fasta
ERR1600750-merged.fasta,/tigress/DONIA/data/T2D_Acarbose/QIDONG/WTPD/W075/visit-02/ERR1600750/ERR1600750-filtered-reads-fasta/ERR1600750-merged.fasta
ERR1600641-merged.fasta,/tigress/DONIA/data/T2D_Acarbose/QIDONG/WTPD/W077/visit-01/ERR1600641/ERR1600641-filtered-reads-fasta/ERR1600641-merged.fasta
ERR1600751-merged.fasta,/tigress/DONIA/data/T2D_Acarbose/QIDONG/WTPD/W077/visit-02/ERR1600751/ERR1600751-filtered-reads-fasta/ERR1600751-merged.fasta
ERR1600642-merged.fasta,/tigress/DONIA/data/T2D_Acarbose/QIDONG/WTPD/W078/visit-01/ERR1600642/ERR1600642-filtered-reads-fasta/ERR1600642-merged.fasta
ERR1600752-merged.fasta,/tigress/DONIA/data/T2D_Acarbose/QIDONG/WTPD/W078/visit-02/ERR1600752/ERR1600752-filtered-reads-fasta/ERR1600752-merged.fasta
ERR1600643-merged.fasta,/tigress/DONIA/data/T2D_Acarbose/QIDONG/WTPD/W079/visit-01/ERR1600643/ERR1600643-filtered-reads-fasta/ERR1600643-merged.fasta
ERR1600753-merged.fasta,/tigress/DONIA/data/T2D_Acarbose/QIDONG/WTPD/W079/visit-02/ERR1600753/ERR1600753-filtered-reads-fasta/ERR1600753-merged.fasta
ERR1600644-merged.fasta,/tigress/DONIA/data/T2D_Acarbose/QIDONG/WTPD/W080/visit-01/ERR1600644/ERR1600644-filtered-reads-fasta/ERR1600644-merged.fasta
ERR1600754-merged.fasta,/tigress/DONIA/data/T2D_Acarbose/QIDONG/WTPD/W080/visit-02/ERR1600754/ERR1600754-filtered-reads-fasta/ERR1600754-merged.fasta
ERR1600645-merged.fasta,/tigress/DONIA/data/T2D_Acarbose/QIDONG/WTPD/W081/visit-01/ERR1600645/ERR1600645-filtered-reads-fasta/ERR1600645-merged.fasta
ERR1600755-merged.fasta,/tigress/DONIA/data/T2D_Acarbose/QIDONG/WTPD/W081/visit-02/ERR1600755/ERR1600755-filtered-reads-fasta/ERR1600755-merged.fasta
ERR1600646-merged.fasta,/tigress/DONIA/data/T2D_Acarbose/QIDONG/WTPD/W083/visit-01/ERR1600646/ERR1600646-filtered-reads-fasta/ERR1600646-merged.fasta
ERR1600756-merged.fasta,/tigress/DONIA/data/T2D_Acarbose/QIDONG/WTPD/W083/visit-02/ERR1600756/ERR1600756-filtered-reads-fasta/ERR1600756-merged.fasta
ERR1600537-merged.fasta,/tigress/DONIA/data/T2D_Acarbose/QIDONG/AC_USC/U001/visit-01/ERR1600537/ERR1600537-filtered-reads-fasta/ERR1600537-merged.fasta
ERR1600647-merged.fasta,/tigress/DONIA/data/T2D_Acarbose/QIDONG/AC_USC/U001/visit-02/ERR1600647/ERR1600647-filtered-reads-fasta/ERR1600647-merged.fasta
ERR1600538-merged.fasta,/tigress/DONIA/data/T2D_Acarbose/QIDONG/AC_USC/U002/visit-01/ERR1600538/ERR1600538-filtered-reads-fasta/ERR1600538-merged.fasta
ERR1600648-merged.fasta,/tigress/DONIA/data/T2D_Acarbose/QIDONG/AC_USC/U002/visit-02/ERR1600648/ERR1600648-filtered-reads-fasta/ERR1600648-merged.fasta
ERR1600539-merged.fasta,/tigress/DONIA/data/T2D_Acarbose/QIDONG/AC_USC/U003/visit-01/ERR1600539/ERR1600539-filtered-reads-fasta/ERR1600539-merged.fasta
ERR1600649-merged.fasta,/tigress/DONIA/data/T2D_Acarbose/QIDONG/AC_USC/U003/visit-02/ERR1600649/ERR1600649-filtered-reads-fasta/ERR1600649-merged.fasta
ERR1600540-merged.fasta,/tigress/DONIA/data/T2D_Acarbose/QIDONG/AC_USC/U004/visit-01/ERR1600540/ERR1600540-filtered-reads-fasta/ERR1600540-merged.fasta
ERR1600650-merged.fasta,/tigress/DONIA/data/T2D_Acarbose/QIDONG/AC_USC/U004/visit-02/ERR1600650/ERR1600650-filtered-reads-fasta/ERR1600650-merged.fasta
ERR1600541-merged.fasta,/tigress/DONIA/data/T2D_Acarbose/QIDONG/AC_USC/U005/visit-01/ERR1600541/ERR1600541-filtered-reads-fasta/ERR1600541-merged.fasta
ERR1600651-merged.fasta,/tigress/DONIA/data/T2D_Acarbose/QIDONG/AC_USC/U005/visit-02/ERR1600651/ERR1600651-filtered-reads-fasta/ERR1600651-merged.fasta
ERR1600542-merged.fasta,/tigress/DONIA/data/T2D_Acarbose/QIDONG/AC_USC/U007/visit-01/ERR1600542/ERR1600542-filtered-reads-fasta/ERR1600542-merged.fasta
ERR1600652-merged.fasta,/tigress/DONIA/data/T2D_Acarbose/QIDONG/AC_USC/U007/visit-02/ERR1600652/ERR1600652-filtered-reads-fasta/ERR1600652-merged.fasta
ERR1600543-merged.fasta,/tigress/DONIA/data/T2D_Acarbose/QIDONG/AC_USC/U008/visit-01/ERR1600543/ERR1600543-filtered-reads-fasta/ERR1600543-merged.fasta
ERR1600653-merged.fasta,/tigress/DONIA/data/T2D_Acarbose/QIDONG/AC_USC/U008/visit-02/ERR1600653/ERR1600653-filtered-reads-fasta/ERR1600653-merged.fasta
ERR1600544-merged.fasta,/tigress/DONIA/data/T2D_Acarbose/QIDONG/AC_USC/U009/visit-01/ERR1600544/ERR1600544-filtered-reads-fasta/ERR1600544-merged.fasta
ERR1600654-merged.fasta,/tigress/DONIA/data/T2D_Acarbose/QIDONG/AC_USC/U009/visit-02/ERR1600654/ERR1600654-filtered-reads-fasta/ERR1600654-merged.fasta
ERR1600545-merged.fasta,/tigress/DONIA/data/T2D_Acarbose/QIDONG/AC_USC/U010/visit-01/ERR1600545/ERR1600545-filtered-reads-fasta/ERR1600545-merged.fasta
ERR1600655-merged.fasta,/tigress/DONIA/data/T2D_Acarbose/QIDONG/AC_USC/U010/visit-02/ERR1600655/ERR1600655-filtered-reads-fasta/ERR1600655-merged.fasta
ERR1600546-merged.fasta,/tigress/DONIA/data/T2D_Acarbose/QIDONG/AC_USC/U011/visit-01/ERR1600546/ERR1600546-filtered-reads-fasta/ERR1600546-merged.fasta
ERR1600656-merged.fasta,/tigress/DONIA/data/T2D_Acarbose/QIDONG/AC_USC/U011/visit-02/ERR1600656/ERR1600656-filtered-reads-fasta/ERR1600656-merged.fasta
ERR1600547-merged.fasta,/tigress/DONIA/data/T2D_Acarbose/QIDONG/AC_USC/U012/visit-01/ERR1600547/ERR1600547-filtered-reads-fasta/ERR1600547-merged.fasta
ERR1600657-merged.fasta,/tigress/DONIA/data/T2D_Acarbose/QIDONG/AC_USC/U012/visit-02/ERR1600657/ERR1600657-filtered-reads-fasta/ERR1600657-merged.fasta
ERR1600548-merged.fasta,/tigress/DONIA/data/T2D_Acarbose/QIDONG/AC_USC/U013/visit-01/ERR1600548/ERR1600548-filtered-reads-fasta/ERR1600548-merged.fasta
ERR1600658-merged.fasta,/tigress/DONIA/data/T2D_Acarbose/QIDONG/AC_USC/U013/visit-02/ERR1600658/ERR1600658-filtered-reads-fasta/ERR1600658-merged.fasta
ERR1600549-merged.fasta,/tigress/DONIA/data/T2D_Acarbose/QIDONG/AC_USC/U014/visit-01/ERR1600549/ERR1600549-filtered-reads-fasta/ERR1600549-merged.fasta
ERR1600659-merged.fasta,/tigress/DONIA/data/T2D_Acarbose/QIDONG/AC_USC/U014/visit-02/ERR1600659/ERR1600659-filtered-reads-fasta/ERR1600659-merged.fasta
ERR1600550-merged.fasta,/tigress/DONIA/data/T2D_Acarbose/QIDONG/AC_USC/U015/visit-01/ERR1600550/ERR1600550-filtered-reads-fasta/ERR1600550-merged.fasta
ERR1600660-merged.fasta,/tigress/DONIA/data/T2D_Acarbose/QIDONG/AC_USC/U015/visit-02/ERR1600660/ERR1600660-filtered-reads-fasta/ERR1600660-merged.fasta
ERR1600551-merged.fasta,/tigress/DONIA/data/T2D_Acarbose/QIDONG/AC_USC/U016/visit-01/ERR1600551/ERR1600551-filtered-reads-fasta/ERR1600551-merged.fasta
ERR1600661-merged.fasta,/tigress/DONIA/data/T2D_Acarbose/QIDONG/AC_USC/U016/visit-02/ERR1600661/ERR1600661-filtered-reads-fasta/ERR1600661-merged.fasta
ERR1600552-merged.fasta,/tigress/DONIA/data/T2D_Acarbose/QIDONG/AC_USC/U017/visit-01/ERR1600552/ERR1600552-filtered-reads-fasta/ERR1600552-merged.fasta
ERR1600662-merged.fasta,/tigress/DONIA/data/T2D_Acarbose/QIDONG/AC_USC/U017/visit-02/ERR1600662/ERR1600662-filtered-reads-fasta/ERR1600662-merged.fasta
ERR1600553-merged.fasta,/tigress/DONIA/data/T2D_Acarbose/QIDONG/AC_USC/U018/visit-01/ERR1600553/ERR1600553-filtered-reads-fasta/ERR1600553-merged.fasta
ERR1600663-merged.fasta,/tigress/DONIA/data/T2D_Acarbose/QIDONG/AC_USC/U018/visit-02/ERR1600663/ERR1600663-filtered-reads-fasta/ERR1600663-merged.fasta
ERR1600554-merged.fasta,/tigress/DONIA/data/T2D_Acarbose/QIDONG/AC_USC/U020/visit-01/ERR1600554/ERR1600554-filtered-reads-fasta/ERR1600554-merged.fasta
ERR1600664-merged.fasta,/tigress/DONIA/data/T2D_Acarbose/QIDONG/AC_USC/U020/visit-02/ERR1600664/ERR1600664-filtered-reads-fasta/ERR1600664-merged.fasta
ERR1600555-merged.fasta,/tigress/DONIA/data/T2D_Acarbose/QIDONG/AC_USC/U021/visit-01/ERR1600555/ERR1600555-filtered-reads-fasta/ERR1600555-merged.fasta
ERR1600665-merged.fasta,/tigress/DONIA/data/T2D_Acarbose/QIDONG/AC_USC/U021/visit-02/ERR1600665/ERR1600665-filtered-reads-fasta/ERR1600665-merged.fasta
ERR1600556-merged.fasta,/tigress/DONIA/data/T2D_Acarbose/QIDONG/AC_USC/U022/visit-01/ERR1600556/ERR1600556-filtered-reads-fasta/ERR1600556-merged.fasta
ERR1600666-merged.fasta,/tigress/DONIA/data/T2D_Acarbose/QIDONG/AC_USC/U022/visit-02/ERR1600666/ERR1600666-filtered-reads-fasta/ERR1600666-merged.fasta
ERR1600557-merged.fasta,/tigress/DONIA/data/T2D_Acarbose/QIDONG/AC_USC/U023/visit-01/ERR1600557/ERR1600557-filtered-reads-fasta/ERR1600557-merged.fasta
ERR1600667-merged.fasta,/tigress/DONIA/data/T2D_Acarbose/QIDONG/AC_USC/U023/visit-02/ERR1600667/ERR1600667-filtered-reads-fasta/ERR1600667-merged.fasta
ERR1600558-merged.fasta,/tigress/DONIA/data/T2D_Acarbose/QIDONG/AC_USC/U024/visit-01/ERR1600558/ERR1600558-filtered-reads-fasta/ERR1600558-merged.fasta
ERR1600668-merged.fasta,/tigress/DONIA/data/T2D_Acarbose/QIDONG/AC_USC/U024/visit-02/ERR1600668/ERR1600668-filtered-reads-fasta/ERR1600668-merged.fasta
ERR1600559-merged.fasta,/tigress/DONIA/data/T2D_Acarbose/QIDONG/AC_USC/U026/visit-01/ERR1600559/ERR1600559-filtered-reads-fasta/ERR1600559-merged.fasta
ERR1600669-merged.fasta,/tigress/DONIA/data/T2D_Acarbose/QIDONG/AC_USC/U026/visit-02/ERR1600669/ERR1600669-filtered-reads-fasta/ERR1600669-merged.fasta
ERR1600560-merged.fasta,/tigress/DONIA/data/T2D_Acarbose/QIDONG/AC_USC/U027/visit-01/ERR1600560/ERR1600560-filtered-reads-fasta/ERR1600560-merged.fasta
ERR1600670-merged.fasta,/tigress/DONIA/data/T2D_Acarbose/QIDONG/AC_USC/U027/visit-02/ERR1600670/ERR1600670-filtered-reads-fasta/ERR1600670-merged.fasta
ERR1600561-merged.fasta,/tigress/DONIA/data/T2D_Acarbose/QIDONG/AC_USC/U028/visit-01/ERR1600561/ERR1600561-filtered-reads-fasta/ERR1600561-merged.fasta
ERR1600671-merged.fasta,/tigress/DONIA/data/T2D_Acarbose/QIDONG/AC_USC/U028/visit-02/ERR1600671/ERR1600671-filtered-reads-fasta/ERR1600671-merged.fasta
ERR1600562-merged.fasta,/tigress/DONIA/data/T2D_Acarbose/QIDONG/AC_USC/U030/visit-01/ERR1600562/ERR1600562-filtered-reads-fasta/ERR1600562-merged.fasta
ERR1600672-merged.fasta,/tigress/DONIA/data/T2D_Acarbose/QIDONG/AC_USC/U030/visit-02/ERR1600672/ERR1600672-filtered-reads-fasta/ERR1600672-merged.fasta
ERR1600563-merged.fasta,/tigress/DONIA/data/T2D_Acarbose/QIDONG/AC_USC/U031/visit-01/ERR1600563/ERR1600563-filtered-reads-fasta/ERR1600563-merged.fasta
ERR1600673-merged.fasta,/tigress/DONIA/data/T2D_Acarbose/QIDONG/AC_USC/U031/visit-02/ERR1600673/ERR1600673-filtered-reads-fasta/ERR1600673-merged.fasta
ERR1600564-merged.fasta,/tigress/DONIA/data/T2D_Acarbose/QIDONG/AC_USC/U032/visit-01/ERR1600564/ERR1600564-filtered-reads-fasta/ERR1600564-merged.fasta
ERR1600674-merged.fasta,/tigress/DONIA/data/T2D_Acarbose/QIDONG/AC_USC/U032/visit-02/ERR1600674/ERR1600674-filtered-reads-fasta/ERR1600674-merged.fasta
ERR1600565-merged.fasta,/tigress/DONIA/data/T2D_Acarbose/QIDONG/AC_USC/U033/visit-01/ERR1600565/ERR1600565-filtered-reads-fasta/ERR1600565-merged.fasta
ERR1600675-merged.fasta,/tigress/DONIA/data/T2D_Acarbose/QIDONG/AC_USC/U033/visit-02/ERR1600675/ERR1600675-filtered-reads-fasta/ERR1600675-merged.fasta
ERR1600566-merged.fasta,/tigress/DONIA/data/T2D_Acarbose/QIDONG/AC_USC/U035/visit-01/ERR1600566/ERR1600566-filtered-reads-fasta/ERR1600566-merged.fasta
ERR1600676-merged.fasta,/tigress/DONIA/data/T2D_Acarbose/QIDONG/AC_USC/U035/visit-02/ERR1600676/ERR1600676-filtered-reads-fasta/ERR1600676-merged.fasta
ERR1600567-merged.fasta,/tigress/DONIA/data/T2D_Acarbose/QIDONG/AC_USC/U036/visit-01/ERR1600567/ERR1600567-filtered-reads-fasta/ERR1600567-merged.fasta
ERR1600677-merged.fasta,/tigress/DONIA/data/T2D_Acarbose/QIDONG/AC_USC/U036/visit-02/ERR1600677/ERR1600677-filtered-reads-fasta/ERR1600677-merged.fasta
ERR1600568-merged.fasta,/tigress/DONIA/data/T2D_Acarbose/QIDONG/AC_USC/U037/visit-01/ERR1600568/ERR1600568-filtered-reads-fasta/ERR1600568-merged.fasta
ERR1600678-merged.fasta,/tigress/DONIA/data/T2D_Acarbose/QIDONG/AC_USC/U037/visit-02/ERR1600678/ERR1600678-filtered-reads-fasta/ERR1600678-merged.fasta
ERR1600569-merged.fasta,/tigress/DONIA/data/T2D_Acarbose/QIDONG/AC_USC/U038/visit-01/ERR1600569/ERR1600569-filtered-reads-fasta/ERR1600569-merged.fasta
ERR1600679-merged.fasta,/tigress/DONIA/data/T2D_Acarbose/QIDONG/AC_USC/U038/visit-02/ERR1600679/ERR1600679-filtered-reads-fasta/ERR1600679-merged.fasta
ERR1600570-merged.fasta,/tigress/DONIA/data/T2D_Acarbose/QIDONG/AC_USC/U040/visit-01/ERR1600570/ERR1600570-filtered-reads-fasta/ERR1600570-merged.fasta
ERR1600680-merged.fasta,/tigress/DONIA/data/T2D_Acarbose/QIDONG/AC_USC/U040/visit-02/ERR1600680/ERR1600680-filtered-reads-fasta/ERR1600680-merged.fasta
ERR1600571-merged.fasta,/tigress/DONIA/data/T2D_Acarbose/QIDONG/AC_USC/U041/visit-01/ERR1600571/ERR1600571-filtered-reads-fasta/ERR1600571-merged.fasta
ERR1600681-merged.fasta,/tigress/DONIA/data/T2D_Acarbose/QIDONG/AC_USC/U041/visit-02/ERR1600681/ERR1600681-filtered-reads-fasta/ERR1600681-merged.fasta
ERR1600572-merged.fasta,/tigress/DONIA/data/T2D_Acarbose/QIDONG/AC_USC/U042/visit-01/ERR1600572/ERR1600572-filtered-reads-fasta/ERR1600572-merged.fasta
ERR1600682-merged.fasta,/tigress/DONIA/data/T2D_Acarbose/QIDONG/AC_USC/U042/visit-02/ERR1600682/ERR1600682-filtered-reads-fasta/ERR1600682-merged.fasta
